id,y_pred
4900,20.732610499634006
4901,20.759689600707517
4902,20.650796472044206
4903,20.67894799735815
4904,20.674415257989146
4905,20.640387314803434
4906,20.70491253905014
4907,20.576248108319454
4908,20.391614788918446
4909,20.21316663767996
6480,138.57813086430974
6481,142.96890769915342
6482,146.2132969444905
6483,146.28339652148082
6484,141.4345315068722
6485,138.28151100556212
6486,136.58732445773458
6487,134.88134985820295
6488,133.57443348818617
6489,132.6138997255851
8020,11.490279823549884
8021,11.472695450899764
8022,11.516624987939295
8023,11.745994312491518
8024,11.980410293174174
8025,12.103664068012364
8026,12.15957345127866
8027,12.23886382500946
8028,12.27172605571193
8029,12.304403631839058
7470,99.6727576869799
7471,99.34098656057552
7472,99.14571466338882
7473,99.12485443963483
7474,99.18905274115383
7475,99.3928208487038
7476,99.30420765061078
7477,99.37410377261025
7478,99.32900707293294
7479,99.1679579242711
8360,31.67641414670227
8361,31.89031146636578
8362,32.05827861631386
8363,32.49816999856147
8364,32.770176834489156
8365,32.70850856232182
8366,32.75258598784454
8367,32.40899260928087
8368,32.25275652413334
8369,32.097238263894056
6460,53.96943102830165
6461,53.71011096507393
6462,53.45246303100142
6463,53.72127656467386
6464,53.9806399281636
6465,53.99298150155464
6466,53.81184186804201
6467,53.508486915014366
6468,53.381126778873394
6469,53.18208963078297
5850,13.62699923520924
5851,13.591976034798932
5852,13.60891666325925
5853,13.868183341470655
5854,14.18348272543254
5855,14.320440783377641
5856,14.360229990847891
5857,14.31971404574243
5858,14.269238169030459
5859,14.209536907088093
310,18.497528415355063
311,18.462783414283237
312,18.06956262371888
313,18.38573219259503
314,18.641626667825633
315,18.37700563803061
316,17.861010832101073
317,17.371948978731027
318,16.908808213426788
319,16.486728151757966
7720,5.134668315207662
7721,5.123091671196946
7722,5.277555645599534
7723,5.826316408929017
7724,6.275391994661447
7725,6.5314676217762155
7726,6.738876699924688
7727,6.843388318411257
7728,6.947983709304438
7729,7.072490116712842
1110,54.345877543417146
1111,54.34813153425121
1112,54.276797715458976
1113,54.32875382002313
1114,54.30963554652765
1115,54.254245070001254
1116,54.23125087502538
1117,54.26252811627717
1118,54.41768025981018
1119,54.51040770329685
1860,161.37884919668872
1861,157.86439430043134
1862,153.4850505878385
1863,154.84492236327833
1864,160.4567212321363
1865,163.99112737159857
1866,166.16672267430135
1867,168.1728664502778
1868,169.6652759708464
1869,170.80460577623376
7820,41.30638871868377
7821,41.612927352838554
7822,41.86694510915487
7823,42.09481940437743
7824,41.867503531349556
7825,41.48680101744233
7826,40.94587366737829
7827,40.602652754895715
7828,40.189932167720556
7829,39.85028915609617
7570,76.05919613868517
7571,75.33867340766092
7572,75.4986882889394
7573,76.22088645535214
7574,78.01934952010477
7575,78.97421169746156
7576,79.71211735593465
7577,80.03911013147177
7578,80.54446051847604
7579,80.79889556681962
8460,21.270731119694602
8461,21.516849469303118
8462,21.68746080061127
8463,22.162266282722314
8464,22.47719959921023
8465,22.596369995782027
8466,22.768769780465476
8467,22.91290731591738
8468,23.105122000890418
8469,23.321445300628454
8690,108.66322657313329
8691,106.91432530462593
8692,104.89051212836105
8693,106.92366542721098
8694,111.27136184321807
8695,114.38813998365728
8696,117.20968352180827
8697,119.8780923468859
8698,122.48191568532931
8699,124.82270450601324
8970,39.81387826589942
8971,39.92795977771696
8972,39.73817469430904
8973,39.214412593879686
8974,38.57383831094763
8975,37.918266579198274
8976,37.21565970375225
8977,36.33723088257708
8978,35.67839649198582
8979,35.066656556921814
4540,10.239277096535659
4541,10.242111178718616
4542,10.290353985986314
4543,10.484162111813589
4544,10.707614578162094
4545,10.804543992532643
4546,11.06491817009912
4547,10.822621692646564
4548,10.82892664527948
4549,10.834555197485571
6200,32.57928694461875
6201,35.17912993584785
6202,37.64007112654087
6203,40.656259375690716
6204,44.07667850515862
6205,47.71005440966097
6206,51.8369587095128
6207,55.71540944846816
6208,58.972447224536374
6209,61.09053717126557
8600,33.961830736013795
8601,34.85117385919545
8602,35.847895079297544
8603,35.72576303683207
8604,35.292287887674284
8605,35.318168814747594
8606,35.59023839058245
8607,35.80810173487336
8608,35.98515765688133
8609,35.93084804486647
120,113.14075323223733
121,113.06971187495404
122,111.20894346291082
123,112.56676907818097
124,114.1156805830135
125,115.08849761429624
126,115.95726949139716
127,116.68386621970336
128,117.09232526841001
129,117.45068559948578
9330,38.41608068655403
9331,38.67564264608167
9332,39.200979288542484
9333,41.32438431581108
9334,43.12400113964406
9335,43.506518557155715
9336,43.37613916287102
9337,42.997050441184285
9338,42.51741358352467
9339,42.02232406250414
3820,0.06638500899978794
3821,0.06424818991881409
3822,0.06361073764226433
3823,0.0645360432019686
3824,0.068188662438331
3825,0.07029630758370331
3826,0.0199910236407419
3827,0.06883166598291268
3828,0.07798447388147167
3829,0.0802431053977557
230,31.006174156905963
231,30.89342711774833
232,30.960661823934387
233,30.381805536437696
234,29.822810587048068
235,29.598788774677885
236,29.208370867498793
237,29.478940197408527
238,29.427818992246408
239,29.429007446700666
9240,33.94618685394319
9241,34.01069690666816
9242,34.02514463469419
9243,34.94003339437083
9244,35.8381210177196
9245,35.88585532869128
9246,35.61976843065385
9247,35.26662554058043
9248,34.94911460787516
9249,34.658346767424035
4760,63.200204152121344
4761,63.125893900584764
4762,62.998897911457334
4763,63.26379619224812
4764,63.596246059513234
4765,63.66322960138656
4766,63.462040144832706
4767,63.36599514179991
4768,63.1987180355488
4769,63.07280065872848
5680,34.09951516744707
5681,34.71444377063926
5682,34.46078816701909
5683,33.810200982342735
5684,32.51653438191781
5685,30.987525449047595
5686,29.6194629870025
5687,28.04634925310954
5688,27.08231816590859
5689,26.243860826579272
4790,56.93000841608127
4791,56.57260410918311
4792,56.70936436154619
4793,56.661812491140246
4794,57.23547036943608
4795,57.38923660352931
4796,57.17561934896284
4797,57.145083185863946
4798,57.127880997531626
4799,56.86937291635304
5980,26.261702581868782
5981,26.000690830094236
5982,25.84189635384044
5983,26.599245607881002
5984,27.671446448684122
5985,27.90876051783149
5986,27.761968194261122
5987,27.53535860848615
5988,27.314054881190955
5989,27.112715140235792
1490,65.91910367404496
1491,66.09396390572265
1492,66.14219361935669
1493,66.08325017113987
1494,65.6389380597436
1495,65.43269973780934
1496,65.27358801619786
1497,65.23315609975542
1498,65.20020198465794
1499,65.13528465027987
0,41.70116491800114
1,41.49084351122156
2,42.115256676387155
3,44.77626818687613
4,47.928289184984
5,50.08205511322648
6,51.5757086621051
7,53.84198562782343
8,55.464662936478774
9,56.9843771380741
9100,42.011238627127895
9101,40.20213337598298
9102,37.53452132811671
9103,36.12433339623361
9104,36.664132730907745
9105,37.27757515208265
9106,37.64762560799798
9107,37.85306050488336
9108,38.04819564293003
9109,38.132571316422556
670,139.99148701288004
671,139.94642350940688
672,139.92596920580368
673,140.33117518431177
674,140.62716454850687
675,140.75792424470285
676,140.91764378424142
677,140.67650985178744
678,140.69079986925578
679,140.6761440483479
5430,41.346125296876004
5431,42.097842041125254
5432,42.1376207090715
5433,41.39257782582853
5434,39.99987856707723
5435,38.56705085249017
5436,37.38853248584984
5437,36.03737255701915
5438,35.230567398877646
5439,34.45888957967026
1500,109.50357166939824
1501,111.82728385870378
1502,114.99596695222787
1503,116.58709480827437
1504,115.68745592070493
1505,115.83253698676151
1506,116.93011342307545
1507,118.20747495465443
1508,119.2244689187042
1509,120.24919744240276
330,30.663263143714744
331,30.8338199619162
332,31.056644545397326
333,31.065475222370175
334,30.94091851700103
335,30.83184700177675
336,30.968646120170376
337,30.799549492616272
338,30.811531919663572
339,30.797314202720415
7880,72.00954913932225
7881,71.23125408825463
7882,71.2839115420481
7883,72.04304221066928
7884,73.96112480126868
7885,74.95083481090916
7886,75.31679119305369
7887,75.64315610969814
7888,75.75284245930375
7889,75.78189016498882
8520,69.15154922719549
8521,70.66223564575577
8522,71.951182479948
8523,72.26390917711849
8524,70.8433538044759
8525,70.20502964886427
8526,70.20652003919119
8527,70.30790987104575
8528,70.46615345791601
8529,70.74313798175527
2780,192.3379611683432
2781,195.6894084505887
2782,197.89572455506607
2783,197.51191541002362
2784,192.717815905769
2785,190.3622372504017
2786,189.6081136875586
2787,189.46166386254032
2788,189.41757065886674
2789,189.78871370689308
4010,58.443988942418244
4011,58.21151943840345
4012,58.2496349463365
4013,59.03521771633807
4014,60.20046693631914
4015,60.71702170278028
4016,60.86815560409661
4017,60.90771325477248
4018,60.90418253479436
4019,60.85803839429738
5550,22.32361856991396
5551,22.33372963013838
5552,22.54899420722859
5553,23.892807235385618
5554,25.376215639701982
5555,25.665285323883566
5556,25.818508759663857
5557,25.730110303192774
5558,25.974203102440597
5559,26.133886884606326
4440,112.8066654422527
4441,114.75306332100256
4442,116.15093999067393
4443,115.1721827660831
4444,111.82846185810641
4445,110.2422436902481
4446,109.7043741216216
4447,109.29897466379576
4448,109.04053480658837
4449,108.94885394291586
1480,84.39665425742993
1481,84.3013220850045
1482,84.16656629582165
1483,84.04668062348671
1484,84.03549015887309
1485,84.04237589072224
1486,84.10079385339048
1487,83.97981616783392
1488,83.92856632652585
1489,83.95468993271425
4060,63.454069682711236
4061,63.012851219123036
4062,63.00028250097
4063,63.30181186707526
4064,64.17569503322278
4065,64.73232391664851
4066,64.9319781874803
4067,65.23303591033476
4068,65.38001729809
4069,65.48215800473844
590,71.71225076800731
591,71.65470034823406
592,71.59294117001559
593,71.53747901180401
594,71.39573497744173
595,71.38835369594527
596,71.22019198415212
597,71.19327050332247
598,71.1762680522629
599,71.1180562455373
2340,19.368074142361245
2341,19.26465051372088
2342,19.661628857617984
2343,20.986685039598903
2344,22.634062461784595
2345,23.676789017292634
2346,24.366725637863368
2347,25.254412440453606
2348,25.837001236337642
2349,26.30098617934913
4680,81.1995424602816
4681,81.61515758191098
4682,82.13939395962072
4683,83.12955753338642
4684,83.64583926038
4685,83.62181867319228
4686,83.32172990026226
4687,82.97869198400426
4688,82.60828329248193
4689,82.30101804608579
9290,191.7476836399722
9291,190.8103599290843
9292,190.88283185044705
9293,191.52273051356178
9294,193.18571654614072
9295,193.9895031789615
9296,194.17396433261376
9297,194.21860593044616
9298,194.3437605088938
9299,194.42860030811738
9870,9.375779023617397
9871,9.517776831712439
9872,9.601053924628474
9873,10.394796849689001
9874,11.071357785501377
9875,11.156331868119167
9876,11.164574643337104
9877,11.120542074519022
9878,11.16151363052208
9879,11.201520199555617
2160,81.7664503729254
2161,81.89059626741546
2162,82.12088565506421
2163,82.31307473160598
2164,82.52053733449533
2165,82.68583558484707
2166,82.56362152422331
2167,82.72802910601747
2168,82.55052487052077
2169,82.17448317872744
7830,30.679832138160712
7831,30.70372412599557
7832,30.710352553128686
7833,30.838671025996497
7834,31.01892832337562
7835,31.107841447019382
7836,31.106512352830734
7837,31.247217561701888
7838,31.370263029180386
7839,31.466257820694302
5230,62.78167333909826
5231,62.467829298608464
5232,62.213759590010234
5233,62.61989461093343
5234,63.58273326742966
5235,63.5832273548577
5236,63.03511701862638
5237,62.508833590416984
5238,61.78381077959608
5239,61.25530817775263
6040,51.42727821124761
6041,51.51924532754056
6042,52.37400862315363
6043,53.87163628432134
6044,55.475177987027394
6045,56.600578823907476
6046,57.703868699311
6047,58.65205576164526
6048,59.52497582378562
6049,60.28682262238044
6120,38.99479573891922
6121,39.452678780355605
6122,40.144433828399585
6123,41.77193284049501
6124,42.96984019072187
6125,43.06959104308235
6126,42.835341320598246
6127,42.43721312097395
6128,41.89215007233194
6129,41.36543464509157
9880,16.454576056536112
9881,16.815820147730847
9882,17.119163296290466
9883,17.52382939887267
9884,17.55829040056505
9885,17.595350566933817
9886,17.623569754226466
9887,17.849528447809377
9888,17.932778103168978
9889,18.047503404375604
4870,52.880811261116804
4871,53.931965920093816
4872,54.34348142010862
4873,51.93066253999123
4874,48.68573873148205
4875,46.581239802488994
4876,45.27246961561933
4877,43.90411276514866
4878,43.237800568495715
4879,42.58528904090339
7640,18.270333948326382
7641,18.30322923170307
7642,18.36402602936905
7643,18.554324712915523
7644,18.774423455489753
7645,18.83474901600917
7646,18.865340888648532
7647,18.922054843053395
7648,18.986945415874132
7649,19.024094281024254
6050,20.012744854143975
6051,20.33204384713835
6052,20.364461467812042
6053,20.689630153541394
6054,20.679799517323367
6055,20.16231692508466
6056,19.662690451874035
6057,19.06961974356222
6058,18.74867959245058
6059,18.4590238479176
5350,26.84249054269359
5351,26.301942688465147
5352,25.79067598548555
5353,26.473948595455617
5354,27.852945297996257
5355,28.337062176993513
5356,28.39272302648385
5357,28.36658306498805
5358,28.315838037348513
5359,28.217539242590163
5900,127.78209552357106
5901,126.51350442977073
5902,126.10655761122673
5903,127.18082315923266
5904,129.92093105353513
5905,131.5626078967454
5906,132.45103831560135
5907,133.0562537048655
5908,133.57168485071583
5909,133.8449715957105
3860,17.583096121194828
3861,17.67914717824395
3862,17.957964631671707
3863,18.614637573332544
3864,19.078754285107152
3865,19.228133146392913
3866,19.208128719310373
3867,19.131487969329356
3868,18.988329812554127
3869,18.868678511419702
9490,11.803710559249737
9491,11.989347694744723
9492,12.15133466622568
9493,12.422869741129219
9494,12.50366830548748
9495,12.304007264273125
9496,12.290839414256617
9497,11.930946108996217
9498,11.859247098763078
9499,11.780834272926015
2540,172.466552961505
2541,174.59841242887967
2542,177.25226096963598
2543,180.70197033014418
2544,181.96386701363357
2545,181.51732720601137
2546,180.66467925496227
2547,179.2798096195259
2548,177.6652572920218
2549,176.05439919845077
7730,30.131429180390498
7731,30.040580085836567
7732,29.911326620173988
7733,29.658506946939326
7734,29.57534696644774
7735,29.50079365003173
7736,29.374704498798707
7737,29.144885035644506
7738,28.918485368104143
7739,28.718181414856957
1190,61.91270574635679
1191,65.67184276099604
1192,66.90831639053476
1193,66.14600173189503
1194,61.49402014554222
1195,60.15099655288073
1196,60.87323793988995
1197,61.9077394296383
1198,62.62086455118114
1199,63.429726113022696
4550,52.99322004536437
4551,53.36812537948287
4552,53.96290994124414
4553,53.50353461543557
4554,53.04775868846539
4555,52.8058569958954
4556,52.42622460396761
4557,52.12692681326233
4558,51.69553625423353
4559,51.15554516043646
10,38.268837465846204
11,38.747049212801876
12,39.51361216760416
13,41.29553121050368
14,42.76250881295925
15,43.484940372348575
16,43.88296499007538
17,44.375344679723185
18,44.585089079992535
19,44.72829099552181
8040,24.734933955158873
8041,25.01259852391611
8042,25.570202699560753
8043,27.63228715272939
8044,29.590337441768206
8045,30.528580141325193
8046,31.126577571307557
8047,31.53627039274236
8048,31.740136904565816
8049,31.861680975209985
2170,36.121651382755495
2171,36.79057396160915
2172,36.93085438613194
2173,36.08316067365611
2174,34.741192334440285
2175,33.59625300815667
2176,32.731445344018624
2177,31.777437853213883
2178,31.225011153946177
2179,30.662351946200722
1000,41.41647154731679
1001,41.1607708547067
1002,40.90037568028518
1003,41.20984138786328
1004,41.82300965691978
1005,41.97440766970071
1006,41.82416301384911
1007,41.59429552574822
1008,41.3898300246976
1009,41.157030533455895
8660,101.77144207935129
8661,100.60925650747204
8662,100.78546031908648
8663,101.98495085388352
8664,104.96239578425286
8665,106.3761577319132
8666,106.82479784196077
8667,107.09813422108328
8668,107.31170596947338
8669,107.35970272320702
9340,87.19595431986964
9341,85.92778218000194
9342,85.98877499066747
9343,87.57988369279803
9344,90.77161758445936
9345,92.42176744873866
9346,93.08832640317785
9347,93.71165841292668
9348,94.10951178792669
9349,94.36276505115043
930,86.69241975495375
931,86.98403071008651
932,87.45738001550282
933,87.64110276012595
934,87.9000234832929
935,87.84081908013675
936,87.6651954194627
937,87.85337197641864
938,87.83085681670732
939,87.8000386781634
1020,51.36962220999862
1021,50.96007670460047
1022,51.28987973923962
1023,52.48313402299013
1024,54.46361985692852
1025,55.59260325677807
1026,56.207803373094976
1027,56.75121019253973
1028,57.09197046476389
1029,57.27455944335172
4070,18.010337175816474
4071,18.08921425205545
4072,18.162696533285
4073,18.154150399134572
4074,18.07647391139068
4075,17.932231793333877
4076,17.617047344262502
4077,17.396105954560113
4078,17.086649177742558
4079,16.81439406737745
7680,68.44712059849007
7681,67.4836586659791
7682,67.68556810968323
7683,68.89477708217177
7684,71.48977945492277
7685,72.95790296067916
7686,73.4104920507798
7687,73.63016393531706
7688,73.73213023379647
7689,73.58474371540807
8530,63.2084139914776
8531,65.0820798933367
8532,67.09150166951612
8533,67.94859527730733
8534,66.6231941860118
8535,66.40513168219145
8536,66.9820063581503
8537,67.85163963532653
8538,68.5623030268155
8539,69.32563361389063
8250,26.55562520767878
8251,25.984337807341966
8252,25.345662809226354
8253,25.7701469644758
8254,26.83904059220314
8255,27.085981318958716
8256,26.849844789885445
8257,26.54394803777908
8258,26.243566812742976
8259,25.962115027129457
320,63.76602867630797
321,63.78006213901325
322,63.68238299171404
323,63.80402700686284
324,63.80405090624414
325,63.785038684460986
326,63.71407933273262
327,63.57502875305681
328,63.38179105795765
329,63.12639567831095
3620,37.71267270057437
3621,37.54772539989385
3622,37.57850629008958
3623,37.63904275538252
3624,37.888619609076486
3625,38.028133646989
3626,38.045037883962564
3627,38.0926000050685
3628,38.09971322720299
3629,38.08872664584079
1360,288.1069496904117
1361,285.9856242765266
1362,283.47869756400456
1363,285.71658073414073
1364,291.04083080774376
1365,294.72365461557763
1366,298.22655253529496
1367,301.4927061028287
1368,304.9688474000838
1369,307.90579439822204
7960,67.84974596686422
7961,67.76799143124651
7962,67.69784962551523
7963,67.60010730231113
7964,67.78271736179508
7965,67.95812698970626
7966,68.0306717694556
7967,68.34049225573632
7968,68.41573558493472
7969,68.53159749118687
3930,96.38515300924942
3931,98.58477396170323
3932,99.70539185295284
3933,98.63254544545336
3934,94.60306898274992
3935,92.43676694438
3936,91.63197466055175
3937,90.96489443256058
3938,90.63954698393115
3939,90.59193238736637
9010,92.00850722309819
9011,93.16949323156076
9012,94.67635871240653
9013,95.18408479783099
9014,94.73983520853822
9015,94.24114541911985
9016,93.88498601677864
9017,93.33374525642789
9018,92.90882260620047
9019,92.42360277569742
7540,11.347131590550347
7541,11.404196937133577
7542,11.534845291909477
7543,11.835012953061124
7544,12.09605465488815
7545,12.161927119514644
7546,12.412405086252079
7547,12.222599895966539
7548,12.31292242524524
7549,12.386175863570685
640,191.26268024545095
641,193.0880658311292
642,195.86515070397624
643,195.84169950332387
644,193.85134581961248
645,193.30945714248156
646,193.99496997278686
647,194.93994042195766
648,196.10572867334614
649,197.42894892751082
6890,17.75444668585277
6891,18.08083819458117
6892,18.321576424346105
6893,19.552529358405863
6894,20.66932201557792
6895,21.19607785641182
6896,21.54730233030527
6897,21.76005932801391
6898,21.90800555271049
6899,21.95488355680215
9410,24.26647742897147
9411,24.388580167830398
9412,24.569384172343334
9413,24.939628281829023
9414,25.29433484948933
9415,25.50264549647055
9416,25.567768926222982
9417,25.809156857269983
9418,25.85992415685911
9419,25.86974567674399
5880,45.06107676588618
5881,45.021218825950086
5882,45.02884788103945
5883,45.16186103713436
5884,45.297761720558434
5885,45.43449288567458
5886,45.6489546221827
5887,45.325419952737676
5888,45.1971473053254
5889,45.07307225689105
6330,16.3592328199868
6331,16.370100297690357
6332,16.480588097270655
6333,16.511817816122402
6334,16.563560211887086
6335,16.62454989405633
6336,16.69344860172435
6337,16.637083451506946
6338,16.66331683549732
6339,16.663519056696273
1910,67.10575267045627
1911,66.96103983575523
1912,67.43081060037153
1913,67.96886094756819
1914,69.02172925367401
1915,70.15106612781629
1916,71.40713330035544
1917,72.76432944144362
1918,74.0713962680031
1919,75.210593713881
4100,86.64772889194172
4101,84.75956298126522
4102,81.88400300675539
4103,81.62579554418136
4104,83.78452017108319
4105,85.30940257227172
4106,86.22460957457727
4107,87.29698629628292
4108,88.09071940935199
4109,88.62040681181779
9760,14.335175863235946
9761,14.280550260926347
9762,14.961002158593061
9763,14.857309262746249
9764,14.918487947660907
9765,15.633182479891602
9766,16.585573805860747
9767,17.567058877050087
9768,18.374504317449293
9769,19.068583122981472
3470,23.680063158820552
3471,23.65936341837878
3472,24.003125725531483
3473,24.97222689812915
3474,26.093283616355926
3475,26.872462836699576
3476,27.486747692738405
3477,28.2563550993803
3478,28.839620965241586
3479,29.350938877583545
9550,14.685124087302356
9551,14.445914124254557
9552,14.504050800006851
9553,15.454205983678705
9554,16.747242098553208
9555,17.474703897007814
9556,17.92409747129451
9557,18.18923369678457
9558,18.349333397274897
9559,18.453154293871613
5240,28.993373334242854
5241,28.90494236390419
5242,28.99870816247595
5243,30.662626431513182
5244,32.30431304213253
5245,32.80645659515766
5246,32.774359028985586
5247,32.67550568593641
5248,32.40641369829335
5249,32.16268101308871
5730,147.55819623263017
5731,149.586412134263
5732,151.32520394237076
5733,151.51182015674632
5734,149.26463097614808
5735,148.17243239599284
5736,147.99421279756075
5737,147.9750482811102
5738,147.97822302944087
5739,148.25008426557258
6540,43.24666336411995
6541,43.25477269267669
6542,43.32022141160259
6543,43.43410385625972
6544,43.431608974880994
6545,43.43715215899416
6546,43.267672468300205
6547,43.24671475925095
6548,43.24020679612437
6549,43.16858281434156
9060,27.716200237288533
9061,27.47570392258939
9062,27.48942928766668
9063,27.76778798250843
9064,28.376899162129988
9065,28.609881511891786
9066,28.61768578552273
9067,28.640330231269672
9068,28.63762660411667
9069,28.624870469090467
5560,63.112744339144434
5561,63.82355389284962
5562,64.74764424711726
5563,65.81592283837331
5564,66.1007616446135
5565,65.12122682984014
5566,63.753149470968985
5567,62.14514420662037
5568,60.77545714862284
5569,59.45971389319822
9370,58.12529450766799
9371,58.03604143809359
9372,58.24730787820581
9373,58.62820684242108
9374,59.012018758398405
9375,59.293162810929836
9376,59.62888918970905
9377,59.59627390553312
9378,59.804448635165905
9379,59.966471324008
7070,26.980355290673558
7071,27.415308090571052
7072,27.34357273596826
7073,26.49222381922643
7074,25.239061321386778
7075,24.185796598784833
7076,23.380245916049034
7077,22.493412244918133
7078,22.015253105616267
7079,21.573091223044884
7530,21.168001520218894
7531,21.343804516243566
7532,21.56693874996499
7533,22.29427857724494
7534,22.940704814315268
7535,23.350434033791252
7536,23.66674775921534
7537,23.915459469329278
7538,24.110216408433935
7539,24.29505504890922
8260,114.73444253871102
8261,114.6124639992836
8262,114.7629118305221
8263,114.94821574953667
8264,115.14372552276893
8265,115.12706344883354
8266,114.78048384001163
8267,114.72868489857737
8268,114.63776285418447
8269,114.59679094566773
1380,80.5478228065972
1381,80.66414850108325
1382,80.7090153132925
1383,80.77455108695064
1384,80.632059996671
1385,80.4974647991238
1386,80.50369897955089
1387,80.4838340530852
1388,80.57801562948677
1389,80.67139041587578
6620,105.8005050265304
6621,104.81578186334903
6622,103.59784593703472
6623,104.75281083884681
6624,106.79967446812387
6625,107.55917987971085
6626,107.70918368834025
6627,107.64439903354241
6628,107.79261676935926
6629,108.03144693970127
2290,155.21079654364087
2291,157.93646841514817
2292,161.70364369708363
2293,164.51071146317867
2294,164.87510787031934
2295,165.91745191917857
2296,167.73653366526437
2297,169.5845256859842
2298,170.95971704903172
2299,172.15546902822064
2050,74.19293989552118
2051,74.11085878382022
2052,74.09683256056782
2053,74.06585610667695
2054,73.79827768376296
2055,73.776728274986
2056,73.6644057792501
2057,73.63813750402524
2058,73.62067454816962
2059,73.55759547369698
5940,119.38093701663831
5941,119.53987440786128
5942,120.83021362865446
5943,122.76749220436623
5944,125.17313093934973
5945,127.0123662363768
5946,128.97457566689204
5947,131.04613541745906
5948,133.2353330506453
5949,135.17554532788873
7140,133.19231273445692
7141,136.74777707963167
7142,139.45828145319808
7143,139.71241589290125
7144,135.59773279123115
7145,133.64003736503383
7146,133.28005761282327
7147,133.3710885261708
7148,133.50172642434708
7149,133.94956721488825
4350,156.11912815338377
4351,155.35104916079092
4352,155.45343125446237
4353,156.83663816446935
4354,159.94501011396073
4355,162.47122016404893
4356,164.7347837181447
4357,166.5489949437209
4358,168.3417894553725
4359,169.74137627997038
510,35.56382562405341
511,35.81991613021906
512,35.9350852362365
513,36.08910146462887
514,35.928574256143804
515,35.68620700876812
516,35.49899370465232
517,35.266260626273294
518,35.08613785040115
519,34.98868147434601
2060,47.65130858016248
2061,47.606898578312595
2062,47.78351924169836
2063,48.12723282485388
2064,48.74326874363756
2065,49.058517047895535
2066,49.16906264358178
2067,49.42658213580424
2068,49.542499547060636
2069,49.59803309789869
4960,63.242461593726375
4961,63.43279563838637
4962,63.82311153281089
4963,64.00011477561588
4964,64.01759634941061
4965,63.94504016040204
4966,63.743378194962084
4967,63.747908407002335
4968,63.82412287502359
4969,63.89911129198084
4970,29.406985930764613
4971,29.178492853330155
4972,29.12014570048632
4973,29.59181102705667
4974,30.366912001649197
4975,30.540837214179405
4976,30.35303241695877
4977,30.102498149550897
4978,29.856510295076845
4979,29.628378094493037
1650,29.57736708215333
1651,29.566671372764368
1652,29.581287558476127
1653,30.013482632424015
1654,30.437224123083084
1655,30.65936927933337
1656,30.67356842043406
1657,30.792542960673956
1658,30.732300218586033
1659,30.705641823567916
6510,49.510080294925444
6511,49.6801392877538
6512,49.778258170655164
6513,49.314086950509164
6514,48.6411998545703
6515,48.30183502371166
6516,47.914770897649596
6517,47.71262496805627
6518,47.43815382076279
6519,47.241346297710635
5660,78.18874275014196
5661,78.22498706793776
5662,79.38811162671209
5663,81.00870833120409
5664,82.69734908606543
5665,83.64693274485174
5666,84.40416397300123
5667,85.05851554468595
5668,85.70858255721839
5669,86.22676416383764
9250,20.890965606008884
9251,20.792316229905275
9252,20.549486228101337
9253,20.01511190817199
9254,19.57855618231048
9255,19.439439283507923
9256,19.24312383119846
9257,19.362823625671986
9258,19.345343016289753
9259,19.285234213111828
8440,108.8616576086795
8441,110.79187884138264
8442,113.03989599191166
8443,114.59914368474455
8444,114.33096331047525
8445,114.27901393475358
8446,114.733286970006
8447,115.10793156999452
8448,115.46236899818845
8449,115.8195139022966
700,39.26899357770986
701,39.32228042397712
702,39.677691432532754
703,39.995402358860616
704,40.34781968569763
705,40.46965385953075
706,40.414373939269495
707,40.41046120196121
708,40.38059066687441
709,40.29427280890411
6740,20.133953196102837
6741,20.115141180989447
6742,20.379387202217906
6743,19.990153754513138
6744,19.51492430538311
6745,19.50243514189914
6746,19.652222318696175
6747,19.81140661441527
6748,20.02639908319992
6749,20.245836371121328
9270,27.43040722661798
9271,27.681593966451395
9272,28.279139123678853
9273,30.50172230967489
9274,32.63284959619001
9275,33.41534684871626
9276,34.094648908309225
9277,34.6577689034294
9278,35.35731716353858
9279,35.942908970868785
8870,5.109062717036309
8871,5.127681749749897
8872,5.147040114785
8873,5.177029794694789
8874,5.192022645287949
8875,5.173460491223295
8876,5.113084073781053
8877,5.1385293712305184
8878,5.14058998845222
8879,5.149688610962855
7210,48.34736158138132
7211,48.629910967417075
7212,48.827549749462634
7213,50.69453850057171
7214,52.32364552524546
7215,52.212360763292885
7216,51.31929059405032
7217,50.21734904379234
7218,49.00151754946474
7219,47.82051918201434
810,0.06638500899978794
811,0.06424818991881409
812,0.06361073764226433
813,0.0645360432019686
814,0.068188662438331
815,0.07029630758370331
816,0.0199910236407419
817,0.06883166598291268
818,0.07798447388147167
819,0.0802431053977557
3670,27.221137703155264
3671,26.8378078339272
3672,26.85995170998224
3673,27.36806631895479
3674,28.401675508482995
3675,28.877306790948886
3676,29.014855615046635
3677,29.229780917829103
3678,29.356998081057306
3679,29.44418475014406
5180,38.29685649961809
5181,38.23529673301558
5182,38.237562505993175
5183,38.453171424036114
5184,38.770088537204
5185,39.01749292115691
5186,39.28648388224394
5187,38.96948430186973
5188,38.84469704358838
5189,38.712650009414816
2400,172.90201227227575
2401,174.18778506568484
2402,175.59473873761118
2403,175.71652477847192
2404,174.38922937324853
2405,173.84410606683485
2406,173.5572825310296
2407,174.03439929689648
2408,174.26104584576478
2409,174.53605860240495
2000,83.03873426116196
2001,83.0830086603361
2002,83.86409330543509
2003,85.7373869834463
2004,87.63051035872348
2005,88.46738529623121
2006,89.03208177187803
2007,89.42652095139438
2008,89.80600004627128
2009,90.04513962131304
3870,16.1369252440606
3871,16.12852913143592
3872,16.322790151452516
3873,15.988030415616137
3874,15.726342330799213
3875,15.757028589101253
3876,15.910128209362057
3877,16.06606591173815
3878,16.276018408108605
3879,16.44060754297707
260,6.445338198369413
261,6.444689961769782
262,6.5177575160624315
263,6.674658758115754
264,6.871806401747861
265,6.9816304901142985
266,7.07602351356239
267,7.196278952936041
268,7.294928212035813
269,7.374589368572771
7080,60.55969438246807
7081,59.74221202365233
7082,58.35067559488146
7083,57.20772651654481
7084,56.9407677943414
7085,56.7174572658016
7086,56.4087098495964
7087,56.59948897364461
7088,56.78929898015173
7089,57.01777455489304
7180,144.3343534680737
7181,144.27698615375044
7182,144.64717945393352
7183,144.87176762202142
7184,145.10713949241222
7185,145.28203241198287
7186,145.00366029073825
7187,145.25259082870863
7188,145.34581797171194
7189,145.30190858006296
4030,82.46273869516568
4031,81.31884210559491
4032,79.71411608144848
4033,79.10069889828077
4034,80.05247540772788
4035,81.27351128639074
4036,82.59646030391802
4037,84.15567787373098
4038,85.58941195994146
4039,86.81163995214996
3340,35.03663185050111
3341,35.02733860612267
3342,35.17535510507477
3343,35.17825337069181
3344,35.272456204376816
3345,35.351784547240605
3346,35.18670163872761
3347,35.22897997100421
3348,35.16574157943519
3349,35.16306865665119
8830,28.180681548607772
8831,28.35777005857726
8832,28.536178205807587
8833,28.012692942834086
8834,27.329390512209734
8835,26.947329599892107
8836,26.889666748530324
8837,26.6490970365815
8838,26.718422873649935
8839,26.812612007925978
5360,55.80477900575066
5361,55.78676138803387
5362,55.783970299498485
5363,55.810053241683356
5364,55.879505594667535
5365,55.918189737262395
5366,55.82320942535376
5367,55.91762956900432
5368,55.87639548564789
5369,55.84794345593119
8780,14.832191458926943
8781,14.953576163690201
8782,15.157045152874872
8783,14.633821700242635
8784,14.012903923247862
8785,13.8816235914623
8786,13.916614101613526
8787,14.061677044083588
8788,14.207433555376511
8789,14.327587702499613
1550,22.338247179869867
1551,22.386888606740165
1552,22.37314423684417
1553,22.81608750153849
1554,23.259173994271663
1555,23.304915810950853
1556,23.21473065219937
1557,23.08906294823577
1558,22.992688964808885
1559,22.854258828329662
6270,46.49610396286869
6271,46.41642720552439
6272,46.603107925981504
6273,47.32788380231119
6274,48.18826611477469
6275,48.45300133015914
6276,48.47492242756888
6277,48.38013742917364
6278,48.31527022163217
6279,48.1860352450472
8610,109.42503934063629
8611,109.71809829397723
8612,109.69789762141679
8613,109.3370314864086
8614,108.63398315173731
8615,108.32904231288475
8616,108.16652380366281
8617,108.10408522886567
8618,108.04899815343211
8619,108.08652521969279
7600,121.84132385183496
7601,121.93364450369913
7602,121.8635077269093
7603,121.83258752681644
7604,121.81167741543888
7605,121.68040259442563
7606,121.67831125843985
7607,121.54366671554837
7608,121.36532872327842
7609,121.43179469222187
2210,94.2696731922242
2211,95.24323574115427
2212,96.75542464274378
2213,97.77480139123321
2214,98.4281799491165
2215,98.9056081711136
2216,99.39888075865014
2217,99.86335247955891
2218,100.20391144721886
2219,100.29349621331937
5800,108.89036080201392
5801,110.59487254640854
5802,113.02379266565043
5803,114.8857747144055
5804,115.1065877042702
5805,114.67870950644496
5806,114.30416055191387
5807,114.02495383857257
5808,113.66148398010341
5809,113.16544001581008
5380,27.492815008348614
5381,28.222607671454405
5382,28.884581991156836
5383,28.134535650241418
5384,26.644117991441398
5385,25.967732754134836
5386,25.65567056499639
5387,25.51254274541391
5388,25.370117249562043
5389,25.246518682214123
780,90.13336520007198
781,88.48667786376532
782,85.97824718408245
783,85.05777424738221
784,85.95418344674617
785,86.69941392470676
786,86.75954897604423
787,87.34509452244569
788,87.46382703343944
789,87.53886972854158
1290,36.95602980075574
1291,36.773687969516324
1292,36.872393226431406
1293,37.260964934147914
1294,38.02524421220601
1295,38.45933593370771
1296,38.679886272344916
1297,38.58967515897747
1298,38.563360462220274
1299,38.50568246845602
4480,112.69206770185403
4481,112.0763204134077
4482,111.50321627855095
4483,110.86224564120212
4484,110.76967519052977
4485,111.4931639986029
4486,112.15996828445421
4487,113.04590860101067
4488,113.7740327949958
4489,113.82937085421709
9890,93.9163850593417
9891,95.39059773567945
9892,97.10899706428734
9893,98.25633588064504
9894,97.99043428602889
9895,97.99511144311353
9896,98.39360237918439
9897,98.73331953427348
9898,99.05746024225132
9899,99.41908277412908
5250,84.59915413742863
5251,84.7645258138242
5252,85.49525283895437
5253,86.92977831561048
5254,88.64020149008084
5255,89.77715998809646
5256,90.79838543647296
5257,91.75316355193351
5258,92.67027148510716
5259,93.40701039244563
6100,198.68901810324053
6101,199.56777849446343
6102,200.34626419717102
6103,200.78005953262013
6104,200.27328516529954
6105,200.03014178164784
6106,200.1334009900363
6107,200.30923507406328
6108,200.40302778492975
6109,200.62708973819255
9110,187.11001333895248
9111,187.36104839795325
9112,189.3186638261892
9113,190.95821132179304
9114,192.39189086110167
9115,193.2612379840338
9116,193.9915842348969
9117,194.89459533465444
9118,195.7848427599862
9119,196.56056502522506
9770,105.63444211039152
9771,105.96058689618403
9772,105.49491751844437
9773,104.8852231389941
9774,103.76320244819397
9775,103.30974003624692
9776,103.10324135223604
9777,102.87247950045331
9778,102.52352155676442
9779,102.25376067362848
6520,57.3537859403644
6521,57.17700094836095
6522,56.820204548307856
6523,56.741541588395734
6524,56.96426821474813
6525,57.11032251844179
6526,57.197810423071076
6527,57.2177234815298
6528,57.17055029051407
6529,57.139040152681346
3220,244.81128994271546
3221,247.8084612910285
3222,251.39541114469114
3223,252.485833565507
3224,251.8337191597776
3225,252.38478949142893
3226,253.28055702357
3227,254.66795819686493
3228,255.84907515660512
3229,256.4497918197244
160,211.4106002119454
161,211.29880211365708
162,211.78599972147856
163,212.23552357976712
164,213.14122412087534
165,214.01838862723957
166,214.89723310215214
167,216.0394032114463
168,217.10418168238294
169,218.123319775398
2640,64.14668851651254
2641,65.4998352726768
2642,65.6700198365786
2643,64.42060726340536
2644,61.97456322154747
2645,59.32687598851852
2646,57.186849327216876
2647,54.709284255966104
2648,53.287069956649404
2649,51.92875756720419
5700,104.94141577844356
5701,102.92880818607469
5702,99.8393996026252
5703,100.50465856897912
5704,103.64157771660625
5705,105.13268812918446
5706,105.69719254322527
5707,106.06174839821904
5708,105.96401004057255
5709,105.66620925496917
5990,12.87341878562556
5991,12.715448391214196
5992,12.568719859163664
5993,13.169969714070561
5994,13.947196421537065
5995,14.100616146587925
5996,13.981319523970043
5997,13.784226855273161
5998,13.59540969838256
5999,13.4269292084443
9140,33.021960445959145
9141,32.972390579208394
9142,32.80129652033504
9143,33.80617134844952
9144,34.9397704002961
9145,35.32209286465946
9146,35.31229291834395
9147,35.405995971725176
9148,35.238087916683675
9149,35.059332384074246
2680,96.74288251074353
2681,97.37941009546239
2682,99.2028244789118
2683,101.18081852461833
2684,102.8121001778656
2685,104.60509326826985
2686,106.87079165986614
2687,109.45286083221923
2688,111.8540039131036
2689,114.040416705156
980,33.610654652073556
981,34.265190463784194
982,35.04642055076309
983,36.37503722645007
984,37.22831290201503
985,37.1907810234381
986,37.067003259884075
987,36.77002168355921
988,36.594069169375786
989,36.312516485028944
8080,218.51221323696916
8081,221.67923669690646
8082,223.49284272073592
8083,222.09878113273604
8084,216.36505203205425
8085,213.38803633829772
8086,212.22984282917088
8087,211.5904507594419
8088,211.31893285607504
8089,211.26584660258635
8370,38.25979291302715
8371,38.06231721921546
8372,37.83713986286317
8373,37.909386014021464
8374,38.226477057509825
8375,38.32011911988962
8376,38.22861540132849
8377,38.09766896716061
8378,38.00658311257707
8379,37.87552452932044
3310,22.371688879842424
3311,22.26320362469469
3312,22.003225990167138
3313,21.94581053443686
3314,21.998322613541646
3315,22.016129901902993
3316,21.866998613188336
3317,21.919369486983797
3318,21.826789959126017
3319,21.74891682153087
3940,41.86758358613143
3941,41.976586710766135
3942,42.03122084622608
3943,41.30440977708852
3944,40.58265193448865
3945,40.29233728881317
3946,40.095234398818036
3947,40.003067310075814
3948,39.84393571329828
3949,39.65064447373524
3080,112.49407334171688
3081,112.67562582070514
3082,113.89295480718872
3083,115.75268454449242
3084,117.60294589968467
3085,118.46402485973833
3086,119.30107149878975
3087,119.75859494594636
3088,120.30538540826619
3089,120.73093529551102
4980,78.4658586353903
4981,78.24020117121239
4982,78.64700240309706
4983,80.57445841636172
4984,83.06695364313046
4985,84.13910826537644
4986,84.50451042792835
4987,84.73708529064095
4988,84.71171040763132
4989,84.52663295417456
2220,63.45449720657243
2221,63.13551424383218
2222,63.187494977046526
2223,63.50583203734742
2224,64.16103080706148
2225,64.5543665038802
2226,64.80366069620769
2227,64.8303512621657
2228,64.8972541064374
2229,64.89965868548248
4720,143.06613779827
4721,141.9315431431621
4722,140.95054630535958
4723,143.3214302272133
4724,147.57539891796893
4725,151.1811566165061
4726,154.30301025503326
4727,157.5396553773609
4728,160.06396232048024
4729,162.16192299323728
6210,23.658194687415772
6211,23.777363515282914
6212,23.778968171189675
6213,24.014180390552696
6214,24.09979829628601
6215,23.97551790090526
6216,23.917280319036628
6217,23.572901677217857
6218,23.38289981628968
6219,23.241397893984036
7770,81.7942788165194
7771,81.70862987725644
7772,81.85612686853197
7773,84.65536559579449
7774,87.74406892907825
7775,89.62010307041398
7776,91.19842596695653
7777,92.61295646537137
7778,93.71602029879278
7779,94.58091619501283
3600,133.73563684255814
3601,132.58798773413437
3602,133.08719361224414
3603,134.3797110337718
3604,137.26894970247292
3605,138.68445895297077
3606,139.38741783801817
3607,139.80203694070792
3608,140.13660188754358
3609,140.23697962192517
8790,9.92532484271905
8791,9.92389628880386
8792,10.216154200574891
8793,10.745091857665614
8794,11.334325187127433
8795,11.739648603979859
8796,12.069724065607701
8797,12.49789148492588
8798,12.83050538798301
8799,13.122182237663338
1340,93.98639430543204
1341,94.52767088113802
1342,95.5383437078475
1343,95.25051175420887
1344,94.56864932420342
1345,94.46185740871115
1346,94.5869426068952
1347,94.83101383403996
1348,95.0938786540487
1349,95.34062447478817
8270,206.8292445696342
8271,205.72453495458686
8272,202.90569277976368
8273,201.48907912272878
8274,201.03949577367837
8275,200.8573272992999
8276,200.76143339906804
8277,200.58865167596025
8278,200.56668410634126
8279,200.38798008593352
3330,188.55241331189598
3331,187.8413246306061
3332,185.36436563078473
3333,185.26983318261068
3334,186.32744929313264
3335,188.0656732532184
3336,190.0828217275402
3337,192.3628656155279
3338,194.10360141442584
3339,195.70728518398292
6950,102.70872011840707
6951,103.04493507992274
6952,105.71182399333783
6953,108.00064188540448
6954,110.43165920275702
6955,112.8127280012194
6956,115.27046507220406
6957,117.96904085065745
6958,120.33570638819418
6959,122.31163455000922
6060,86.02804704518948
6061,89.21660258044056
6062,92.09410242914252
6063,93.54934733534273
6064,91.50034436969742
6065,90.34671671588833
6066,90.20678044356407
6067,90.15385350536425
6068,90.07498089312872
6069,90.10123422623285
6980,20.796356106757187
6981,21.097809993340476
6982,21.45604076383185
6983,21.885422547178237
6984,22.065747222735382
6985,22.149503556443406
6986,22.172289106024806
6987,22.427478573681
6988,22.492165413053065
6989,22.56758746308163
8990,40.4485633029644
8991,40.385956574276456
8992,40.41541800884502
8993,40.4104345087695
8994,40.432212899045794
8995,40.3887318602157
8996,40.09354497129309
8997,40.39167059172421
8998,40.33510732513661
8999,40.35346061960749
820,35.40385978152826
821,36.10436430071837
822,36.844471800572315
823,37.078279572926846
824,36.48506072517923
825,36.150777792616196
826,36.00738836865928
827,35.92854220459413
828,35.87062227303055
829,35.88309579875569
2970,164.41739085883597
2971,165.665435810497
2972,166.88221662403438
2973,166.07515148753836
2974,163.87627988865722
2975,162.4556954932271
2976,161.5522143312544
2977,160.57489261127793
2978,159.87099355551646
2979,159.211952950228
9690,8.022611602430999
9691,7.960002817080621
9692,8.016083812378241
9693,8.13025924569854
9694,8.32922403506474
9695,8.557342228853585
9696,8.603795377564992
9697,9.013791250367916
9698,9.207816475915479
9699,9.37543565764306
5100,60.53530435984909
5101,62.116515337776946
5102,63.67684133738802
5103,64.68882150173451
5104,63.719283006577896
5105,63.53666386047235
5106,64.1472119309724
5107,64.9083332145145
5108,65.61362715935779
5109,66.41201817590888
1770,53.9813994723512
1771,53.75235268758392
1772,53.84089685889674
1773,54.37957197957248
1774,55.17285843750017
1775,55.57818086260083
1776,55.62913198755291
1777,55.65031894807952
1778,55.505910629859635
1779,55.46193779210484
3000,53.487928299544706
3001,53.98473523446808
3002,53.91153491560638
3003,53.62437698742691
3004,52.70442554817803
3005,52.24937243002428
3006,52.07786089085575
3007,51.90524706565602
3008,51.721110571962825
3009,51.630797744169094
5570,69.70367239949206
5571,69.83932067569775
5572,69.81177323723331
5573,69.68064223370254
5574,69.27581024182048
5575,69.05157297115755
5576,68.78553744832087
5577,68.67775975556631
5578,68.6078483623408
5579,68.49767389052546
360,23.236693265510276
361,23.241811764416795
362,23.309701127579842
363,23.252693142506352
364,23.184093119561688
365,23.2395999652554
366,23.34874076773631
367,23.36721938273351
368,23.415577210701805
369,23.412475178381158
9500,100.21693258433707
9501,99.56136857771159
9502,100.58154605186313
9503,105.2762353122933
9504,111.23932646652413
9505,114.81968536738592
9506,117.49303657658744
9507,119.99802254204089
9508,121.9529995774881
9509,123.60448839663263
520,172.22798775272176
521,172.19363109868686
522,172.1874312728887
523,172.24905389279346
524,172.34500492251908
525,172.63608286347062
526,172.8330368993639
527,173.53170084875023
528,173.8815057758327
529,174.25324509780648
20,121.39409398570363
21,121.1640183504908
22,121.12853686971462
23,121.33531934718633
24,121.92026963257848
25,122.16388685253308
26,122.12237872138974
27,122.28405109960059
28,122.33349534482414
29,122.51397883767777
7400,50.507337947238
7401,51.60934263614055
7402,51.62387380948063
7403,48.65475495457933
7404,44.86855245044996
7405,42.37024890240545
7406,40.62299529834717
7407,38.74873913988766
7408,37.62618807333031
7409,36.5370001296666
5830,15.126280272532611
5831,15.060199526178437
5832,15.08173477820145
5833,15.109969508807538
5834,15.253747965585418
5835,15.485360907635815
5836,15.59089470539152
5837,15.943813089901361
5838,16.13679872101052
5839,16.286587760807407
8800,200.00328072112518
8801,204.33707292115633
8802,209.47510158373504
8803,212.1106574365979
8804,209.91296277376952
8805,210.45105598064254
8806,213.1942530882357
8807,216.4606119747332
8808,219.18877781017954
8809,221.75278112878874
3970,102.42022429853688
3971,102.2398799165731
3972,102.7285513590372
3973,102.96730725031976
3974,103.58333792725685
3975,103.98258746912367
3976,104.12652320048973
3977,104.31963741177081
3978,104.54325191062753
3979,104.7055822144211
270,218.70769209411532
271,218.71643205288842
272,219.36930088847302
273,221.1709333967101
274,222.82036007078256
275,223.0311885213865
276,222.80524598215777
277,222.16999018229086
278,221.56514373625703
279,220.92358254722006
6870,123.00589296278824
6871,123.85642258478035
6872,122.61672051822373
6873,121.76915666859264
6874,120.12012953448372
6875,119.02055616808671
6876,118.30593719636128
6877,117.52155695443355
6878,116.7831255348629
6879,116.12167086208001
240,15.007657557725636
241,14.996779871566474
242,15.255673181211847
243,15.333735054641068
244,15.498168572950817
245,15.742795326377802
246,15.990245991443452
247,16.346548612084284
248,16.63727253572265
249,16.88974106815415
8010,96.14387646826978
8011,93.7323005474755
8012,90.1775123906824
8013,89.24276015794112
8014,90.79906380314114
8015,91.46242451002352
8016,91.62888966891943
8017,91.79079172846892
8018,91.90094655624759
8019,91.8638874099134
2840,88.6266461245691
2841,90.01416120521749
2842,91.69329550943766
2843,91.9108097537584
2844,91.0114346364626
2845,90.67421111267727
2846,90.71275290930464
2847,90.58150469949022
2848,90.5436761128516
2849,90.40114216301883
5600,13.71131114018364
5601,13.573000549153264
5602,13.58050754314472
5603,13.865123210525212
5604,14.32702175317172
5605,14.46101142735273
5606,14.443875659805691
5607,14.433525479281037
5608,14.415426383232266
5609,14.395399553695697
380,104.70690473058994
381,105.20855976460918
382,106.05227880153589
383,105.91387816469476
384,105.49175640023634
385,105.2350095160778
386,104.85812656668685
387,104.7719079968237
388,104.70560335224943
389,104.57357044562792
5640,35.39386713581571
5641,35.237676568050844
5642,35.170433939626214
5643,35.34636835752937
5644,35.73928017520074
5645,35.990534339734765
5646,36.153686880274556
5647,36.31509779328889
5648,36.43889748346524
5649,36.53223913609786
9610,38.600445686469854
9611,38.687110572377435
9612,38.64053231623356
9613,38.42856539786048
9614,38.193935399978926
9615,38.056452934936395
9616,37.74921373781094
9617,37.519463115100045
9618,37.235811103090526
9619,36.99349544462333
7260,142.83279393590792
7261,143.05067955232647
7262,144.6364009037316
7263,144.24210742031408
7264,144.26445379471446
7265,145.3465566979913
7266,147.08611093790887
7267,148.83477006893438
7268,150.78414350894232
7269,152.41715905242353
2770,13.376552223969469
2771,13.578785849965087
2772,13.499948141672661
2773,13.300790349171507
2774,12.885982371908028
2775,12.335428734178038
2776,11.798395286607516
2777,11.213934610650604
2778,10.805859027782319
2779,10.439199535145043
6360,95.34651060923201
6361,93.95672107417215
6362,91.91897807551125
6363,92.52559801879963
6364,94.82969641103723
6365,96.3026628273411
6366,97.41607811855543
6367,98.56930817775842
6368,99.58089291738628
6369,100.4679704383529
1510,87.53374926519882
1511,87.33316992400898
1512,87.47878972980733
1513,87.63839809554047
1514,88.21661956650269
1515,88.60251098786341
1516,88.92931885125589
1517,88.94964846964798
1518,89.03103083518961
1519,89.02099464007331
1370,79.15755867502618
1371,79.33362552835365
1372,79.98967693597025
1373,79.47295345728745
1374,78.96224305178073
1375,78.78157329160348
1376,78.54942998416996
1377,78.59907798477994
1378,78.69822523961398
1379,78.7407035566986
7240,95.61961560090596
7241,96.62176084781676
7242,97.56176430536306
7243,98.68918586020109
7244,98.80055011905765
7245,98.27737333105364
7246,97.72229080176774
7247,97.05831161295617
7248,96.48873639489474
7249,95.94668873179654
9970,25.683481816862233
9971,25.739367590002807
9972,25.77628720850693
9973,26.498870032276173
9974,27.11942983741092
9975,27.191397302485875
9976,26.91910512729651
9977,26.610982306652232
9978,26.122111801071696
9979,25.630780232052658
5450,25.664903161615534
5451,26.203422006533657
5452,27.089004546746942
5453,27.391957020239083
5454,27.359734700215185
5455,27.39717668120916
5456,27.813559767830625
5457,28.282252358285277
5458,28.934301540166956
5459,29.459412123251866
7410,86.1816035215541
7411,89.58857618646957
7412,91.92866873040953
7413,91.06163317915046
7414,85.9680860616551
7415,83.55019084720439
7416,82.84535407241171
7417,82.63509160940872
7418,82.5449564573716
7419,82.79242916995324
6650,115.38139238727872
6651,115.95074663732345
6652,117.75028992184565
6653,118.8246166100314
6654,119.04464551523574
6655,119.49574539979335
6656,120.27944107986013
6657,121.19272548556069
6658,122.13330786348561
6659,123.08789949077655
1030,0.06638500899978794
1031,0.06424818991881409
1032,0.06361073764226433
1033,0.0645360432019686
1034,0.068188662438331
1035,0.07029630758370331
1036,0.0199910236407419
1037,0.06883166598291268
1038,0.07798447388147167
1039,0.0802431053977557
3740,80.94024139793268
3741,84.4549550981077
3742,87.20659576458833
3743,87.44986166229731
3744,87.35918382891441
3745,89.00651086183885
3746,91.95799963241421
3747,94.63120067732373
3748,97.32747395724539
3749,98.88543286341067
4210,44.76857576432673
4211,44.61911459436814
4212,44.667659187489946
4213,44.731586349880324
4214,45.07753288829597
4215,45.24246541275201
4216,45.43302744886762
4217,45.34568007602604
4218,45.38369721450246
4219,45.38965808311743
7150,17.54052920889754
7151,17.549464803502424
7152,17.54845282698362
7153,17.31785157802714
7154,17.082970375892266
7155,16.962194189767196
7156,16.888508502015817
7157,16.718083478977306
7158,16.629062976147907
7159,16.555389255627816
1780,157.75223975925832
1781,156.27911075263177
1782,153.0188381971913
1783,152.21849213906575
1784,153.03699379790385
1785,152.8734097383442
1786,152.31185921323961
1787,151.27119598730178
1788,151.20455295785928
1789,151.21543115637184
7310,162.36798689958005
7311,162.3248324173968
7312,163.62272435161682
7313,164.7126783744446
7314,166.15164441436448
7315,167.06563784428585
7316,167.69162246763898
7317,168.2020798260109
7318,168.67576628136118
7319,169.01028818824818
1070,159.29809800872044
1071,156.07783211283257
1072,156.09946673085284
1073,159.42939732916946
1074,167.0865557781805
1075,171.21954297393512
1076,173.21505647129538
1077,174.6412791466754
1078,175.57211533016778
1079,176.0002853372319
40,15.33805396624875
41,15.37534980729734
42,15.29553326471256
43,15.506605778478232
44,15.587029948696205
45,15.329098710952366
46,14.82133748661736
47,14.587988920646012
48,14.289428220393006
49,14.048704510300809
8980,142.5689354609413
8981,142.1299877081762
8982,140.5358582570069
8983,139.7398255621817
8984,139.21809071189725
8985,138.6888869755377
8986,138.26176835089797
8987,137.84420954713318
8988,137.49608672731856
8989,137.26190253871823
7010,34.71337465034977
7011,35.42502514014274
7012,35.206706977968054
7013,34.979844951114536
7014,34.039867896164566
7015,32.4565865210276
7016,30.819678549686365
7017,28.85045964323963
7018,27.43224051409087
7019,26.147276647348065
7270,86.46934859059553
7271,87.57769607304064
7272,88.57165582807389
7273,88.58803886623026
7274,87.17185382627136
7275,86.37017478784443
7276,85.91074680266634
7277,85.44691330201874
7278,85.2733254206058
7279,85.05475358397777
1440,43.175431405631464
1441,43.160300164801626
1442,44.33748572335247
1443,46.18571070559798
1444,48.25112020730207
1445,49.8829895047675
1446,51.34031535925659
1447,52.85094400310219
1448,53.91782014137767
1449,54.81916491213949
860,8.354346477346681
861,8.291236593541186
862,8.726068802940688
863,9.95712640533938
864,11.323031899001862
865,12.194124635621108
866,12.833602281152586
867,13.347971502415362
868,13.630741231607175
869,13.845009888716966
5190,142.96864298300142
5191,141.1141909786396
5192,136.62708778096646
5193,135.2474261243047
5194,135.64684790127146
5195,136.1241359705627
5196,136.27820575489056
5197,136.7499458333833
5198,136.83983996131434
5199,137.03757062685648
5300,23.154511394068614
5301,22.986967078629213
5302,23.191221165643846
5303,23.672411721640692
5304,24.449389045358267
5305,24.86379062520499
5306,25.125139564721877
5307,25.379061113535982
5308,25.63894362460004
5309,25.846984903079566
8380,70.4699456137314
8381,70.47913576291133
8382,70.94096238540666
8383,71.26849735654108
8384,71.61369896330127
8385,71.77705120031422
8386,71.89427592172994
8387,71.87592811056794
8388,71.9421664069269
8389,72.02232437808566
9390,53.738266585133175
9391,53.94823751583023
9392,54.30872113737854
9393,54.522458945470085
9394,54.53267055886607
9395,54.21615042421468
9396,53.65884813846101
9397,53.13401139853229
9398,52.54915741459309
9399,52.01266921611745
750,30.651029853125976
751,30.722930857926002
752,30.66178280784392
753,31.290820234290038
754,31.83327246448362
755,31.56778483615752
756,31.231274240140394
757,30.830803407130063
758,30.757140969850838
759,30.67574369897263
3460,19.508861633220448
3461,19.53065378194686
3462,19.616250121265566
3463,20.567439473906163
3464,21.46562899643962
3465,21.646985646240182
3466,21.488403930100844
3467,21.380299921718205
3468,21.13734585938741
3469,20.925723318789437
1240,88.76724799645716
1241,89.08698401968522
1242,88.97421462835705
1243,88.95674069802193
1244,88.63899040403287
1245,88.29314137872483
1246,87.86011297549258
1247,87.63780679522799
1248,87.3729936035339
1249,87.07999960763567
1580,20.952796217158102
1581,21.2960492141177
1582,21.653652595957865
1583,21.7806260690581
1584,21.60372463978564
1585,21.230387369041665
1586,20.82479033518829
1587,20.195031969986132
1588,19.720292283014636
1589,19.216725914280303
6230,15.251262063825493
6231,15.077807123779493
6232,15.113722518728594
6233,15.247037553321057
6234,15.618661482235595
6235,15.82668965153313
6236,15.983288691666921
6237,16.153646207904515
6238,16.26319433469353
6239,16.3537520238906
190,104.59611351378928
191,104.45392951358998
192,104.47303612283105
193,104.80963050825181
194,105.25640483819573
195,105.57866956430156
196,105.81468450169103
197,106.06243974468703
198,106.19205762710186
199,106.22024666456832
3830,61.94820522129619
3831,60.89189635955162
3832,59.18373968273436
3833,57.517546770623845
3834,57.40108781689399
3835,57.7168593736157
3836,57.82670291176067
3837,58.17389876695263
3838,58.3241627190357
3839,58.32786319486554
1250,177.34430947723206
1251,178.38407359721094
1252,177.4257085150811
1253,176.73125889829544
1254,174.36218268656654
1255,173.2620043902361
1256,172.9681168970455
1257,172.9759608086586
1258,172.94311200425585
1259,173.2036007065446
4530,72.89308201620473
4531,73.92849297755143
4532,75.21639991565195
4533,77.27266448882864
4534,78.03046497434458
4535,78.0213963492335
4536,77.99856278881869
4537,78.1080836075636
4538,78.05494687693154
4539,78.10935013760931
200,36.08633699553699
201,35.853205802453715
202,35.817991670581414
203,36.937901078841996
204,38.53908867666229
205,39.395746029543375
206,39.84493061226927
207,40.347068352874636
208,40.621250972107305
209,40.78712199482972
1450,42.754278892380995
1451,43.53850995939619
1452,44.96952920897826
1453,46.99010348646637
1454,48.535142284879285
1455,50.160939304728245
1456,51.971130394887155
1457,53.92855608499407
1458,55.507590351763284
1459,56.912355491115804
80,0.06638500899978794
81,0.06424818991881409
82,0.06361073764226433
83,0.0645360432019686
84,0.068188662438331
85,0.07029630758370331
86,0.0199910236407419
87,0.06883166598291268
88,0.07798447388147167
89,0.0802431053977557
3260,62.769791831261536
3261,62.629001748612396
3262,62.50542162138835
3263,62.425044508145945
3264,62.347344075756276
3265,62.38191011396505
3266,62.366755250086705
3267,62.39662100749775
3268,62.44003675654393
3269,62.433680671247906
3350,40.42366267638313
3351,40.49213319785906
3352,40.53199183106008
3353,40.644455889035584
3354,40.75735853788063
3355,40.688827083176086
3356,40.695670636174995
3357,40.483525291664535
3358,40.384489426458806
3359,40.39615335734515
1430,139.88903686356383
1431,139.32526897179488
1432,138.68118698001945
1433,138.83956829036566
1434,139.54249217094758
1435,140.17742742337808
1436,140.69499268056398
1437,141.37750256801777
1438,141.99267549707923
1439,142.55132597332857
2250,32.61956796892994
2251,33.593526716225
2252,34.259104298216606
2253,35.35785227281799
2254,36.50990071324385
2255,37.30270336711792
2256,38.29980434843402
2257,39.177145726337095
2258,40.151834292585406
2259,40.75752979883494
1520,123.06275423555834
1521,122.94457421090395
1522,122.8227558350747
1523,122.79786901381561
1524,122.87404089539228
1525,122.89192092626779
1526,122.9883065083355
1527,123.03505015941094
1528,123.07348430275935
1529,123.13960545978203
2490,105.7617747539282
2491,106.44546533951612
2492,108.08735200832781
2493,110.6486674770427
2494,112.74877755475444
2495,113.85579214192676
2496,114.67956841558015
2497,115.3596667531769
2498,115.7631346831041
2499,116.11513820510427
1730,58.367078573608424
1731,58.88354904916524
1732,59.32111654517765
1733,58.79420515989663
1734,57.64713507895289
1735,57.23734690416077
1736,57.210539282027455
1737,57.267194442231066
1738,57.4171685780269
1739,57.56986683694829
4450,11.517395849420353
4451,11.699924758772895
4452,11.885945114850955
4453,12.22341123833175
4454,12.430141135925055
4455,12.412926449551932
4456,12.545390576264936
4457,12.301364026951731
4458,12.270978858673914
4459,12.224307835160253
6680,86.22793557040461
6681,86.09106038237066
6682,85.94765944774878
6683,85.86747499647815
6684,85.69833785788468
6685,85.70495620208156
6686,85.55964208911023
6687,85.60058303905691
6688,85.52562327676009
6689,85.33795011105488
1390,124.80671501373673
1391,123.57294721921356
1392,124.17492267617094
1393,125.88845836580876
1394,129.3675847754779
1395,131.36377702436016
1396,132.52218825493344
1397,133.25982711180623
1398,133.81709986089305
1399,134.06246858757578
7030,85.25795032676912
7031,85.42957473037626
7032,85.5905042332077
7033,85.95681294610361
7034,86.07038256729987
7035,85.91267414288394
7036,85.69335421550848
7037,85.23203615439601
7038,85.11176460979513
7039,85.07161548002117
5910,163.23208842135455
5911,163.00073019336457
5912,163.1484234179029
5913,166.16600537545804
5914,169.9904985529996
5915,172.62010237638677
5916,174.62158830051757
5917,176.56504105800917
5918,177.70407984061393
5919,178.55501726801646
9150,13.688577735037953
9151,13.913648370917286
9152,14.086060175281673
9153,14.739298616754283
9154,15.232833419476002
9155,15.215201276545145
9156,15.120719417251635
9157,14.946986302918639
9158,14.84035257041463
9159,14.712380835901506
6340,5.962169422596176
6341,5.901579669832088
6342,5.930580492487394
6343,6.168908148799517
6344,6.478193463118288
6345,6.591812962665898
6346,6.91084959745244
6347,6.56851345680704
6348,6.594383757753846
6349,6.578124055822215
1040,21.460324700502326
1041,21.566419634958464
1042,21.69969346195989
1043,21.157728705466113
1044,20.42612698662637
1045,20.125547881437306
1046,19.925679831365514
1047,19.639984784052245
1048,19.43476079864037
1049,19.252000709137093
9620,32.4520371412568
9621,33.573596660432614
9622,34.355242940854055
9623,34.20382492172039
9624,32.84161860893467
9625,32.188000107342305
9626,32.04528544054905
9627,31.907566958317283
9628,31.82892712391906
9629,31.83258312980675
7930,65.79395298609259
7931,66.11394533880346
7932,66.29879199817958
7933,66.07875382224465
7934,65.51435524184373
7935,65.27820849364662
7936,65.20383000540035
7937,65.16830625888063
7938,65.13311579469055
7939,65.13932988416548
9850,74.79608277863963
9851,74.62380338661632
9852,74.58218939121979
9853,74.92994243100054
9854,75.39231681698136
9855,75.68887575221169
9856,75.84729014950457
9857,75.97068717498095
9858,75.99872072756152
9859,75.91798663256382
410,9.006537561934948
411,9.047009785626258
412,9.110771258922426
413,8.935450638034297
414,8.732661378534658
415,8.667621718018836
416,8.816783792965595
417,8.631612241219841
418,8.700600891618095
419,8.739653205652289
9730,108.105483980216
9731,109.61840748289416
9732,110.98569502030692
9733,111.38654880924085
9734,109.80510958840998
9735,108.50805502780497
9736,107.57186452507057
9737,106.66078653477109
9738,105.87602934369181
9739,105.2711178563997
490,18.606457034696525
491,19.000889044364904
492,20.365241233547778
493,22.510524867906106
494,24.58050594235867
495,25.63003634135883
496,26.50749564535613
497,27.087554945270504
498,27.93002331961806
499,28.61926730699588
3230,11.070148782938958
3231,11.096333326028244
3232,11.165271503447713
3233,10.991220081806858
3234,10.8104559791322
3235,10.800390365438886
3236,10.856870301145577
3237,10.896441806885896
3238,10.905532737029148
3239,10.936594008272152
5950,33.86763463065656
5951,33.99584577744344
5952,34.484055861014234
5953,35.663181443702506
5954,36.77579112396107
5955,37.39403514773359
5956,37.821093248648495
5957,38.3616660258698
5958,38.735698948132885
5959,39.08134926714721
9780,6.045280072007856
9781,6.027042516599721
9782,6.03380461551734
9783,6.417104081753422
9784,6.869157770821175
9785,7.0900604536586656
9786,7.32562984235399
9787,7.205118366589616
9788,7.210478110615625
9789,7.1685766845226055
870,267.29327655347896
871,267.87601900449386
872,268.7068299574782
873,269.59054378397934
874,270.8944724802042
875,271.5106214144245
876,271.9956165606732
877,272.3062885240089
878,272.0921349308536
879,271.7115861518914
3200,62.50369592628173
3201,62.55690111859196
3202,63.02203774097257
3203,63.483869681787965
3204,64.09596846646122
3205,64.31139722647825
3206,64.2314534857884
3207,64.44657277242754
3208,64.50909321789206
3209,64.32547199946771
4840,54.84797325382988
4841,54.70687161038896
4842,54.64696371259407
4843,54.258399694983034
4844,54.031582018664274
4845,53.54355918436486
4846,52.92177673666321
4847,53.01439979260654
4848,53.07405340004654
4849,53.205586130194476
1080,54.49576704920098
1081,54.37929025125293
1082,54.48148158022761
1083,54.63938687908108
1084,54.777208628326946
1085,54.90916394198948
1086,55.04695292183166
1087,55.06092085609888
1088,55.11880277716686
1089,55.146291840773
3550,39.197814432243504
3551,38.78248464757311
3552,39.44113992828825
3553,41.42427736403487
3554,44.10174284736205
3555,45.70877976753927
3556,46.79661703315199
3557,47.55728830008961
3558,48.09025158491062
3559,48.42902795894856
4740,93.40019203753867
4741,94.29216829027193
4742,95.53390765914241
4743,95.45890173436192
4744,94.35869186746727
4745,93.98131610188159
4746,93.8474126036101
4747,93.98945285177562
4748,94.06492578243002
4749,94.21414600181201
5200,33.233162417404955
5201,33.5042473694974
5202,34.35170733774684
5203,34.46454647434485
5204,34.27065045028055
5205,34.319367070781205
5206,34.38183722888816
5207,34.54781806945964
5208,34.57514341326048
5209,34.588447095435185
5310,23.203397962303157
5311,23.353386797246834
5312,24.055812130613944
5313,25.320218958867457
5314,26.868351018301325
5315,28.21667659479479
5316,29.47610156354554
5317,30.59696854642349
5318,31.418919594267884
5319,32.06204231389292
1400,20.73894297226515
1401,20.812984045741764
1402,20.843957376485207
1403,21.90123632999775
1404,22.740230901096467
1405,22.85949919353832
1406,22.659895018614215
1407,22.41435295073086
1408,22.097972463103368
1409,21.83408919647357
4910,71.68696288490547
4911,73.0679465172015
4912,74.56709702427537
4913,75.0117889254226
4914,74.18509025658608
4915,73.79064531347446
4916,73.80381818349674
4917,73.74147560048165
4918,73.7565970988054
4919,73.72503536590983
4850,205.02005877254066
4851,204.7910355663978
4852,204.45469270614362
4853,204.29697526834246
4854,203.82503665135135
4855,203.57855436210608
4856,203.4671744289783
4857,203.42305533076717
4858,203.88533401142354
4859,204.3743363129135
1280,33.51978493813218
1281,34.590213550523636
1282,35.45825045345879
1283,36.91907352230907
1284,37.96217968421688
1285,38.11431586337236
1286,37.98024418476019
1287,37.53982713333137
1288,36.97483971763905
1289,36.167898632667026
2920,135.82331163204523
2921,134.64432830988866
2922,134.69634781307067
2923,136.12905992356735
2924,139.44168497849978
2925,140.90682549689245
2926,141.41165775870394
2927,141.67320105396362
2928,142.0560049435835
2929,142.34661083224714
4570,31.643358023057942
4571,31.61218751578007
4572,31.453230726724627
4573,32.42020080624487
4574,33.36264671185674
4575,33.61003981017697
4576,33.50325260899804
4577,33.395347306338245
4578,33.150492299677154
4579,32.93198623454707
4470,131.83376578638092
4471,131.65108333983994
4472,131.52690934954762
4473,131.89767984986628
4474,132.27984650547472
4475,132.53210207816758
4476,132.7685651439425
4477,132.62662521577082
4478,132.63618759040764
4479,132.67097090924247
2690,49.91785248596293
2691,50.174051435316855
2692,50.14157558415205
2693,49.80449527133137
2694,49.13160073510069
2695,48.29430528007621
2696,47.460647589140386
2697,46.417873178403305
2698,45.65682826484314
2699,44.93414050118632
9300,12.711823967466259
9301,12.632537521809823
9302,12.71805572032703
9303,13.094962088036937
9304,13.58051967197089
9305,13.84278642844373
9306,13.886455815560709
9307,14.146250750427988
9308,14.266702292401199
9309,14.32895303556058
9650,39.34021385992576
9651,39.5642430707703
9652,39.744086865289106
9653,40.04869664976338
9654,40.201484045693114
9655,40.17500306604323
9656,40.29700799028629
9657,40.02774493181756
9658,39.91401566354477
9659,39.802833087355204
8740,47.35776305053112
8741,47.174816179873325
8742,47.23342696297364
8743,47.37826856117832
8744,47.53160586310155
8745,47.66314072577094
8746,47.811576591807246
8747,47.81664252536865
8748,47.848295922166656
8749,47.88321949362876
140,119.40321799800284
141,122.06329061961202
142,123.75797671822784
143,122.19676856692658
144,117.74196118412243
145,115.21186183213717
146,114.41888577628156
147,113.64682434979841
148,113.75888662584765
149,113.91183677900179
7610,19.75625221074226
7611,19.699634191592487
7612,19.735870770529132
7613,19.748067390660047
7614,19.876698490520845
7615,19.934286587090156
7616,19.948800377293786
7617,19.83422151656133
7618,19.79263281896401
7619,19.726043071780623
8640,8.463094540250879
8641,8.484331012210873
8642,8.556711641939216
8643,8.657219581412605
8644,8.767987898200431
8645,8.870104097751408
8646,8.904213691935936
8647,9.080822485234876
8648,9.174884670696514
8649,9.262629066393842
3050,36.03611816040492
3051,36.00341569089852
3052,36.07942541829844
3053,36.42948694195523
3054,36.91914829301733
3055,37.300884822169394
3056,37.88501642651229
3057,37.69290524089935
3058,37.73052364621343
3059,37.778581303191274
4200,193.35170694021377
4201,193.9764401695379
4202,194.20884716517727
4203,193.1433778211188
4204,191.02910585070333
4205,190.88902175583422
4206,191.49754006587642
4207,192.0586724249645
4208,192.37231643930784
4209,192.07403356566272
2790,75.51167317167719
2791,75.51475871057823
2792,76.71055539870632
2793,79.16639541253313
2794,81.85947451181926
2795,83.22360732188052
2796,84.34654944944953
2797,84.98366834342364
2798,85.62898432004516
2799,86.1411130261138
50,24.667185757623265
51,24.529974418311475
52,25.160052410369786
53,25.43045606303474
54,25.93644991923032
55,26.62726261278204
56,27.337340793383568
57,27.969071166070655
58,28.473719856085374
59,28.86390373639474
7110,14.036458421863244
7111,14.119876099923161
7112,14.09865080375343
7113,14.165992942313366
7114,14.174372393536089
7115,14.007463282674195
7116,13.866130689239434
7117,13.668731814961042
7118,13.603077387342594
7119,13.554979544935819
2850,70.19766852449672
2851,71.4162461009666
2852,71.90282637606421
2853,71.44305670652957
2854,69.47664997539313
2855,68.46850515740566
2856,68.08931417726973
2857,67.85223708490315
2858,67.70480722467502
2859,67.7218177438955
130,188.28599024569945
131,190.31447729751298
132,193.7499586427166
133,192.2753816871662
134,190.56501016948346
135,191.40875356388636
136,193.3605369437352
137,195.2637445028049
138,197.0392309572278
139,198.0971641385437
4180,126.93009732556105
4181,125.25629998786255
4182,122.375505171625
4183,124.34547388652965
4184,128.25117073440873
4185,130.64289358139973
4186,132.24794583290006
4187,133.97993708134499
4188,135.21138779187183
4189,136.34173282042838
3680,28.052259488274807
3681,28.877297979963416
3682,29.813822970310255
3683,29.82130289210606
3684,30.131082011435446
3685,31.41461419326884
3686,33.00429791673329
3687,34.48937020963149
3688,35.66625029485086
3689,36.43451980154598
170,19.84103676704455
171,20.003050653966824
172,20.212135232878573
173,19.80124146948733
174,19.274946355105918
175,19.149214682630856
176,19.10172388316733
177,19.2344449268423
178,19.27383109133809
179,19.30113941781363
4240,210.9247638292552
4241,210.72756560665164
4242,211.21349760831043
4243,212.4544569003514
4244,213.81405398972842
4245,213.8797307144622
4246,213.3686317196969
4247,212.98762620360208
4248,213.48849159598416
4249,214.18329872285045
2090,160.07035092432164
2091,159.92795721474977
2092,159.8057819474999
2093,160.21637434125927
2094,160.57418879659673
2095,160.7304590402871
2096,160.68723230672362
2097,160.40804076109802
2098,160.21726033402302
2099,160.03994819524985
3570,81.19009145601346
3571,80.79404037808874
3572,80.89158175750508
3573,81.30884070666376
3574,82.14080587413784
3575,82.65006079816447
3576,82.93249740039253
3577,83.00371318341377
3578,83.11738912185669
3579,83.1283062339228
2550,52.72755740313676
2551,52.36517953763224
2552,52.58225354484067
2553,52.19244010998107
2554,52.463485037234
2555,52.73380751022653
2556,52.75425680326666
2557,52.877726698397545
2558,52.93900798166682
2559,52.88554452643206
6400,2.0634987341596087
6401,2.0688769047090716
6402,2.065040916726531
6403,2.0556618185105435
6404,2.04326428422884
6405,2.033760201107441
6406,2.233264139709064
6407,2.0247480183126356
6408,2.0135027598236377
6409,2.0054753952603477
8500,44.838140037048326
8501,44.960796445124984
8502,45.04259751589795
8503,45.30510814253419
8504,45.43073422345918
8505,45.30509925861908
8506,44.963260069304035
8507,44.79300183554557
8508,44.71166493376903
8509,44.634600944440535
6990,49.550992558576304
6991,49.9154878268714
6992,50.2634954452821
6993,50.798601105679396
6994,51.05602874114702
6995,50.94198410221112
6996,50.97745009014927
6997,50.62083376221129
6998,50.467015184834395
6999,50.30440333034416
1590,74.69874304315661
1591,72.66322943843429
1592,71.97485573941879
1593,73.4535180675982
1594,77.46160258704668
1595,79.80380028442003
1596,81.00785008201532
1597,81.88954981526038
1598,82.48073704024064
1599,82.72999619842523
8410,139.22660385881974
8411,139.1211115618222
8412,139.00895780459115
8413,138.90346393683313
8414,138.5450254059681
8415,138.51822461719388
8416,138.2928460090366
8417,138.2543530801867
8418,138.19830221299742
8419,138.0329508628662
7190,94.17167802427412
7191,94.87330857551655
7192,96.15326019898578
7193,97.1480965398092
7194,97.53414749302989
7195,97.89235891362212
7196,98.38522014279792
7197,98.7638060137473
7198,99.04178582453584
7199,99.29912959496265
8910,26.576529025056388
8911,26.667118463063517
8912,26.787084146492695
8913,27.1817736010357
8914,27.67173675271991
8915,27.939387597599598
8916,27.99203904209918
8917,28.180409008885377
8918,28.1692337236831
8919,28.099507411529174
9510,90.56604867498223
9511,90.88607879020324
9512,91.54075480724215
9513,92.36938597224561
9514,92.90546293036093
9515,92.92500359475764
9516,92.72672627650775
9517,92.65665574970002
9518,92.5973156360306
9519,92.57081882426895
4150,12.40870350028591
4151,12.468298681814915
4152,12.62920739646097
4153,13.074346960942904
4154,13.58718983167222
4155,13.849211825578749
4156,14.03770169402432
4157,14.21407885143006
4158,14.331292340892006
4159,14.403156820545831
8920,23.32762289976104
8921,23.347418298527955
8922,23.46151684950167
8923,23.437014403296473
8924,23.487898415516973
8925,23.643782375915677
8926,23.50948378210247
8927,24.066963511861836
8928,24.176531892888818
8929,24.300206941290398
8550,37.750379668146316
8551,37.951538023887736
8552,38.23294435665929
8553,38.072599617792974
8554,37.91476007244155
8555,37.631599100322646
8556,37.540477034728056
8557,37.366436299633584
8558,37.51372283357818
8559,37.56643206017154
3950,114.58252993788363
3951,114.77357338590038
3952,115.91639669947841
3953,118.56984577795734
3954,121.38487564086748
3955,123.1932238858702
3956,124.60972460870045
3957,125.90220003275002
3958,126.93027361303109
3959,127.78967307921639
1120,18.181015304114027
1121,18.1563891391138
1122,18.147983788330293
1123,18.180405864149733
1124,18.23693532698293
1125,18.262002040456046
1126,18.32028317734776
1127,18.297829856094715
1128,18.303760436372784
1129,18.341246537488615
9790,88.62474011722813
9791,88.9365958656337
9792,89.86117734703654
9793,89.63103636883467
9794,89.08717465237335
9795,89.11092371492941
9796,89.45274771516151
9797,89.68768597050195
9798,90.10568024222812
9799,90.39305945255175
2300,48.595561947323574
2301,48.23791308236713
2302,47.99894678979759
2303,48.67924105773152
2304,49.8842419356162
2305,50.62391394911266
2306,51.031613194355
2307,51.52869512191684
2308,51.83658966323251
2309,52.04273679698353
1700,99.66015850770377
1701,99.55588252863798
1702,99.49082900128204
1703,99.58966938953913
1704,99.61962351763069
1705,99.61520569644787
1706,99.59525434077034
1707,99.55595589218296
1708,99.66501835265584
1709,99.83232186240471
5920,10.955590895793677
5921,10.98957612415279
5922,10.997926975062342
5923,11.489134182474714
5924,11.965392097057133
5925,12.15814780360867
5926,12.222095964750352
5927,12.118757379048603
5928,11.99933577977064
5929,11.842567094999417
3140,136.38342603444988
3141,138.7101649854221
3142,140.8772993330204
3143,140.6617257113864
3144,137.87604937526294
3145,135.96203004046495
3146,134.9514274844536
3147,133.9760258558751
3148,133.29072857753533
3149,132.78994313491495
7690,125.12350406919526
7691,125.03740573593662
7692,124.81722203765273
7693,124.59867961802212
7694,124.33742281154151
7695,124.2162083643509
7696,124.34128204545354
7697,124.41620420857328
7698,124.52466673255564
7699,124.60103137094458
7280,98.01025161325921
7281,99.69762648860834
7282,102.26072046709659
7283,103.81469671648634
7284,105.24081382479645
7285,107.54001351052304
7286,110.43251663621007
7287,113.36568488858177
7288,115.90101042215974
7289,117.77146166062502
2230,193.55483917603564
2231,194.38910234513583
2232,195.3823533623944
2233,195.2448310374056
2234,193.86935553815206
2235,193.2246459738613
2236,192.82711030356526
2237,192.4519778032961
2238,192.0480699610029
2239,191.76053340983543
420,88.37410730760635
421,88.25469218785926
422,88.19389405330293
423,88.4282195791514
424,88.78737319026413
425,88.9374481976109
426,88.95416418465123
427,88.99931341317559
428,88.96214484188408
429,89.00500307125193
710,94.83754148650904
711,94.7089852096118
712,95.64483603487429
713,96.86271131404922
714,98.32947514386164
715,99.09524462798561
716,99.73496186403861
717,100.29139714070726
718,100.85635915457459
719,101.3761253493643
7980,100.86849672440817
7981,101.29293385074041
7982,102.84398286482804
7983,105.10833408229817
7984,107.40098546801967
7985,108.8511167698882
7986,109.79185460050283
7987,111.01308165641936
7988,111.58384052343152
7989,111.90773676516064
1760,27.32584529679155
1761,27.31382619643724
1762,27.30388097112283
1763,27.297378595014685
1764,27.295760647269944
1765,27.300284264875877
1766,27.370313362820262
1767,27.289830169689175
1768,27.306664881294658
1769,27.30814916207688
8230,93.35665956706818
8231,94.31219979699932
8232,94.41467598410254
8233,93.71270046705082
8234,91.65995764182372
8235,90.52463868175047
8236,90.03002872719783
8237,89.50175306151516
8238,89.18099307167009
8239,89.08082292946793
250,152.33632177072394
251,152.870463754057
252,154.6980218739808
253,157.6344148524708
254,161.2687663767071
255,164.48558505429904
256,168.01270710135793
257,171.80466162090977
258,175.26143303318844
259,178.2924541045519
3020,55.06635863286287
3021,54.80921273020303
3022,55.19772168567404
3023,55.48580174845147
3024,56.241466436023344
3025,56.78447406758549
3026,57.27972949897612
3027,57.38249415605558
3028,57.62433559242872
3029,57.7731259970069
6900,167.43940049094545
6901,169.12972794430738
6902,168.4897969556011
6903,167.27486742586143
6904,163.7452562802162
6905,161.86566150621707
6906,161.03635277516776
6907,160.49335304821824
6908,159.92664889534672
6909,159.80271386997572
2330,48.50971959480066
2331,48.724916011346835
2332,49.05094086691547
2333,50.306891425552124
2334,51.36438569541337
2335,51.61831702787296
2336,51.50485820913466
2337,51.36521272530882
2338,51.11409530610219
2339,50.846962646921114
7740,47.40915744985828
7741,47.53163976108783
7742,47.82640302767102
7743,49.14693950729207
7744,50.56373698179944
7745,51.29886907242463
7746,51.88329122824584
7747,52.413041033286895
7748,52.92003738430573
7749,53.26616993806525
3900,80.98797367653717
3901,81.07234603712479
3902,81.36829075089253
3903,81.75943339376424
3904,82.16792372147353
3905,82.53074533972989
3906,83.11810702094066
3907,83.11317326501923
3908,83.24105335196714
3909,83.34913712395476
9750,16.00713982696164
9751,16.33637249166896
9752,16.42168315659672
9753,16.201838794739942
9754,15.805540117948894
9755,15.43620846058181
9756,15.143775943353688
9757,14.830117578518411
9758,14.642507173592648
9759,14.440043082792435
7420,117.71592853455483
7421,119.4850507666945
7422,121.59793390159841
7423,123.86115747465789
7424,124.27454624149331
7425,124.34175029183584
7426,124.70402884353484
7427,124.85622520313932
7428,125.09099829654184
7429,125.36540620618308
4160,178.15213776664638
4161,179.37892891442945
4162,181.22904209799552
4163,182.02757579177114
4164,181.59684349946608
4165,181.536038932384
4166,181.79753136524585
4167,182.10575827386208
4168,182.4337652342261
4169,182.80081313402258
7160,19.55508971701942
7161,19.863418723968934
7162,19.992502413843418
7163,18.994559501714555
7164,17.72453572929077
7165,17.023792441508505
7166,16.708053765860647
7167,16.451933809830578
7168,16.48174109874354
7169,16.50932546402845
9950,251.39678769663828
9951,250.7097039238471
9952,249.85085766576225
9953,249.7387576402103
9954,250.05079763625278
9955,250.14363680779556
9956,249.90112979304956
9957,249.64534158190818
9958,249.39215699376456
9959,249.25261665367378
1260,21.551224861574283
1261,21.669795423366246
1262,21.910552256483605
1263,22.00916110171302
1264,22.045700427768168
1265,22.130413606536287
1266,22.323171082780846
1267,22.510628133119013
1268,22.67249936341826
1269,22.838547906554822
1010,18.66793577471779
1011,18.937217726215763
1012,19.179031573576424
1013,19.714514035635602
1014,20.02207523944412
1015,19.9048874643493
1016,19.922039606249086
1017,19.546407189499718
1018,19.439051279932094
1019,19.32704377360335
530,100.04875212807717
531,100.69980437077103
532,102.25736957853486
533,99.77478106491192
534,96.34711621490521
535,94.97958600726237
536,94.39909035241116
537,94.14080437430123
538,94.06201593844418
539,94.02865915971914
8090,61.173286619858786
8091,61.31836057611973
8092,61.21045979274794
8093,61.6845490450826
8094,61.92814138827778
8095,61.50014704148495
8096,60.857977319244426
8097,59.97805072730721
8098,59.299573968725475
8099,58.66565874761943
2410,22.0254436989569
2411,22.155608280621173
2412,22.356411812443966
2413,22.789656344941193
2414,23.002855377898143
2415,23.0480891022083
2416,23.001151449860863
2417,22.91984864650201
2418,22.82782897764882
2419,22.785521423578793
6130,71.04949339907026
6131,70.88907539836372
6132,70.86650345551392
6133,70.68617803718712
6134,70.65459351565917
6135,70.754868771166
6136,70.92098299318889
6137,70.89655907825475
6138,70.91111496744045
6139,70.92013365333716
5010,26.31619382441947
5011,26.357165330628263
5012,26.413944286209137
5013,26.268283976778037
5014,26.21446629414168
5015,26.344709049099343
5016,26.381146182789813
5017,26.549140961629803
5018,26.573649885276318
5019,26.519739688518158
4920,21.364031124038746
4921,21.168986704691754
4922,21.113702089850634
4923,21.684006874399607
4924,22.484825071437257
4925,22.705397160107196
4926,22.671254130881366
4927,22.59424244361334
4928,22.507884716125893
4929,22.433585749265063
6590,29.87327676715885
6591,30.756665000272307
6592,31.827377620172506
6593,31.89636659346389
6594,31.05183311629746
6595,31.025239741888214
6596,31.477432623908925
6597,32.25725720174635
6598,32.870021407829206
6599,33.462458421265275
4020,34.208732686155685
4021,33.89227553821759
4022,33.7721703709928
4023,34.00068555751331
4024,34.63879325773927
4025,35.01920283243971
4026,35.21393259195859
4027,35.44224126973458
4028,35.62788528328018
4029,35.739598728007024
4040,59.22832924877359
4041,58.86835818945693
4042,59.26773628750051
4043,60.05608824692499
4044,61.519120859152224
4045,62.25881495833864
4046,62.81344813905313
4047,62.938054872150474
4048,63.257479811111466
4049,63.44532582469633
2470,29.289367992733396
2471,29.761110548180994
2472,30.107470390638696
2473,30.036091182679876
2474,29.38585925999746
2475,29.06144833512102
2476,29.045299814635847
2477,28.934830021308628
2478,28.932350982261895
2479,28.981540797559745
6070,198.0470777862642
6071,194.98819812135795
6072,190.35320501811626
6073,191.32942511338544
6074,196.66850767197727
6075,200.85368355896534
6076,204.46460504606148
6077,208.07102576869826
6078,211.4013059244054
6079,214.21310564131903
4360,13.51843517556813
4361,12.970726772819603
4362,12.252480961034905
4363,12.123112968000697
4364,12.64245949383752
4365,12.783469444906302
4366,12.601364499402585
4367,12.379565933909277
4368,12.145897538901124
4369,11.910758790423962
7580,125.04259265230169
7581,125.04527251751495
7582,122.8766076247025
7583,121.1693823584521
7584,119.02684043969812
7585,117.9621495730272
7586,117.34350897336336
7587,116.91285729179783
7588,116.62299858884317
7589,116.6044599423505
6830,156.5954402001567
6831,154.67414065965028
6832,152.7746126660369
6833,155.5846966858008
6834,160.9147677542573
6835,164.19437237610603
6836,166.496282431785
6837,168.93882308110372
6838,170.5435637646408
6839,171.78342417163532
9800,74.06436381768935
9801,73.71441075874
9802,73.7636248117606
9803,73.85656589346377
9804,74.3204380047517
9805,74.59620310692338
9806,74.68778246003973
9807,74.89521236448633
9808,74.94994599782746
9809,74.95212072609021
4220,16.057080705814542
4221,16.02500981740929
4222,16.191653472120947
4223,16.52051056564912
4224,16.947942834528092
4225,17.182065168126968
4226,17.319310811174546
4227,17.52291386971848
4228,17.661214417643365
4229,17.75633925672731
3400,77.81410566893607
3401,77.76420108882371
3402,77.79698930462266
3403,77.89321422626628
3404,77.87467562069284
3405,77.835825692255
3406,77.81253482558063
3407,77.69289161035941
3408,77.76544550767323
3409,77.86803721952086
8200,159.52058386041364
8201,159.7562179887999
8202,159.83367980327245
8203,159.90162350018755
8204,159.87115834281065
8205,159.6014784796762
8206,159.5488516140885
8207,159.2511431750138
8208,159.00728509409933
8209,159.07360136203596
1930,33.09685529947712
1931,32.90088077149316
1932,32.94762245062536
1933,33.25059147535818
1934,33.842616579447935
1935,34.17886843583003
1936,34.28529755252869
1937,34.438046166938136
1938,34.4938000999479
1939,34.506134279377136
7550,117.18826235039268
7551,118.21653641818301
7552,119.68738261814121
7553,120.74770712350275
7554,120.50535161587587
7555,120.06932875139972
7556,119.70752648236719
7557,119.38044360909367
7558,118.96991678189532
7559,118.69515118420877
5710,60.21720619122189
5711,61.97972804976662
5712,63.84129237771537
5713,63.54325976807496
5714,61.474421722029525
5715,60.518749564081645
5716,60.331203375950984
5717,60.232152844211356
5718,60.192575401455684
5719,60.154520201900226
1940,0.06638500899978794
1941,0.06424818991881409
1942,0.06361073764226433
1943,0.0645360432019686
1944,0.068188662438331
1945,0.07029630758370331
1946,0.0199910236407419
1947,0.06883166598291268
1948,0.07798447388147167
1949,0.0802431053977557
5840,46.909351144662665
5841,47.35187902082284
5842,47.84936785341773
5843,48.28997452159523
5844,48.229196487428446
5845,48.12738041387407
5846,48.14693640680932
5847,48.07203660319375
5848,48.122613137050564
5849,48.16030883858713
9630,78.69361917595366
9631,83.09585036588373
9632,86.02104587035554
9633,85.29716818481923
9634,79.05807700097868
9635,75.9664887843
9636,75.06005856618248
9637,74.7220626632481
9638,74.54661626722049
9639,74.83816302575048
4860,145.93472203730266
4861,145.8548934790001
4862,145.80925500484025
4863,145.99489615876084
4864,145.75296929333996
4865,145.42587803348857
4866,145.0272501075081
4867,144.446804564304
4868,144.24333979752373
4869,144.23819158321993
6630,146.1732694513982
6631,147.5174271333447
6632,147.55776070346167
6633,146.2634888920315
6634,143.0488343234539
6635,141.16127025075048
6636,140.02505039632138
6637,139.17887218403112
6638,138.4583942606144
6639,138.08053234114885
900,4.425610444765425
901,4.365464483354273
902,4.322985364924776
903,4.513197220538046
904,4.76961877454589
905,4.8524774607849395
906,4.861135492794858
907,4.844640788655951
908,4.826435570883376
909,4.813588073173548
940,0.06638500899978794
941,0.06424818991881409
942,0.06361073764226433
943,0.0645360432019686
944,0.068188662438331
945,0.07029630758370331
946,0.0199910236407419
947,0.06883166598291268
948,0.07798447388147167
949,0.0802431053977557
7910,24.35324320340721
7911,24.25296655660462
7912,24.171787952665113
7913,24.572240803295287
7914,25.1129018253677
7915,25.38903149456837
7916,25.32325637937518
7917,25.50764182512833
7918,25.418347917596535
7919,25.356421341856127
3880,28.395306648985517
3881,30.507042580807486
3882,30.932164219670767
3883,30.38848654721138
3884,26.957882835750056
3885,25.42748870395573
3886,25.248671092175776
3887,25.27993566318787
3888,25.264509363031394
3889,25.54062914800607
7650,38.29457636483483
7651,38.34686948972136
7652,38.37807088586565
7653,38.429372018943695
7654,38.54260045396202
7655,38.531354275408916
7656,38.549197332169655
7657,38.451123934540156
7658,38.34396362939041
7659,38.36658133774159
8700,77.52712944879093
8701,77.6939879000382
8702,79.84526390537997
8703,81.80322855645959
8704,83.91147510719918
8705,85.95922696234837
8706,88.11240271586055
8707,90.33778410539759
8708,92.3736865433068
8709,94.10814978826734
6600,69.24070288599206
6601,68.28909149279295
6602,66.79573895856343
6603,66.75889653364942
6604,67.80886744426036
6605,68.57379950049389
6606,69.04586204202336
6607,69.60833947689767
6608,69.97363848070874
6609,70.29941431238515
680,138.4847226505448
681,137.5874738660564
682,136.4144670832706
683,136.41566710646975
684,137.2645061205498
685,137.3741896768252
686,136.97459085395457
687,136.52730351369357
688,136.04652720807198
689,135.58894553166422
6550,17.05820655980586
6551,16.96018136213742
6552,16.97404288535951
6553,16.99648655702012
6554,17.111688705943628
6555,17.16426029703421
6556,17.389455591573224
6557,17.22203426428255
6558,17.262938207629247
6559,17.29678077353892
5440,84.64348112428247
5441,85.45571657450687
5442,87.214516966283
5443,90.34077613636266
5444,92.6384466061926
5445,94.14083151103911
5446,95.67480392540827
5447,97.42861995982238
5448,98.779126288964
5449,99.98619538388468
7350,51.876675849179605
7351,52.218162667999245
7352,51.99655482849711
7353,51.95048519232565
7354,51.3973341732147
7355,51.10889102371729
7356,51.04171261798745
7357,51.00893702451749
7358,50.965545956933994
7359,51.015838833781594
3150,9.589375341059863
3151,9.613107761804358
3152,9.628035783823663
3153,9.610301398600711
3154,9.565039016420116
3155,9.549111048403091
3156,9.636948018036577
3157,9.440356465469392
3158,9.43690780356711
3159,9.387594244267007
7320,105.60725216065588
7321,107.69480037907515
7322,108.85928522571388
7323,107.79831722610936
7324,103.83432206918798
7325,101.7350229371539
7326,101.16694278354905
7327,100.72974273433724
7328,100.20544618077659
7329,100.29175924047252
7490,198.0961037698144
7491,198.02133264658295
7492,195.42008455333286
7493,193.38305193583028
7494,190.82331159061619
7495,189.5056374041199
7496,188.60849559059562
7497,188.09197372986273
7498,187.5625424128911
7499,187.79489943712943
2500,143.3100191987963
2501,143.22930350767828
2502,143.09720174020885
2503,143.0917092481737
2504,143.17994608213252
2505,143.2342821002964
2506,143.4178681349374
2507,143.44107819641806
2508,143.5689094691945
2509,143.80398024589994
6350,63.91554111854712
6351,63.72161346484159
6352,63.67265119857654
6353,63.96377140836313
6354,64.47214520260523
6355,64.8196878637694
6356,65.06529639899304
6357,65.35402388141928
6358,65.55079716572291
6359,65.72312567893458
180,155.27613352957567
181,154.98289755298953
182,154.67312721308554
183,154.79885793020665
184,155.02606134961502
185,155.24966429656055
186,155.47506358384132
187,155.39976635616006
188,155.469885267137
189,155.55682724786328
720,45.73027894645569
721,45.502300101995246
722,45.27735798432519
723,45.05855524485863
724,44.924616456966724
725,44.93720296048777
726,45.01517008522824
727,44.97834490476902
728,45.00567584947106
729,45.03602958396281
4340,102.75174281201967
4341,102.32375684496859
4342,102.92154707275839
4343,103.75984256212043
4344,105.1068846246381
4345,106.10149499084055
4346,106.34045639175773
4347,106.46221153422151
4348,106.7172166733998
4349,106.99359342912709
5390,43.69801974284653
5391,44.84330776145272
5392,45.67385060976084
5393,44.9181490990577
5394,42.90768296424575
5395,42.042231330247745
5396,41.64224631269446
5397,41.67445616103348
5398,41.57673540400124
5399,41.610585800448284
1200,97.666166355298
1201,97.77199507743134
1202,98.5666637478389
1203,99.31692863382713
1204,100.30686350144308
1205,101.40137751882641
1206,102.8708786942152
1207,104.50036970728074
1208,106.2958893659334
1209,107.94921783117334
2930,106.30209664937483
2931,106.29741019431799
2932,106.30440925744998
2933,106.20813534110297
2934,106.05277477136009
2935,106.00124350765648
2936,106.10276242757288
2937,106.23961122465732
2938,106.42634347096774
2939,106.45544541549596
3480,150.91016913946783
3481,151.7638030443352
3482,153.0259264046794
3483,153.5966923032891
3484,154.3464741496412
3485,155.20257451064714
3486,155.54379573217722
3487,156.4053921737767
3488,156.9242957022065
3489,157.01441807969047
2350,61.06306694831535
2351,61.14328565571337
2352,61.84325393342128
2353,63.9746286632916
2354,66.23521677650473
2355,67.41796849902715
2356,68.29113218899016
2357,69.21936812123914
2358,69.94955181436077
2359,70.61232084054745
8930,109.70307140110087
8931,109.38441189361941
8932,111.04597868561535
8933,116.6278431152605
8934,124.13132092819295
8935,128.79065538560835
8936,132.2229949551064
8937,135.21340111081497
8938,137.49042959673346
8939,139.04402909961271
9900,87.64072368232722
9901,90.84297925869492
9902,93.39087635419837
9903,94.06024349352496
9904,91.06070686046793
9905,89.59630409667677
9906,89.37668997054035
9907,89.42238542139462
9908,89.37804331279168
9909,89.56332765130381
5490,56.14605955600448
5491,57.07487301677402
5492,57.97042717085574
5493,59.35729328966183
5494,59.76189740514202
5495,59.4585008983274
5496,59.37116422553785
5497,59.12813194537488
5498,59.25314610395337
5499,59.33575445292826
9740,114.86997211644487
9741,114.2388698052488
9742,114.91789730475277
9743,115.78116053730344
9744,117.60582942330802
9745,118.71837604001188
9746,119.30399224560512
9747,119.85948949271469
9748,120.39717911344988
9749,120.70482434495852
1210,9.210585933730158
1211,9.194958414831092
1212,9.268147196591073
1213,9.428697517692143
1214,9.589270171271494
1215,9.698549109123064
1216,9.700864100079443
1217,9.865177926821048
1218,9.956087202037018
1219,10.021542736005046
4620,19.00631557634565
4621,19.364471727874154
4622,19.380641384881123
4623,19.621034341493882
4624,19.53515700554084
4625,18.98846924694263
4626,18.47352332310505
4627,17.870495590604122
4628,17.548822390132507
4629,17.2587002854944
370,23.56977713944201
371,23.70849617145604
372,23.829182370500376
373,24.07917119449121
374,24.261519439020674
375,24.07464252954221
376,23.905445453196577
377,23.736672095992624
378,23.72603636428294
379,23.685433894289233
7990,57.47128894469547
7991,58.054086915576654
7992,59.17343288756805
7993,60.94786624751035
7994,62.23148475693129
7995,63.05469008756227
7996,63.72670997817804
7997,64.42536725569819
7998,64.90070686298861
7999,65.33380645197919
9120,144.92772744327226
9121,143.3062541879688
9122,141.35364245926533
9123,143.83698444607828
9124,148.43196134910448
9125,150.77482942924462
9126,152.44618009860955
9127,153.91469944382715
9128,155.50803802592114
9129,156.89525625107711
5610,93.17441857806185
5611,96.10905999557146
5612,97.92044534294939
5613,97.3061788371286
5614,93.02430994874616
5615,90.693754730356
5616,89.63521115315783
5617,88.98178552869672
5618,88.46801118708967
5619,88.33670409866068
1960,172.36645036199673
1961,174.42990986724698
1962,175.5568373055054
1963,175.3641520814698
1964,172.48533824098433
1965,171.07883731335392
1966,170.65868966354577
1967,170.58981898666747
1968,170.4640381233844
1969,170.70727809924045
6490,57.14928625060517
6491,58.93784635897372
6492,60.36719658269409
6493,61.04827940523835
6494,59.755990588057536
6495,58.93188121333445
6496,58.60788934019902
6497,58.373770332937056
6498,58.15838244905721
6499,58.05741789949579
1530,36.00153572023967
1531,36.74644564623753
1532,36.86800116590521
1533,36.41575667444127
1534,35.22968566577612
1535,33.65846497527734
1536,32.32642639170066
1537,30.798775408857303
1538,29.87647797976676
1539,29.016496867477642
430,135.87453343356225
431,135.47623733286076
432,135.17369598581928
433,134.88981251872565
434,134.79947379895503
435,134.78304614185595
436,134.71195959230283
437,134.58451335848667
438,134.50678232480016
439,134.50879862991746
1130,0.06638500899978794
1131,0.06424818991881409
1132,0.06361073764226433
1133,0.0645360432019686
1134,0.068188662438331
1135,0.07029630758370331
1136,0.0199910236407419
1137,0.06883166598291268
1138,0.07798447388147167
1139,0.0802431053977557
8560,42.87076323823043
8561,43.56613998965811
8562,43.799940752753386
8563,44.74133041778341
8564,45.10357664985606
8565,44.51444109291527
8566,43.9114297488613
8567,43.065377641325014
8568,42.693566185441696
8569,42.283822093708075
4230,242.0500650026657
4231,242.8226070113676
4232,244.52931914856734
4233,244.32142004931742
4234,244.09033829239257
4235,245.48878464291963
4236,247.78735167813636
4237,250.16260786019896
4238,252.61573986097136
4239,254.64494770222444
8620,93.79845762167953
8621,93.43601770491048
8622,93.86880836185333
8623,94.51228414971615
8624,96.00296731795353
8625,96.78902351386787
8626,97.12839046504747
8627,97.43559242618652
8628,97.69476637511009
8629,97.81440751956373
6930,101.4146342551327
6931,100.576050235911
6932,99.98258586345818
6933,103.42166789717045
6934,108.53302072673736
6935,113.15019190827077
6936,117.43819869192023
6937,122.00423775153851
6938,125.52809965682876
6939,128.57509274543634
5400,20.63815879560645
5401,21.27361921579378
5402,22.103522938132755
5403,22.28253092770443
5404,22.30466811298149
5405,22.582072038149
5406,23.03736288723732
5407,23.48507680278486
5408,23.84428104334598
5409,24.011809413248415
5760,51.916367694759195
5761,51.54436991815951
5762,51.60691429112441
5763,52.01695722638425
5764,53.01111245992017
5765,53.568180536979874
5766,53.76415772215128
5767,54.072169986101464
5768,54.260028128012536
5769,54.39784355544987
5040,30.16354105510665
5041,30.62691536998976
5042,30.925456454838084
5043,30.598185522591102
5044,29.88574962647293
5045,29.257633175048078
5046,28.92541620992091
5047,28.57685189464398
5048,28.548435954939606
5049,28.528876769757012
150,18.53698955188667
151,18.63194926938447
152,18.70497122443868
153,19.343416130871333
154,19.904961950869307
155,19.98239651533904
156,19.844209300194677
157,19.866021134055053
158,19.781609862312763
159,19.694723201283416
4610,26.06853342682564
4611,26.599394685341565
4612,26.765582610683374
4613,26.90144535246951
4614,26.687732196283648
4615,26.245627260592727
4616,25.93733510358203
4617,25.49777549247137
4618,25.311195693955447
4619,25.132549091378863
5410,75.84376362910457
5411,76.58517573394428
5412,77.65919795845295
5413,78.25500802216109
5414,78.12835745370101
5415,78.14906534896659
5416,78.24915669834249
5417,78.51590359027233
5418,78.67177408242222
5419,78.86824017810133
4820,23.43738226100608
4821,23.63847210560357
4822,23.744052029192588
4823,24.004056302533478
4824,24.037715990380647
4825,23.669452665933846
4826,23.259954798502612
4827,22.629707156606102
4828,22.19056311752771
4829,21.773734928140087
6690,173.75103534138287
6691,176.21602093777955
6692,180.27451731194
6693,183.9593479980781
6694,184.99923017264766
6695,186.97021364316703
6696,189.7279763702603
6697,193.12121399741417
6698,195.60451743487164
6699,197.97654011293332
600,191.772651443493
601,194.5547980013958
602,195.8772004056293
603,194.4205410705252
604,189.16444693666972
605,186.34654449033943
606,185.31247267658716
607,184.6908036978537
608,184.48270722296684
609,184.5944246742277
480,39.916540579656974
481,40.11701636964736
482,40.45850932268435
483,40.62971508380846
484,40.67435229104295
485,40.59121630632689
486,40.36546374725449
487,40.29757841247117
488,40.184782675876704
489,40.04935766015552
3410,12.303379844411111
3411,12.577504822512765
3412,12.697124623155432
3413,12.889827258552614
3414,12.87500174440973
3415,12.597366573137634
3416,12.342813075876805
3417,12.037985769882503
3418,11.869040696446248
3419,11.69140778680756
1870,95.41960589632805
1871,97.13871099955277
1872,99.43065918073583
1873,100.84848575144802
1874,100.54640797787629
1875,100.96852841785324
1876,102.05269674563847
1877,103.18507492149926
1878,104.18346045934686
1879,105.10856546866202
5960,150.68221668073932
5961,149.73753339841636
5962,150.4548012808484
5963,153.72182825699477
5964,158.58434532684566
5965,161.3114161647482
5966,163.26018500790252
5967,164.69732311919893
5968,166.07360950027015
5969,167.1017455464331
9160,108.7822214188218
9161,109.46600354014187
9162,111.0200451768592
9163,114.38098598834287
9164,116.94111474225306
9165,117.6223788811661
9166,117.78394669624936
9167,117.897218766053
9168,117.71902353512692
9169,117.55733799585963
8280,76.94854037681216
8281,76.74386094859139
8282,76.6447205840318
8283,76.71027366642592
8284,76.85476302233472
8285,77.07224664660696
8286,77.07276242072385
8287,77.19364568004218
8288,77.20805192415088
8289,77.15958825530993
5070,84.75212899646249
5071,83.65588306170952
5072,82.48087484340664
5073,82.75447691998485
5074,84.02611601807682
5075,84.75698532311836
5076,85.25495704364215
5077,85.54275689840033
5078,86.11592667584989
5079,86.75895826476622
8120,39.9347977606015
8121,40.59522132854701
8122,41.30396716623967
8123,41.58922794989178
8124,41.08019462784385
8125,40.95357883585452
8126,41.11228891451341
8127,41.31086188565834
8128,41.53178626635641
8129,41.77190133031085
2660,22.554908208506774
2661,22.59904966129743
2662,22.577644507540434
2663,22.45621563429725
2664,22.285040208139243
2665,22.127013420843703
2666,22.179400701922113
2667,21.91502559305892
2668,21.914345598854418
2669,21.875778500745895
6280,51.83286216459082
6281,52.94415483106624
6282,52.870244148497385
6283,51.22580043885385
6284,48.603304498565585
6285,46.10546633041491
6286,44.01516852675233
6287,41.6519175154514
6288,40.096096354465644
6289,38.64345498668156
2800,9.54365368690722
2801,9.377121516271757
2802,9.392682923925761
2803,9.537600662231227
2804,9.934407121816292
2805,10.06874226766962
2806,10.195322175059331
2807,10.080580141176156
2808,10.08512817763684
2809,10.173695574675392
3240,81.46585589248693
3241,81.25008350506232
3242,80.81824603170195
3243,80.69527631491344
3244,80.90478168061284
3245,80.89977626412345
3246,80.97204057461158
3247,81.01293342874561
3248,80.98332959416908
3249,81.10288508903103
3300,110.40058879032867
3301,112.40594170431245
3302,114.416797862685
3303,114.48850470708966
3304,112.71155060370594
3305,111.64044872022396
3306,111.1277355095826
3307,110.50464158775748
3308,110.1276247577787
3309,109.71173168960127
1660,54.94536810657341
1661,54.96605357147286
1662,56.04591530850068
1663,59.276288808892616
1664,62.710272275928745
1665,64.53228584792805
1666,65.81683847349478
1667,66.97394199156147
1668,67.87366841325175
1669,68.55709479493626
2730,78.36286324376994
2731,78.46242094334526
2732,79.49982549916355
2733,81.87922629133247
2734,84.32547831737742
2735,85.522778419079
2736,86.30314323264099
2737,87.24091166794344
2738,87.8324628743866
2739,88.36410969301883
3980,73.22408782625058
3981,72.44265424258097
3982,72.5464002402141
3983,73.29578513673464
3984,75.18059242253281
3985,76.2359099537249
3986,76.44003015059255
3987,76.43504190919683
3988,76.42819718924375
3989,76.20302890301303
7840,21.3279082467375
7841,21.232540409246454
7842,21.16608400741977
7843,21.106119833731398
7844,21.088695544198877
7845,21.14039076386871
7846,21.06119771516891
7847,21.21451795461516
7848,21.19611655480282
7849,21.18141700121148
3990,17.902285910024275
3991,17.94690362360992
3992,17.87456470453496
3993,18.09463372619099
3994,18.09736524400904
3995,17.84011716627394
3996,17.609723871952653
3997,17.31559794887977
3998,17.099040342117156
3999,16.97775496122746
540,24.509792396842016
541,24.22856441913362
542,24.079346326927684
543,24.250755452931372
544,24.750911453583484
545,24.915970866986207
546,24.870378339147464
547,24.78772006188209
548,24.711356280703527
549,24.631151393328032
2590,12.363009865043608
2591,12.395007565475439
2592,12.337457801642472
2593,12.224784301023377
2594,12.085036443460197
2595,11.970944027222217
2596,12.010208340531484
2597,11.803435938027064
2598,11.760660585243485
2599,11.701369294663436
2120,22.388037483353173
2121,22.45734152721851
2122,22.6336200499659
2123,23.267694035844833
2124,23.722768907664445
2125,23.858779428320247
2126,23.82130703307743
2127,23.79331272237838
2128,23.71072720275788
2129,23.67579629987658
90,101.46850515366107
91,99.70325080824813
92,97.30170588038584
93,97.78880939397894
94,100.52928925418001
95,102.73359193615278
96,104.64770846605384
97,106.8591210376093
98,108.76966741015178
99,110.4709555842976
990,87.96581432366197
991,87.48710423391053
992,87.18530264135137
993,86.81101564939044
994,87.2791351463888
995,88.01441034925425
996,88.77792216994398
997,89.67105212221338
998,90.45111438231766
999,91.08127202579968
4270,81.04252561528646
4271,81.18711855439977
4272,81.3371722291372
4273,80.1139403839718
4274,78.71602383044785
4275,78.08990941206692
4276,77.85385152755546
4277,77.65463676190808
4278,77.76247962703829
4279,77.93533795452238
9170,60.977998766946264
9171,60.8135682705806
9172,60.762356262639514
9173,60.966289591992364
9174,61.2754630282866
9175,61.49692065999871
9176,61.60218638672167
9177,61.68741984019509
9178,61.686806901919255
9179,61.592287747642
6160,16.675237473597747
6161,16.610398420696825
6162,16.514210558790715
6163,16.730334013275183
6164,16.98200525219316
6165,17.041390152672847
6166,17.134493502250024
6167,16.830059991129602
6168,16.58854216506012
6169,16.390594262751222
6000,51.10401322431431
6001,52.0411505866964
6002,53.23610348275115
6003,53.847590789708605
6004,53.51912894928687
6005,53.51724095924695
6006,53.72120693205185
6007,54.10287333731949
6008,54.36271529435419
6009,54.607341042560485
2130,108.05750371827747
2131,107.71042821472975
2132,108.36344662806498
2133,109.72799659949797
2134,111.73376474708238
2135,112.69540063444194
2136,113.5091273047064
2137,113.60014538376251
2138,113.92682474484819
2139,114.12557544184273
1830,21.578713166765205
1831,21.475207527640436
1832,22.144033451298355
1833,23.9355381431007
1834,26.276874847576664
1835,28.005922905095744
1836,29.481692919747992
1837,30.743369312754716
1838,31.70001943018775
1839,32.431808759250195
5520,0.06638500899978794
5521,0.06424818991881409
5522,0.06361073764226433
5523,0.0645360432019686
5524,0.068188662438331
5525,0.07029630758370331
5526,0.0199910236407419
5527,0.06883166598291268
5528,0.07798447388147167
5529,0.0802431053977557
2310,57.66670347447432
2311,57.34314731068878
2312,57.1260994163259
2313,57.7589111785079
2314,58.78775388502291
2315,59.053548938407474
2316,58.880300607971904
2317,58.625909716373314
2318,58.414596305667565
2319,58.158170013241545
6800,26.294508253088793
6801,26.28709817047649
6802,26.292174836838647
6803,27.36578125728751
6804,28.499847690972885
6805,28.729072555226146
6806,28.60471311157015
6807,28.429962452806762
6808,28.229622506405647
6809,28.05152415209203
1460,50.76997762022644
1461,50.78374546210453
1462,50.783493394398604
1463,50.71900177468224
1464,50.713932744317816
1465,50.695363400857
1466,50.78646176202679
1467,50.88301971802989
1468,50.99581868611578
1469,50.97877653588611
2600,12.985413072918746
2601,12.90567512918733
2602,12.91707143419238
2603,12.938044705936562
2604,13.036780486230882
2605,13.080608120292638
2606,13.302376550056493
2607,13.126791590364178
2608,13.158882672015167
2609,13.185905680323074
910,37.609825864961635
911,37.638001757606474
912,37.70704555758126
913,37.82289751503852
914,37.8327812522937
915,37.81458990486428
916,37.633778070046226
917,37.6366737660484
918,37.62628687923406
919,37.57989482563106
9960,83.86625126339183
9961,85.18017358202202
9962,86.9628036797854
9963,88.56708711742225
9964,89.06360170135825
9965,88.99669397113877
9966,89.03780598345786
9967,88.79517558719074
9968,88.6512116957384
9969,88.44212309328985
4110,99.6844428165494
4111,97.78295552774428
4112,93.1596911820808
4113,90.72723567477921
4114,90.12483957169144
4115,89.36126243911679
4116,88.0867756905246
4117,86.73682848274787
4118,85.55178938702132
4119,84.50600454201376
4770,175.08585914411935
4771,176.62251981857133
4772,178.59674178780693
4773,179.879154230441
4774,179.2097825392064
4775,178.26508551330932
4776,177.39432494927277
4777,176.26324724632644
4778,175.0874308947537
4779,173.98336182986907
1310,129.52004612166093
1311,129.4809728614616
1312,129.61246555917847
1313,129.24898085539007
1314,128.97597420182498
1315,128.6005906376899
1316,128.1066760752146
1317,127.5731425069688
1318,126.99281794701973
1319,126.36704250512065
2110,43.26087602297008
2111,43.58335019635496
2112,43.546317086334206
2113,42.828702770559865
2114,41.7476586438461
2115,40.816411327172595
2116,39.96956953579363
2117,38.90323291369055
2118,38.16853589439435
2119,37.47357026137059
6660,62.119765649304995
6661,62.146495468540465
6662,62.077064891570956
6663,62.20526213293344
6664,62.193813275717844
6665,62.1470605641595
6666,62.02846689207298
6667,61.87135692394486
6668,61.655831937094014
6669,61.39375410664215
1600,27.284631514581093
1601,27.5339936194993
1602,27.67818869534611
1603,28.96053178337202
1604,30.211418953006614
1605,30.79073089794806
1606,31.11790525837217
1607,31.365316742767718
1608,31.46230630962259
1609,31.492089382695596
5130,40.62054935831151
5131,40.619472304183006
5132,40.53981071004328
5133,40.600139157642985
5134,40.587519053190356
5135,40.58804599343573
5136,40.562001546571786
5137,40.47126778822401
5138,40.35273592588079
5139,40.18066640490663
2010,114.37836613828495
2011,113.996265812175
2012,113.79733796090764
2013,113.78821424123781
2014,113.96267764717405
2015,114.16421614119065
2016,114.20400067697305
2017,114.39130981019932
2018,114.58905955862714
2019,114.74360195678268
3210,20.295753081867183
3211,20.36853955134923
3212,20.462755610202905
3213,20.766896396286
3214,21.028206077684267
3215,21.12051578352724
3216,21.21805963721701
3217,21.27804499539881
3218,21.342972757312417
3219,21.4135025017667
5860,68.47919214282898
5861,68.07196864113337
5862,68.54086007191455
5863,70.00898039305764
5864,72.36034221980353
5865,73.9753668806002
5866,75.26042187240247
5867,76.48159976490132
5868,77.49514093939645
5869,78.30399605033631
2260,61.965062644825736
2261,60.10741306133157
2262,57.972914368103325
2263,57.44585131456739
2264,59.1290181203073
2265,60.243518928147765
2266,60.70144029927434
2267,61.14385998643171
2268,61.450252985952076
2269,61.44299679831842
3090,29.879403102837138
3091,30.427871145784906
3092,30.71852107411283
3093,29.622249966788708
3094,28.118202465321204
3095,27.18533687040548
3096,26.707276967259574
3097,26.230276627103954
3098,26.12109214638994
3099,26.008262333086478
9980,37.44717199403674
9981,37.6253703871733
9982,37.783057544153905
9983,38.13289827588254
9984,38.3128190370524
9985,38.18570511723038
9986,38.18310941537057
9987,37.83672475898658
9988,37.677699314413346
9989,37.51075139304798
4050,21.412428891986345
4051,21.485972274565583
4052,21.681448997606353
4053,22.48409666946305
4054,23.36518981519827
4055,23.78377071504937
4056,24.086833380587606
4057,24.372341479224836
4058,24.61351417097741
4059,24.77189370030886
2360,91.98521179255384
2361,90.64674767076268
2362,90.70476073570784
2363,92.2356609421065
2364,95.49922295982574
2365,97.18304299229423
2366,97.89089047192553
2367,98.44943030816121
2368,98.85850206819448
2369,99.12572516250204
9020,29.068453097338626
9021,29.17722701805667
9022,29.463227616487536
9023,31.310965645132953
9024,33.01439016392094
9025,33.52784954573466
9026,33.50608707201674
9027,33.36273977491015
9028,33.02765417413893
9029,32.66051011566017
7430,59.412630111160574
7431,59.501765772086955
7432,59.84308273887929
7433,60.619860901436354
7434,61.43503001561024
7435,62.06203835135288
7436,62.82443560291923
7437,62.973845571208926
7438,63.17332571890125
7439,63.36664327004094
4800,0.06638500899978794
4801,0.06424818991881409
4802,0.06361073764226433
4803,0.0645360432019686
4804,0.068188662438331
4805,0.07029630758370331
4806,0.0199910236407419
4807,0.06883166598291268
4808,0.07798447388147167
4809,0.0802431053977557
8670,11.322462655444497
8671,11.283429422816667
8672,11.386952969610348
8673,10.945277933035527
8674,10.624384822268468
8675,10.55159363857473
8676,10.46893042033689
8677,10.53028282895086
8678,10.58654504842383
8679,10.591284452973774
9430,74.85014157716535
9431,74.791984610624
9432,74.79926589488824
9433,74.82582325230598
9434,74.91411270498494
9435,74.72641628591919
9436,74.86601889462793
9437,74.53717476981211
9438,74.43726388022478
9439,74.40571674854614
3190,80.71919892261542
3191,81.66044871786804
3192,83.29329894809963
3193,85.33659643217814
3194,87.53387605577825
3195,89.95781890521731
3196,92.68994117040774
3197,95.53407887456581
3198,97.9561270780776
3199,99.92655919491156
7500,19.610731335339423
7501,19.720833700057916
7502,20.017389272080322
7503,20.29910325209599
7504,20.416096487105378
7505,20.426734000508233
7506,20.316402951735448
7507,20.17541838924069
7508,19.914805405518806
7509,19.668297414723213
9350,19.016491034443135
9351,18.992366540092824
9352,19.036086827375627
9353,18.79300709775245
9354,18.52054262335882
9355,18.499182894217554
9356,18.678168279973775
9357,18.66346670319892
9358,18.776813036756053
9359,18.870227429407763
7780,108.08466621006234
7781,106.57032409317327
7782,106.72418370681041
7783,108.2870699316793
7784,112.1154203073291
7785,113.82761811178783
7786,114.35167274785672
7787,114.57700005847036
7788,114.7948272939283
7789,114.84949633924623
2240,17.73756274486999
2241,18.051340790655914
2242,18.02880855106875
2243,17.50553165968921
2244,16.692025021171695
2245,15.961042445013298
2246,15.357616482825797
2247,14.695624460690937
2248,14.276292664816687
2249,13.88006059686768
7510,9.778777890379615
7511,9.741506134706825
7512,9.771684354006624
7513,9.742868536341234
7514,9.738379778035494
7515,9.711283813317266
7516,9.438675021985034
7517,9.766496113756318
7518,9.768483328342214
7519,9.82643623583369
4370,122.34832386482586
4371,120.90157466275832
4372,118.4800630025037
4373,117.89763818062154
4374,118.69168614229585
4375,119.21437731639725
4376,119.45193303390687
4377,119.4005581905408
4378,119.47853331807646
4379,119.48151986582408
9910,81.22206912540697
9911,78.96304427103394
9912,74.80433247083484
9913,73.4689243579365
9914,74.75149162764322
9915,75.88537300032452
9916,76.64048719005396
9917,77.53467746409251
9918,78.24700655956953
9919,78.90832010195079
6750,54.90890577098498
6751,54.93124721321732
6752,55.15089807314594
6753,55.10353391670321
6754,55.08899413560256
6755,55.20847877891947
6756,55.35039985026434
6757,55.46106132582893
6758,55.611865605712225
6759,55.695187346291185
280,25.062975337300344
281,25.621472592987452
282,25.880069657273843
283,26.135190198248388
284,25.956425019895228
285,25.352018096136405
286,24.77923416487156
287,24.053296190406186
288,23.594762736552006
289,23.130312837100107
290,48.907226595613665
291,48.81832560326444
292,48.58288051292415
293,48.290774389641385
294,48.15417213958828
295,48.2280787049606
296,48.42393348730478
297,48.54945722806896
298,48.63018554748962
299,48.701365217975074
5670,20.285448503926325
5671,20.648040639987933
5672,20.867367011654636
5673,19.760203975063618
5674,18.34503302890929
5675,17.552312614525405
5676,17.189657222510093
5677,16.87876534540817
5678,16.872687142471378
5679,16.852872944169107
4650,193.21297038007447
4651,192.11036719309345
4652,191.2711843320991
4653,191.60749356043976
4654,193.03162740719296
4655,193.6107712268463
4656,193.53804713114914
4657,193.2006869628708
4658,192.97594652687835
4659,192.94850179747226
1970,43.739614544103866
1971,43.96497272054438
1972,44.02966881111413
1973,44.05984058765041
1974,43.89331318189684
1975,43.663948897141154
1976,43.27832948276669
1977,42.925255789085305
1978,42.52032155729434
1979,42.13799777874753
7560,19.0609996007002
7561,19.412528080131622
7562,19.62962900906936
7563,20.16006735773037
7564,20.41465142844362
7565,20.203635936652176
7566,20.00500836231044
7567,19.7371471092695
7568,19.646080176618483
7569,19.51848023469269
7700,16.281621643241117
7701,16.301281480071054
7702,16.481371927171253
7703,16.537885743255515
7704,16.623410637175205
7705,16.740935260390387
7706,16.89062152704563
7707,16.974521219428347
7708,17.073700369932283
7709,17.143745129891748
8940,86.10338225947163
8941,86.11049312936298
8942,86.31282822587207
8943,86.73608270536002
8944,87.3266217913606
8945,87.52173996602971
8946,88.24892967810098
8947,87.54480431681098
8948,87.70677497492969
8949,87.9482349405422
9310,7.178830253180351
9311,7.158132749469104
9312,7.247153974469171
9313,8.00715240503554
9314,8.97307830841794
9315,9.644724757317277
9316,10.192433960939496
9317,10.632036882205938
9318,10.910348109924257
9319,11.105399469977854
8210,119.5431353588391
8211,121.72303802000047
8212,123.64491842844805
8213,123.62046613064197
8214,120.80179392255684
8215,119.44744203595519
8216,118.9058819807652
8217,118.44312367523594
8218,118.30525945648813
8219,118.36867775405067
740,120.58367597138883
741,123.96449923321023
742,127.7986420091328
743,128.84389117030776
744,126.11479928518057
745,125.78971634032932
746,127.23409268600412
747,129.02696661973366
748,130.47455270341888
749,131.97056497229792
2020,157.84249889443055
2021,155.89559172749938
2022,152.46957404894255
2023,153.32223317131235
2024,156.73568672919436
2025,159.35057244085442
2026,161.86392194687454
2027,164.39345486577201
2028,166.9035560878637
2029,169.12378308048466
1560,58.026724770813985
1561,57.17447994071994
1562,56.17035555395246
1563,56.10233620385948
1564,57.23946908258916
1565,57.78102260842553
1566,57.97373033393498
1567,57.97057760879216
1568,57.808983711312564
1569,57.76194706974867
6310,99.03327499488097
6311,100.15159588921878
6312,101.00461859144265
6313,101.22138327214458
6314,100.08591725835352
6315,99.63297352503267
6316,99.6525927630785
6317,99.7595098327597
6318,99.84206728306367
6319,100.01896997003183
6760,217.9005969367983
6761,220.83714796305952
6762,222.32390507450867
6763,220.83070024901193
6764,215.4108388510734
6765,212.44924744684639
6766,211.31948277956633
6767,210.69041686309913
6768,210.40062113339087
6769,210.33116199537284
1950,67.71676908479134
1951,67.68285841309024
1952,68.00108991501916
1953,68.18544563260073
1954,68.52768751191388
1955,68.76458797607937
1956,68.95870601684096
1957,69.03156423634167
1958,69.11401893873884
1959,69.17760662368124
4940,48.73326439929815
4941,49.63373594020673
4942,49.01901884647313
4943,48.38783080847088
4944,46.8058552283381
4945,44.440625753098075
4946,42.091887126950624
4947,39.351825260132706
4948,37.534307740691396
4949,35.910135471929635
8150,130.8311562429038
8151,129.70533846946944
8152,126.8371580146812
8153,125.44815398157382
8154,125.12161306117619
8155,125.12873670763906
8156,125.09710855050159
8157,124.79599570993344
8158,124.4375166144008
8159,124.13253817361408
3360,13.580248213420774
3361,13.600917294150918
3362,13.721368247781172
3363,14.458798491996504
3364,15.088356299001582
3365,15.311726300950468
3366,15.33703417711186
3367,15.25328798188815
3368,15.103467652232048
3369,14.957855970537395
3800,0.06638500899978794
3801,0.06424818991881409
3802,0.06361073764226433
3803,0.0645360432019686
3804,0.068188662438331
3805,0.07029630758370331
3806,0.0199910236407419
3807,0.06883166598291268
3808,0.07798447388147167
3809,0.0802431053977557
8300,49.887610616778844
8301,49.84214856902662
8302,49.89909402768592
8303,50.16476441322227
8304,50.36520579545926
8305,50.37499896135134
8306,50.40150745424847
8307,50.37119052590619
8308,50.38848297632923
8309,50.385726413383765
7920,43.34737934050241
7921,43.263622380210194
7922,43.33982086354071
7923,42.538879832772054
7924,41.85136484971193
7925,41.66929345414892
7926,41.50068317742498
7927,41.500387849529
7928,41.50934227326379
7929,41.50740947385764
8050,25.661776684601826
8051,25.48160460256028
8052,25.383748839987945
8053,26.027691149303067
8054,26.892790309901933
8055,27.033239952927012
8056,26.824700136051767
8057,26.568458797534866
8058,26.311927580327477
8059,26.093350362187522
1410,37.35133543083819
1411,37.23524151540194
1412,36.809061357095416
1413,37.216771610984665
1414,37.86901366005928
1415,38.32228504330273
1416,38.58682107245396
1417,38.9583318437054
1418,39.16256917608297
1419,39.31829702919631
4280,39.21613463946984
4281,38.880348533997676
4282,39.74190675636952
4283,41.68784577007101
4284,44.134763140063754
4285,45.865384626214926
4286,47.17179408237309
4287,48.258763015742254
4288,48.99292504419475
4289,49.536789881249604
6370,4.2784801540424695
6371,4.292072500279559
6372,4.3334676335319955
6373,4.381431281748988
6374,4.417916611272489
6375,4.439253197051798
6376,4.759209889559699
6377,4.4993245082181375
6378,4.588842890658142
6379,4.646062986157915
2980,14.556252301284516
2981,14.649673705157426
2982,14.784513899232763
2983,15.44392319640231
2984,16.132983012236735
2985,16.444127415661185
2986,16.528571578991944
2987,16.74633739705147
2988,16.754601297629705
2989,16.72535895132799
560,95.86931081907842
561,93.68889279933907
562,90.72697435032435
563,91.5895978059239
564,95.27319209301731
565,98.26304468746189
566,100.87468853577595
567,103.7504286645298
568,106.22862634933614
569,108.39772046811476
7850,14.873335802126107
7851,14.92739944764513
7852,14.985608221423632
7853,15.002689328190584
7854,15.004224101411552
7855,14.993076708310014
7856,14.840375648439874
7857,15.014858380914603
7858,15.00814922689409
7859,15.025372692886371
1790,50.0478578931233
1791,49.781204798987424
1792,47.47903837977509
1793,47.15297576424406
1794,46.987445242683606
1795,46.88164164674484
1796,46.78903277892669
1797,46.862725812334716
1798,46.6796387156638
1799,46.576661066105174
690,29.436061200604442
691,31.847065309911706
692,34.55183357021548
693,38.26486558880292
694,42.42807145869966
695,46.49082723311861
696,50.951960402268554
697,55.21564191809161
698,58.714482202389924
699,61.057637297231715
7020,74.11083370851819
7021,74.13484513772895
7022,74.16542060320222
7023,74.19845700951035
7024,74.32675765294601
7025,74.47344611714126
7026,74.53322835780634
7027,74.7607728187541
7028,74.82351545782309
7029,74.83607378833821
8030,4.299281083385651
8031,4.305139238949124
8032,4.30267159852869
8033,4.289435541402938
8034,4.272892346934768
8035,4.2626112476009155
8036,4.4619990015156645
8037,4.255250330015514
8038,4.245036847294202
8039,4.238001019475362
1540,147.72309098678807
1541,147.67760729598345
1542,147.6233230355715
1543,147.37440562879732
1544,147.00285798245343
1545,146.90443513374217
1546,146.89497527893843
1547,146.6026894610916
1548,146.55690697546814
1549,146.51340578107676
3250,133.3989974996869
3251,133.47074280456806
3252,134.8054699536696
3253,136.50561140724153
3254,138.85895098817923
3255,140.89778097689236
3256,143.122206383311
3257,145.2850602859093
3258,147.59853013331173
3259,149.5820388825082
6780,8.511493741441782
6781,8.526065431640987
6782,8.53520749488169
6783,8.839734789003103
6784,9.133783928296737
6785,9.20930429862024
6786,9.329219180467646
6787,9.191074975484739
6788,9.187509259727477
6789,9.16807268660363
4500,150.65537677848027
4501,150.28268469602028
4502,149.8431997256934
4503,153.00125525680187
4504,157.56072416215662
4505,160.78400742523834
4506,163.69498037712924
4507,166.30906314614032
4508,168.6210279540457
4509,170.55008657619555
9030,83.04137819582904
9031,84.43746174712803
9032,86.57785566232552
9033,87.90715322708661
9034,87.97849734416093
9035,88.49868600746676
9036,89.40299143389578
9037,90.47348048109744
9038,91.28695839933403
9039,92.05682347306066
3530,45.07969938000278
3531,44.952701727946945
3532,45.52287374830295
3533,47.16071397014853
3534,49.20968805309131
3535,50.56018611360919
3536,51.66752987052595
3537,52.88186494110578
3538,53.836436820920134
3539,54.666390071570206
8130,89.91279376734273
8131,89.82032727410679
8132,89.73240653534049
8133,89.68295348551953
8134,89.55528425812511
8135,89.56475611964865
8136,89.36694441212683
8137,89.32980541558975
8138,89.30852543326719
8139,89.23490730780789
9990,98.8425292097519
9991,99.6067342783346
9992,100.28301128476089
9993,99.87331932687995
9994,98.60255154796205
9995,97.87497846346062
9996,97.45131950214974
9997,96.97687546478528
9998,96.6172798545732
9999,96.3372618916544
9700,122.55942982949287
9701,122.50179565578588
9702,122.3900348746326
9703,122.40996906191873
9704,122.36312538472345
9705,122.36330231992274
9706,122.42275839283974
9707,122.40556376575198
9708,122.43951643783605
9709,122.59056972637589
2270,114.6818781413841
2271,114.39054668327131
2272,114.37784360778598
2273,114.67941385680606
2274,115.10349275217709
2275,115.37922969900487
2276,115.3934152052658
2277,115.4746482137482
2278,115.58840362359734
2279,115.58107589601904
390,24.18067001482875
391,24.53833526542285
392,24.873863627650024
393,25.46876677948209
394,25.779820977645244
395,25.63008480696925
396,25.631994985542903
397,25.229490189906684
398,25.117420857940417
399,24.9925653719405
5050,154.1362393510276
5051,155.5319200692897
5052,157.622317802078
5053,160.5037760747676
5054,161.6358480469101
5055,161.3745420702451
5056,161.08252483520465
5057,160.46296874985515
5058,159.94504376904834
5059,159.4844710718961
4690,0.06638500899978794
4691,0.06424818991881409
4692,0.06361073764226433
4693,0.0645360432019686
4694,0.068188662438331
4695,0.07029630758370331
4696,0.0199910236407419
4697,0.06883166598291268
4698,0.07798447388147167
4699,0.0802431053977557
340,59.658659799387465
341,57.88428911575037
342,54.79150923539647
343,54.50372708092218
344,56.3758783998404
345,57.513804062759675
346,57.97490551869956
347,58.5795640313786
348,58.808437843449155
349,58.916390199715124
8630,97.29295503675593
8631,97.16643109572209
8632,97.19416534402052
8633,97.04799314819454
8634,96.87417411162966
8635,96.90556961324751
8636,97.06091083355705
8637,97.25834417040402
8638,97.58288414533094
8639,97.91870353301705
9520,26.695402563240577
9521,26.821173784255443
9522,27.034887068289756
9523,28.245983513567985
9524,29.27375967859558
9525,29.497269659841294
9526,29.349344677015132
9527,29.090559281118423
9528,28.759534409875194
9529,28.445242555950017
7370,18.204677940650505
7371,18.1992733402288
7372,18.1231242471219
7373,18.367536790947938
7374,18.502643018635382
7375,18.219931980719743
7376,17.75405356041952
7377,17.493638304603245
7378,17.267615330818735
7379,17.074088464571503
3370,48.09187995159911
3371,48.87833919557065
3372,49.08002616544347
3373,48.58438800649499
3374,47.43779937144036
3375,46.19747287022594
3376,45.32910627178134
3377,44.314148621025396
3378,43.9150834227407
3379,43.52438447856378
6810,280.36896313381766
6811,277.09769508838474
6812,270.8757511763731
6813,269.6621244362767
6814,272.01559798068683
6815,273.169994544052
6816,273.59433570354196
6817,273.6440731058815
6818,274.5079873046488
6819,275.46543580401124
1840,19.23679094594707
1841,19.14643890854682
1842,19.13734627802843
1843,19.558834276235018
1844,20.166132829513444
1845,20.315617104317262
1846,20.339798873964867
1847,20.261222600399655
1848,20.25585224920821
1849,20.21926793110738
1710,84.22427888560392
1711,84.29237174140769
1712,84.3357991777749
1713,84.32288661732127
1714,83.89288495885094
1715,83.47548263661861
1716,83.14774871762071
1717,82.78666256375558
1718,82.85161140802296
1719,83.04668841718606
2370,141.50293836592124
2371,140.45771848756297
2372,138.70683729346752
2373,137.7493786323758
2374,137.83104674240025
2375,137.99273432907523
2376,138.0368429183838
2377,137.90153897686548
2378,137.94148433984202
2379,137.98542957602055
4830,111.81640574251628
4831,112.63892210654146
4832,113.34462811283797
4833,112.89553528919967
4834,111.18072279428307
4835,110.16692555882453
4836,109.75384551718936
4837,109.39539611766581
4838,109.45588842443303
4839,109.65897755529365
3890,49.903380123384345
3891,49.65034791703759
3892,49.549515135974154
3893,49.775296164388635
3894,50.393716670948265
3895,50.46256730680929
3896,50.187900690444536
3897,49.917795566112275
3898,49.50184113441023
3899,49.22559483757207
7620,43.066578443269826
7621,43.00761583744081
7622,43.30668940391388
7623,43.92903917451669
7624,44.7935554668695
7625,45.173284434893034
7626,45.22026406061269
7627,45.30723105362246
7628,45.20974942192696
7629,45.04735670743727
2900,107.38301692397916
2901,110.04515143966374
2902,111.57338704033131
2903,111.59511488482087
2904,108.28073231442882
2905,106.49884032253303
2906,105.82755652262465
2907,105.51578168884137
2908,105.27076670258242
2909,105.37685414426642
4400,163.5733445022998
4401,164.52775555315617
4402,163.25556722462863
4403,161.95746768668172
4404,159.1073483020683
4405,157.9435779248746
4406,157.69853220187252
4407,157.9561162205493
4408,158.07915111825935
4409,158.50573241357966
6140,94.26415593570245
6141,94.31034822799607
6142,94.28671058549526
6143,94.3346611538098
6144,94.41099130281134
6145,94.40590012170259
6146,94.47800223965993
6147,94.36680480850637
6148,94.29552278964903
6149,94.22286368028423
8840,80.36556415428197
8841,81.02101707042043
8842,81.7003492042451
8843,83.01749990265648
8844,84.10354724994264
8845,84.08131239608542
8846,83.47531210763954
8847,82.6523161983084
8848,81.60705670397627
8849,80.46830508768733
2100,120.83257047180425
2101,122.12489465560324
2102,123.66426336187195
2103,123.27215068936644
2104,121.39269385806477
2105,120.0787968289228
2106,119.17260936649649
2107,118.32618960987081
2108,117.63306169277655
2109,117.06539585333867
8390,116.39439638387641
8391,117.64657597061881
8392,118.55911184410995
8393,118.27993648800319
8394,116.34649804945084
8395,115.33100264459053
8396,114.89089317597225
8397,114.6534956258053
8398,114.5205374974508
8399,114.58152195105673
1920,61.99965092036712
1921,61.8207233637364
1922,61.96825889306289
1923,62.42729302723143
1924,63.282685693357244
1925,63.784300544221395
1926,64.03458027078653
1927,63.96317220791583
1928,63.95198655923694
1929,63.88588764754448
5140,97.4070723198628
5141,97.86116517938805
5142,98.55119143359678
5143,99.16467798528763
5144,99.56448146198686
5145,99.85127438836467
5146,100.06671689091093
5147,100.39137129177294
5148,100.62677565852213
5149,100.73190008990024
2420,69.2274096528662
2421,69.59231917713318
2422,70.41520819153466
2423,71.60201240514486
2424,72.59831870614626
2425,72.97970059352214
2426,73.06185138034388
2427,73.22559621240194
2428,73.31413246904317
2429,73.34412326043592
8140,47.031186868218235
8141,49.89132057731836
8142,50.45121874250269
8143,49.433468534778335
8144,44.751768816569985
8145,42.80151713214609
8146,42.65706726368256
8147,42.77215551806716
8148,42.83968822874215
8149,43.26253266653239
1140,29.268703408607898
1141,29.852976901355845
1142,30.528029406317657
1143,31.076096177960736
1144,30.951249914270306
1145,30.977974974484525
1146,31.197588910604026
1147,31.550198568562998
1148,31.804216596260837
1149,32.055379456597436
610,40.87122810621888
611,40.85555816062872
612,40.78663301964427
613,40.96040785379658
614,41.04561342097993
615,40.950033783753156
616,40.921025257050474
617,40.70656478120251
618,40.61298578406892
619,40.58727137797861
6700,124.60857690100185
6701,124.22662847423312
6702,123.95017221124206
6703,123.69256408103365
6704,123.620058299362
6705,123.61149860134276
6706,123.54087473960655
6707,123.40349316445582
6708,123.31395990545565
6709,123.30288661427416
2140,26.582181113317986
2141,26.712753651545725
2142,26.764147493537997
2143,27.036021932537494
2144,27.154296266278365
2145,27.0856949068719
2146,27.117767882032595
2147,26.890026378522265
2148,26.79042504117171
2149,26.731212804502462
30,124.15394807464764
31,123.96772066119883
32,124.67748307962991
33,127.96961705659544
34,131.86812015509244
35,133.8296684528192
36,135.0212894783071
37,136.00445528150328
38,136.5865553209012
39,137.0162253302812
2480,31.474471240060716
2481,31.80104863849975
2482,32.29314145888853
2483,33.47429704193577
2484,34.422022851223204
2485,34.82608311754209
2486,35.21045529500028
2487,35.357355962167134
2488,35.542632613640244
2489,35.68367703902311
7890,27.009503919309758
7891,27.012867585159192
7892,27.008754574001678
7893,27.12827144473507
7894,27.24759222634107
7895,27.369269301774395
7896,27.59188213451118
7897,27.28050434403638
7898,27.159164738294713
7899,27.04168545385984
5580,109.2864716767292
5581,111.83775401076878
5582,113.49881146659438
5583,113.44567552895676
5584,111.36839222173856
5585,110.452862305471
5586,110.93383842938742
5587,111.37163850162825
5588,112.48126369372117
5589,113.34458891963821
5740,156.95582543472682
5741,158.97142033040024
5742,160.55881596152918
5743,160.95554104822952
5744,159.6445062415079
5745,158.61746567436538
5746,158.16992810977843
5747,158.07088144449895
5748,157.93007016553048
5749,157.87857380204383
7000,19.899317165583753
7001,19.910294933272453
7002,19.94700944019023
7003,20.202233197554037
7004,20.488457515602107
7005,20.67591894463284
7006,20.698970570797215
7007,20.736822639747317
7008,20.64728954077455
7009,20.543825703717957
5020,180.00142913087853
5021,179.58059772816847
5022,179.90467017509565
5023,179.74230818757496
5024,180.54814457291405
5025,181.76253224031268
5026,183.01945832689003
5027,184.46635030396394
5028,185.79584399127128
5029,187.02273935512193
8290,12.657223024064962
8291,12.10110544666746
8292,11.379652309961699
8293,11.528504643579467
8294,12.307675143813213
8295,12.512506406830639
8296,12.372403452247006
8297,12.17563127623815
8298,11.988670748234156
8299,11.803132304759806
9560,140.37586958408764
9561,142.09539246682328
9562,143.65932326462053
9563,143.24062560708472
9564,140.51023347629476
9565,139.28259786430664
9566,138.90921808041222
9567,138.62314451583987
9568,138.31816782830253
9569,138.60480845525063
7380,84.17800703734594
7381,87.452160629427
7382,89.97436388955123
7383,90.54790913401597
7384,87.40343496713378
7385,85.81098097242105
7386,85.47662332664152
7387,85.33553089882345
7388,85.24460857268377
7389,85.41201093423001
8470,115.76358698346822
8471,119.30273256130675
8472,123.31359521208817
8473,126.10475655087214
8474,124.5294068264947
8475,124.57252131738662
8476,126.31834727467896
8477,128.68079208752917
8478,130.7830842662611
8479,133.00617756120144
9570,40.38207239783735
9571,40.209979954694475
9572,40.21095360515367
9573,40.333478111523576
9574,40.690653317764415
9575,40.81855111844024
9576,40.93650345739057
9577,40.83381329539441
9578,40.839520000882246
9579,40.91749335581975
5220,30.18511289150655
5221,29.916834730052898
5222,29.90158695372805
5223,30.833112260010246
5224,32.13246836210842
5225,32.51583522198972
5226,32.510641389954614
5227,32.46297121617013
5228,32.39487429993397
5229,32.3461858500128
9710,40.10974897859093
9711,40.855725476005944
9712,41.15855719840519
9713,40.83813886849645
9714,39.89895581298523
9715,38.83850858129517
9716,37.94837777635647
9717,36.89190827676605
9718,36.25582650871216
9719,35.59220449715762
9920,40.31728386215923
9921,40.694684201425744
9922,42.067451388188545
9923,44.134682126959206
9924,46.84774862547067
9925,49.24595816125914
9926,51.42784003625976
9927,53.30684899080141
9928,54.65679415103195
9929,55.55989246137313
2610,27.317241557559825
2611,27.715717353978107
2612,27.882712998368397
2613,28.999283637958115
2614,29.7723774663749
2615,29.597325089064448
2616,29.35542135094608
2617,28.95214103449066
2618,28.830135195132485
2619,28.70594748478255
6110,114.57171367641021
6111,113.002257640131
6112,111.52390862069718
6113,111.18617561849999
6114,112.8296759012674
6115,113.54029843984895
6116,113.23759101561305
6117,113.29026243297075
6118,113.27834626836778
6119,113.05834628201035
6910,35.92342330637576
6911,36.01896113025692
6912,36.35603606760075
6913,36.15099157209894
6914,35.94521378591209
6915,35.881790483925414
6916,35.74060727878093
6917,35.863529014243724
6918,35.9517973045994
6919,35.875071418523575
2740,70.66192986978136
2741,71.38649210421232
2742,72.05906354191997
2743,72.2580819870474
2744,71.56087154256673
2745,71.1514822485157
2746,71.09258013696505
2747,70.94744613586438
2748,70.94907123004322
2749,71.01296128503866
1320,17.65508575320009
1321,17.556709536641876
1322,17.572607546591783
1323,17.597901632192347
1324,17.71639435428616
1325,17.770577527144226
1326,17.99682669215602
1327,17.832166453185366
1328,17.875488685515876
1329,17.911633218387827
9530,91.47312891160989
9531,91.52335593239133
9532,91.93331123507622
9533,91.59015424852704
9534,91.24408569021973
9535,91.1975176376813
9536,91.27828793696705
9537,91.25653623742116
9538,91.41321939770017
9539,91.54888012387431
3640,37.342447599669455
3641,38.05422767665261
3642,38.16715080406699
3643,38.065898501014104
3644,37.278624102401245
3645,35.97684473278129
3646,34.858420645347074
3647,33.56002239937638
3648,32.83481308185027
3649,32.169186175376225
7390,12.673084274991524
7391,12.718006365492542
7392,12.72306496999424
7393,12.879070625957652
7394,13.029313421599355
7395,12.9697304272527
7396,12.881832548103304
7397,12.770442250913419
7398,12.740525885233609
7399,12.718090005124338
7090,125.57973727708713
7091,125.64663988375395
7092,125.66845613351595
7093,125.78338521518612
7094,125.53897971692192
7095,125.26926872153939
7096,125.12297982305051
7097,124.94081437278464
7098,125.1851296474336
7099,125.4663382318015
9130,0.06638500899978794
9131,0.06424818991881409
9132,0.06361073764226433
9133,0.0645360432019686
9134,0.068188662438331
9135,0.07029630758370331
9136,0.0199910236407419
9137,0.06883166598291268
9138,0.07798447388147167
9139,0.0802431053977557
3770,122.80375162155417
3771,124.06517423699333
3772,125.3694396405982
3773,126.30739277858727
3774,125.8767270487094
3775,124.87117547413288
3776,123.79218462214193
3777,122.36383759830875
3778,121.17010922088807
3779,120.09816389578484
9810,71.10309555353766
9811,71.1901872539277
9812,71.0361298842124
9813,70.4677216838868
9814,69.83776027472996
9815,69.41459585884549
9816,68.8800419402052
9817,68.51907529614584
9818,68.14275493924005
9819,67.84671465296334
6170,117.28707512946892
6171,119.0521367431995
6172,121.42447813214432
6173,124.93789146648038
6174,126.92034908667073
6175,127.62434164778622
6176,128.17310447192182
6177,128.51918726473914
6178,128.55373305949516
6179,128.369712962689
830,9.206943449030291
831,8.899262462916141
832,8.481339417840971
833,8.745865269958301
834,9.342892101769351
835,9.615552858944682
836,9.681237551850643
837,9.813975172187426
838,9.857657313918764
839,9.875576585749677
7440,186.13945496467568
7441,185.4826293062983
7442,185.81637694109068
7443,189.03833311648225
7444,193.6500410476708
7445,197.15628673991947
7446,199.83265726842177
7447,202.46833433752113
7448,203.96298081976988
7449,205.13396355028118
5030,36.67500411739863
5031,36.290078899309194
5032,35.93266056942456
5033,36.772536236715254
5034,38.05792618541485
5035,38.30551122980379
5036,38.02464813863729
5037,37.60230452954735
5038,37.21832869233996
5039,36.85281443618885
880,7.002675565299413
881,6.9505811852292965
882,6.9726090663164655
883,7.280204400832545
884,7.667299774801734
885,7.745744548608798
886,7.753162554891233
887,7.742525075570782
888,7.752830324146345
889,7.747241693106318
7250,54.22588806597718
7251,54.114416412584205
7252,54.05492854992778
7253,53.997062761431025
7254,53.83789709612424
7255,53.77455935406648
7256,53.611381835899394
7257,53.577864783377926
7258,53.5723936883843
7259,53.57239075978426
7860,20.947572376963045
7861,20.990064844882568
7862,20.939493403902915
7863,21.00458799763055
7864,21.029811646949653
7865,20.997690943232435
7866,21.015178040229557
7867,20.939656795755667
7868,20.808559394755065
7869,20.691836187390457
1420,183.04051312241631
1421,181.8693021467589
1422,180.07875059554428
1423,182.4186815636282
1424,186.4690162242453
1425,188.89402917860662
1426,191.11603454166092
1427,193.29855028243705
1428,195.70065226940815
1429,197.81999833299778
6710,35.50836989745508
6711,35.93146104334307
6712,36.88575450174058
6713,38.51367786143785
6714,39.69608517423478
6715,40.39324312190273
6716,41.26102090853638
6717,41.90564292019822
6718,42.49376778394725
6719,42.99473677705447
3730,17.624447498668104
3731,17.66407210761851
3732,18.090130122426885
3733,19.083306681614957
3734,20.223929323052722
3735,21.07113250616493
3736,21.78330053722356
3737,22.38972593352213
3738,22.793736892411943
3739,23.075751434300372
5530,154.51898965258152
5531,156.88684446333707
5532,158.28716984899648
5533,157.5999484099623
5534,153.98457902103428
5535,152.1852225673215
5536,151.61714083884488
5537,151.6598552134472
5538,151.58739097762407
5539,151.2723873721011
730,75.78845919661677
731,76.16158187371059
732,76.58815640110026
733,78.38703176072443
734,79.6932259361929
735,79.50537789099553
736,78.74013849411594
737,77.73802717435545
738,76.81366417306221
739,75.96974609967327
9210,16.87016132722846
9211,16.67245501997232
9212,17.195577008855302
9213,18.53988193665085
9214,20.261994732294163
9215,21.380998378958317
9216,22.217006022114113
9217,22.860364157733045
9218,23.286986881689266
9219,23.59419050614823
3750,9.380776154910095
3751,9.250649858684781
3752,9.167576472532005
3753,9.350657458222727
3754,9.57356780050199
3755,9.549294094096695
3756,9.594939515212886
3757,9.361090989029606
3758,9.296479464751698
3759,9.262267301743954
1670,135.35463066828459
1671,136.02640957365685
1672,137.7073823776761
1673,141.26690567504176
1674,144.48414569549274
1675,145.61254334805193
1676,145.93944200860625
1677,146.1025041419936
1678,145.7964772535433
1679,145.39412160287776
5260,131.88039948659622
5261,131.14908505991764
5262,132.4600254086694
5263,135.41164663918636
5264,139.47092299990226
5265,142.07467826898764
5266,144.31331875209617
5267,146.406104090584
5268,148.4613717808798
5269,150.25781936350512
8810,22.281094169493706
8811,22.20355518165465
8812,22.18662148700983
8813,22.18832437964484
8814,22.19975998369094
8815,22.284061673560522
8816,22.44768704379763
8817,22.445437539028042
8818,22.536158953101292
8819,22.581126346070548
210,36.78494073539062
211,36.8522079577079
212,36.89578483688152
213,36.3578374106356
214,35.74837092630111
215,35.46791592378749
216,35.513665357950515
217,35.28786279111392
218,35.36412635569056
219,35.41555775060233
3580,234.81686289042779
3581,235.94174978958802
3582,236.7548337804204
3583,236.3543081876998
3584,234.2795544689225
3585,233.15063366922666
3586,232.66260309376656
3587,232.28842384940356
3588,232.19419695695052
3589,232.05224512588075
3500,13.087426400094401
3501,13.179307436071369
3502,13.261671038358728
3503,13.181887250149884
3504,13.029223088138949
3505,12.904258299982075
3506,13.015676785704898
3507,12.78809457113259
3508,12.840946340536284
3509,12.878451451168203
8160,19.98750256315354
8161,20.193978698195586
8162,20.568093377972538
8163,21.583749227053026
8164,22.324823316052786
8165,22.43853427640053
8166,22.202371774195484
8167,21.85458681374049
8168,21.370559843994712
8169,20.888453074009078
3430,35.7395177709996
3431,35.73241048900154
3432,35.97798058202149
3433,36.062167756158516
3434,36.24194070398138
3435,36.33541385675362
3436,36.29921761590981
3437,36.30289989097989
3438,36.3478691596912
3439,36.34518680781915
3700,6.474663898417546
3701,6.503733792868019
3702,6.490732068158977
3703,6.604349802028395
3704,6.689548202999063
3705,6.6385107181780825
3706,6.837495137794335
3707,6.442759827453386
3708,6.402596706302788
3709,6.354937601596049
1300,67.33106708123778
1301,68.1742854586964
1302,69.30631604010617
1303,69.48918605370615
1304,68.82877058135941
1305,68.1167176472871
1306,67.47619737522805
1307,66.841104507451
1308,66.24262909490207
1309,65.64566942136008
9040,1.0926973787349397
9041,1.095933076440204
9042,1.0999873720006832
9043,1.109862503026406
9044,1.1233259501504733
9045,1.1277088129527044
9046,1.2040041162871944
9047,1.1174380742826742
9048,1.1354715581877741
9049,1.144857564146335
6090,97.18378675142554
6091,97.52923153519207
6092,97.73971251586008
6093,99.25693932915081
6094,100.58339053508702
6095,100.84199707398702
6096,100.72980239643644
6097,100.46204926212533
6098,99.97499993950088
6099,99.32464660935273
2380,53.984721347005845
2381,55.824542628877694
2382,56.97072875040581
2383,56.7958981608171
2384,54.37559994948347
2385,53.12971255269393
2386,52.764842710685365
2387,52.55932175457613
2388,52.40935231555167
2389,52.46898004844407
4580,51.34351700353355
4581,51.12080320588689
4582,51.23461372773782
4583,51.71626859307783
4584,52.523299382338244
4585,52.743100621237815
4586,52.600777725726566
4587,52.46491692312689
4588,52.427905474632695
4589,52.34551377860593
3610,59.55966290888448
3611,58.5901397356901
3612,58.64621430425089
3613,59.62355648293918
3614,62.01130931842809
3615,63.270927216404004
3616,63.813866564210606
3617,64.26677838069821
3618,64.56043103368009
3619,64.72281558376787
7660,23.764265999037427
7661,23.591939422552215
7662,23.65366009334138
7663,23.56520226737689
7664,23.796114931710846
7665,23.89746057952678
7666,23.804851705546966
7667,23.86934911300635
7668,23.883035735979135
7669,23.80950944296619
3270,113.0931477578595
3271,115.44161004320904
3272,116.58810155997143
3273,116.0713095080585
3274,112.52454767634342
3275,110.89481874426758
3276,110.49822373184136
3277,110.47133646336967
3278,110.49804612392586
3279,110.77782088007787
4250,43.520788629531054
4251,43.60961739198957
4252,43.671618441769986
4253,43.152548830124516
4254,42.538457665954596
4255,42.23456427085192
4256,42.23829151220374
4257,42.014394415450916
4258,42.09061765745473
4259,42.16016152191482
4290,9.651933625758275
4291,9.62090753962164
4292,9.609182395439106
4293,9.980585666976069
4294,10.43560177543722
4295,10.708047099976483
4296,10.970726713930688
4297,10.911346342643839
4298,10.940155864165092
4299,10.918467008418908
7520,93.0789244851914
7521,93.51443174773142
7522,94.29138746689279
7523,96.45073667486119
7524,98.18706163121122
7525,98.41437680728458
7526,98.16794501131037
7527,97.83504750484147
7528,97.59513095305331
7529,97.37951691393823
4700,118.08149343375668
4701,121.00521099338378
4702,123.09002751391121
4703,123.23827668159672
4704,119.79881969025519
4705,117.99318801361144
4706,117.40561455246117
4707,117.18750860430544
4708,117.03051544572082
4709,117.19694300659006
8880,25.087087697064256
8881,25.42732067426553
8882,25.648948001398423
8883,25.276511224296335
8884,24.499786166018175
8885,24.04329437035272
8886,23.751107582247784
8887,23.535575004202045
8888,23.366010708316914
8889,23.28498815696441
5810,99.31445270483974
5811,100.40764603455992
5812,101.08920458391373
5813,100.79917721299336
5814,99.08659314859023
5815,98.2100876653763
5816,97.78655095406475
5817,97.3919831653801
5818,96.91320658672589
5819,96.49162160908276
7970,207.13421609453707
7971,203.2958571924985
7972,197.98966455068103
7973,198.24665455912177
7974,203.1817366545525
7975,207.47832665592298
7976,211.70048082922222
7977,216.17328172933833
7978,220.5412096630381
7979,224.50492340848314
6640,52.976361522199994
6641,53.007070851920474
6642,53.08344653144114
6643,53.28846344473817
6644,53.50925076696099
6645,53.62291525373304
6646,53.700615754516235
6647,53.79749982356856
6648,53.84236990890477
6649,53.909695117186025
440,30.4571458452533
441,31.13043056847247
442,33.045821739989194
443,35.076834309599754
444,36.691836018095316
445,37.23811437841675
446,37.473977233452786
447,37.42197500498677
448,37.522608113712764
449,37.446378004550176
4660,50.37317499231733
4661,50.48294471806001
4662,50.88462650163281
4663,53.863499856424966
4664,56.93868730184564
4665,57.82684769331124
4666,58.38797948653189
4667,58.625851919439164
4668,59.172469157180466
4669,59.593478392942686
3810,10.139973469929544
3811,10.123166246346116
3812,10.114917505326531
3813,10.255354221371519
3814,10.42804834831773
3815,10.469730631281607
3816,10.55517657280923
3817,10.434112414048997
3818,10.407185890222856
3819,10.382744389353661
8950,16.746374873399127
8951,16.704949077189966
8952,17.234471256447392
8953,17.116999732221217
8954,17.14126247690924
8955,17.74516621488067
8956,18.525913685496377
8957,19.29949551940455
8958,19.93338507039271
8959,20.468961923282954
7450,120.69347122241015
7451,121.07191473340313
7452,122.03350878841742
7453,121.04205083734404
7454,119.80518270463367
7455,119.70864749181831
7456,120.0046709648133
7457,120.55762058052446
7458,121.00638169286441
7459,121.39720066156264
550,75.85539366529869
551,75.78214471552499
552,75.70174530729896
553,75.66840087823724
554,75.69626078176869
555,75.69720162783712
556,75.78451611161623
557,75.7248531520277
558,75.73123590384263
559,75.74826615452226
4300,143.72897133616348
4301,144.65271125859175
4302,146.31136388549396
4303,146.30378233349632
4304,145.72594233454134
4305,146.44326760046616
4306,147.91988060907556
4307,149.77154534783065
4308,151.534730615829
4309,153.1001151572558
7790,38.339348550150426
7791,38.206763478442774
7792,38.091734645222644
7793,37.54948775539465
7794,37.35517955862522
7795,37.54636525540013
7796,37.76281937052833
7797,38.226151419508064
7798,38.60669893509408
7799,38.87594016436246
6610,20.289513595848476
6611,20.442602157939255
6612,20.644075027782762
6613,21.539572034649133
6614,22.189535056044683
6615,22.273577705364062
6616,22.13496922421553
6617,21.899428689728254
6618,21.61529689095265
6619,21.34729331095484
9580,66.75666283630004
9581,66.72480316793947
9582,66.70563192043934
9583,66.69150909830222
9584,66.93203305120895
9585,67.16537840708907
9586,67.28939931280166
9587,67.64578795212881
9588,67.6475480041652
9589,67.67162120409861
3420,44.61663401312242
3421,44.21938505645395
3422,44.297203880410656
3423,43.92209174999921
3424,44.202007134833956
3425,44.40138423767276
3426,44.420085273925125
3427,44.408696755387666
3428,44.47511629854583
3429,44.43899370142289
5110,155.88030004226698
5111,155.84798793540756
5112,155.803071592649
5113,155.73726409857738
5114,155.45794736992474
5115,155.21784920596542
5116,155.00413236488777
5117,154.8273916855674
5118,154.8051214192833
5119,154.7870731177731
7460,9.346721752650453
7461,9.23734403291796
7462,9.062201053925179
7463,8.85217237758863
7464,8.788903798546585
7465,8.809108736299748
7466,9.085566498851549
7467,9.000482015233615
7468,9.148465888676455
7469,9.255778532612553
1570,81.54425858257193
1571,82.40033042492931
1572,83.10737710296767
1573,83.01152170334885
1574,81.79555405851315
1575,81.1032775472886
1576,80.83319975325068
1577,80.54483692570949
1578,80.49934105581603
1579,80.40499205386119
5270,4.430137211551184
5271,4.48558339462933
5272,4.502486829959011
5273,4.412718528832954
5274,4.266055240402096
5275,4.1273243886235775
5276,4.205389764819856
5277,3.9198113806061627
5278,3.9121996353500066
5279,3.887878522935125
7900,23.08325218428645
7901,23.215028102551607
7902,23.146485832767915
7903,23.347042731528383
7904,23.361345980685755
7905,23.046580237562765
7906,22.475314740055232
7907,22.244198551906692
7908,21.881483023948284
7909,21.538628894363583
9420,48.69903049833452
9421,48.28790660433626
9422,48.670050128480625
9423,50.380149185120686
9424,52.75821636063881
9425,54.543293855772376
9426,56.09956533636123
9427,57.59672241202412
9428,58.8984236872671
9429,59.99832535397108
7220,223.07786592578168
7221,224.48716237311532
7222,228.38019156137977
7223,232.31786387823098
7224,236.0112271337762
7225,239.38104819761148
7226,242.7774563796484
7227,246.03583801106888
7228,248.58132434517125
7229,250.3432893398949
950,39.45782272035565
951,39.44627661891037
952,39.557969107954165
953,39.966410256585775
954,40.45484264561856
955,40.73066551578102
956,40.3887811870592
957,40.385858371032334
958,40.12091231079973
959,39.993957408860226
9180,85.37960013290484
9181,85.24182182355692
9182,86.21881052274203
9183,88.05370908762539
9184,90.72438483904449
9185,92.09091925613215
9186,92.77670457118671
9187,93.24573447806978
9188,93.5206143927412
9189,93.51512186403889
6790,22.099594091133426
6791,22.12841549789404
6792,22.011490651075178
6793,22.04852603866229
6794,22.064170302223744
6795,22.031490291234903
6796,22.095631176603028
6797,21.996707862849256
6798,21.81909915956546
6799,21.653832598770563
8240,52.33925069521804
8241,52.63658110408542
8242,53.313145052736616
8243,53.08134260084974
8244,52.63704472845764
8245,52.303698861474025
8246,51.9158362415705
8247,51.56338777774295
8248,51.18897277974533
8249,50.80498380736319
6420,17.33585073573019
6421,17.368274649756806
6422,17.60436445661378
6423,17.991398549446664
6424,18.3394952817966
6425,18.496488470195885
6426,18.712130582587996
6427,18.7803087743293
6428,18.934502423784622
6429,19.074934058593144
9660,13.243653104281734
9661,13.185580300021044
9662,13.18945051681446
9663,13.438977625131187
9664,13.792691858642542
9665,13.906113651891062
9666,14.00041635384649
9667,13.873648786055654
9668,13.841850208836803
9669,13.799302419587839
9000,59.51974492424418
9001,57.15820996866712
9002,53.46550480416758
9003,52.99119626623096
9004,55.12027267599997
9005,55.998497511616094
9006,55.980382714440566
9007,56.2953606047355
9008,56.2809584147048
9009,56.1119337806946
1610,85.30371219713425
1611,85.87160415669356
1612,87.0043590006901
1613,86.27025151472428
1614,85.25084687415209
1615,84.99515972066067
1616,84.95202340814876
1617,84.9574371731792
1618,84.98127144190701
1619,84.87923491206291
500,109.93506616640704
501,110.94344385490315
502,112.54480345766483
503,113.39094833473936
504,113.15796747015014
505,113.16874254717757
506,113.50418885596821
507,113.83086947968225
508,114.14646677024517
509,114.53281331125874
8890,50.05685816635428
8891,49.95603403859556
8892,49.97562836943646
8893,50.16840792772659
8894,50.45858822533276
8895,50.681505969089145
8896,50.93773276248065
8897,50.6430411401623
8898,50.54520454835739
8899,50.438817563686456
8510,17.17914107054493
8511,17.194143143936287
8512,17.316203656487104
8513,17.17463901359617
8514,17.070296595988665
8515,17.115367283998566
8516,17.182117016682625
8517,17.181991737930574
8518,17.187997502930557
8519,17.176353667418958
2620,35.86047686454563
2621,34.50005364748098
2622,32.808939178940236
2623,32.55502351324119
2624,33.90178057295123
2625,34.74367721778427
2626,35.13435980020393
2627,35.42979708172772
2628,35.63434143384252
2629,35.60657182933318
2320,23.39980854755221
2321,23.474483145886076
2322,23.592166727578736
2323,23.966746869578053
2324,24.62810673532175
2325,25.384020743815512
2326,26.14146490696558
2327,26.793252192619022
2328,27.330889417850734
2329,27.739259569596882
7590,15.874681109897239
7591,16.45511541461329
7592,17.197822788317566
7593,17.480344166464803
7594,18.121356639597188
7595,19.445096149141946
7596,20.98998498872669
7597,22.45470702117383
7598,23.57769459077047
7599,24.3188195968498
4950,45.77631827339973
4951,45.601723007016254
4952,45.59314500102783
4953,45.956766590620276
4954,46.55380549716848
4955,46.95136596083853
4956,47.25277184256543
4957,47.58942031766381
4958,47.85106740198981
4959,48.07271523481424
8060,26.503212034446115
8061,26.66380345354076
8062,27.06452940653884
8063,28.079686262970355
8064,28.845016943759546
8065,29.13633695821226
8066,29.24275624798382
8067,29.338907338296337
8068,29.38289930019797
8069,29.47189005409433
7750,62.06823821315521
7751,62.28900589727205
7752,61.692422229758
7753,61.56976187149017
7754,61.03228723805268
7755,60.79649356492747
7756,60.773949923012786
7757,60.79876765358706
7758,60.75108854983254
7759,60.79115680097311
2150,25.210166309066878
2151,25.327352623382666
2152,25.32493732378518
2153,25.52136547926044
2154,25.565900416475117
2155,25.43410303608689
2156,25.393982646717525
2157,25.06732105858122
2158,24.901937060621755
2159,24.781942848762654
9440,62.22786595858349
9441,62.27021098153669
9442,62.376724077288074
9443,62.68790934237243
9444,63.00631740663839
9445,63.19392548949422
9446,63.33302362788782
9447,63.516663917620804
9448,63.636474031319906
9449,63.76748671140108
6220,69.04925835914281
6221,69.15376607509123
6222,69.25378182984282
6223,69.61351941833126
6224,70.0336347224939
6225,70.16899516241251
6226,70.12809698206605
6227,70.2314325328761
6228,70.24294304483516
6229,70.22877002681844
5470,38.84879703188489
5471,38.94766808374557
5472,39.43870703812285
5473,41.00086276183276
5474,42.37896406257755
5475,42.93523776607099
5476,43.20237247881594
5477,43.425558628903985
5478,43.55377154884488
5479,43.697218715324176
9070,73.48568615227009
9071,74.51536010283928
9072,75.63390959448395
9073,77.43482147761645
9074,77.84993139333903
9075,77.76099017346283
9076,77.72034608229583
9077,77.79151408510201
9078,77.73336767742641
9079,77.85407760795447
2940,27.180197297606746
2941,27.365395914188746
2942,27.560082921562923
2943,28.241735932811665
2944,28.624426128075413
2945,28.585172441079628
2946,28.357563751773682
2947,28.161388804969263
2948,27.921351343362467
2949,27.76040955305183
1050,82.60555919439402
1051,82.65710699150844
1052,83.13778952202415
1053,82.72438191650771
1054,82.52791397615131
1055,82.76787339633819
1056,82.9646668778262
1057,83.44308198574244
1058,83.73982497972165
1059,83.94851809725156
4460,35.88020817569512
4461,35.88306881368287
4462,36.02482922816837
4463,35.62723552066622
4464,35.28812714588569
4465,35.305483532947825
4466,35.476730098065666
4467,35.574925697732596
4468,35.77288812698581
4469,35.89937231723593
9820,26.236247280725237
9821,26.678422814013388
9822,27.09662812840778
9823,27.76003571287044
9824,28.007110659862676
9825,28.409440193470864
9826,28.946625473228252
9827,29.667156820202287
9828,30.171639176922014
9829,30.634547747229327
2990,74.95314928339712
2991,75.76394130049796
2992,76.89563693021975
2993,77.12885778921874
2994,76.42990251957718
2995,76.3028118861533
2996,76.42214734925852
2997,76.69007079239806
2998,76.9065151251686
2999,77.12430003433688
4710,40.79816984128241
4711,40.20371337667017
4712,39.44742262153205
4713,38.99118904492728
4714,39.223975076425255
4715,39.358470683970964
4716,39.229164477514985
4717,39.11473175424036
4718,39.004907740100045
4719,38.81766054363145
8650,15.457830634960317
8651,15.465515328633856
8652,15.691586625319644
8653,14.929579467931347
8654,14.211385796165416
8655,14.126117792370358
8656,14.293954587421567
8657,14.512495463910746
8658,14.783969017775291
8659,15.019267774735539
6380,82.15396742970555
6381,81.07010556885862
6382,79.03434067442892
6383,79.24157930286223
6384,80.73762889587992
6385,81.80642890699859
6386,82.52806861191272
6387,83.27065954234106
6388,83.78130566567441
6389,84.24982728674456
3650,37.05447566388172
3651,36.95943843474963
3652,37.12286028859271
3653,37.302802502193686
3654,37.71391615530848
3655,38.047388155782755
3656,38.2539777784294
3657,38.443696751753485
3658,38.57936955628479
3659,38.72969481129137
2180,102.16593711719196
2181,103.03280593644516
2182,104.7513828051267
2183,106.56142952208427
2184,107.95290528211504
2185,108.669231913912
2186,109.15285333929315
2187,109.51940493972701
2188,109.61429995066317
2189,109.5750051759794
9220,31.145925371962136
9221,30.862494815812404
9222,30.895088061930934
9223,31.15608760400194
9224,31.816151851591464
9225,32.279798955672675
9226,32.5962144757018
9227,32.907854318178686
9228,33.167279014186825
9229,33.38095839202625
6240,53.18207598733957
6241,53.253422989897096
6242,53.46529016762483
6243,53.59963324957252
6244,53.707178628137385
6245,53.80189135230083
6246,53.88921448001081
6247,54.04253985212077
6248,54.09681919134977
6249,54.092724688033734
4310,58.809036164376884
4311,58.611902915861734
4312,58.76189712404515
4313,59.22116121754962
4314,60.1019630620036
4315,60.61138890963055
4316,60.85067476016603
4317,60.79226736615122
4318,60.81294614643592
4319,60.756022664320575
5090,113.14553755167819
5091,113.45640151876853
5092,112.6012793184559
5093,111.76419655224294
5094,110.38710715498979
5095,109.89886434228734
5096,109.79669856197904
5097,109.83734511649655
5098,109.8292897747551
5099,109.9277802755157
6430,37.61744331013307
6431,37.62037092667676
6432,37.6180702978183
6433,37.78734751241028
6434,37.957507487535025
6435,38.13308033081897
6436,38.363767321562726
6437,38.009407234957905
6438,37.8435230140121
6439,37.68334769333877
3690,25.504469322342743
3691,25.52467387411457
3692,25.694565351954083
3693,26.044741983477977
3694,26.450824717094527
3695,26.739612713307743
3696,26.888223634714343
3697,27.06405266014039
3698,27.15769336191991
3699,27.2735627936067
4170,141.56106436390172
4171,140.72128822328588
4172,138.03410777885688
4173,138.51415207345218
4174,140.0707854077568
4175,141.13667894358454
4176,141.91718572420703
4177,142.6201405356858
4178,143.0417465430367
4179,143.36917339282328
8710,31.272132499351486
8711,31.32794929149776
8712,31.572656157388472
8713,31.347119579505765
8714,31.141428251128318
8715,31.1959340610505
8716,31.280099660746075
8717,31.418245451489604
8718,31.53781757217186
8719,31.60868794466211
7290,58.37831216189766
7291,58.10048413686299
7292,58.08782978803514
7293,58.3264430363752
7294,58.98674035942289
7295,59.35782357694768
7296,59.474850726526846
7297,59.666360663858455
7298,59.81221487585257
7299,59.94069769141681
2430,84.56623689638941
2431,87.37762952831872
2432,88.59166311524515
2433,87.54782191037249
2434,82.78998347221226
2435,80.37005838957506
2436,79.41827365887812
2437,78.89794504768764
2438,78.50431376558666
2439,78.50703288113733
8310,32.46850275545976
8311,33.0723957384019
8312,33.063979614101086
8313,32.09327758792674
8314,30.57235113178669
8315,29.184352044945875
8316,28.04311724879539
8317,26.754957584483428
8318,25.911005564708375
8319,25.118406702543687
9190,121.29321860731642
9191,121.19371614115722
9192,121.02682472250689
9193,120.89386657602482
9194,120.71200802220598
9195,120.65840618341306
9196,120.6840924087765
9197,120.6424004523588
9198,120.6446723125941
9199,120.62063598505823
5720,15.442598478330837
5721,15.483368423125995
5722,15.489526467434871
5723,15.479155040587429
5724,15.491238692987821
5725,15.469929978256438
5726,15.372866372258564
5727,15.470803134121539
5728,15.52813566387222
5729,15.561439610982355
8480,46.580869077545785
8481,46.59333324394281
8482,46.655925120020235
8483,46.76648280945455
8484,46.7429109272449
8485,46.72653065048379
8486,46.506977098577984
8487,46.481303222303595
8488,46.45739858292369
8489,46.37068362627359
2510,28.26056566882496
2511,27.991655730087345
2512,28.633794379925334
2513,30.03582991725368
2514,31.883503471261136
2515,33.198402224904264
2516,34.22309480453572
2517,35.059923939790686
2518,35.614148385058414
2519,36.011872185121916
8100,139.7160004067244
8101,137.84062926618702
8102,137.80641123908933
8103,139.42245914781256
8104,143.50057612330772
8105,145.5540852014507
8106,146.43915934594168
8107,147.02515873016412
8108,147.38218519757424
8109,147.6296105558347
4120,26.63990477540866
4121,26.645113497849046
4122,26.75954717555213
4123,26.870363780225432
4124,27.0532634151958
4125,26.896297808775415
4126,26.911600036964998
4127,26.730414223225424
4128,26.52713493542035
4129,26.433826469489517
460,20.01924363281787
461,20.213990887673987
462,20.51294369350795
463,20.283409239586142
464,19.97187986456896
465,19.89258096798197
466,19.761808739366593
467,19.841486191957856
468,19.722926793027
469,19.583071727102535
8820,131.6118138798717
8821,131.86837117252566
8822,131.21380705953055
8823,131.52142108401702
8824,131.3388683126773
8825,131.26052054160823
8826,131.32948085616815
8827,131.54306535425428
8828,131.6974463120072
8829,131.98733200521008
5170,28.05127037423064
5171,27.90413083210845
5172,27.83035332788139
5173,27.952589779936176
5174,28.248780812540517
5175,28.43766548324009
5176,28.55800159291916
5177,28.680605846755604
5178,28.769087852857673
5179,28.838992624989878
6150,31.76044977369274
6151,32.1016017006459
6152,32.7870871501986
6153,33.33745815638772
6154,33.50937269606783
6155,33.4819554522984
6156,33.313478833569945
6157,33.21005296665328
6158,32.96570268558805
6159,32.71592389441196
9050,110.00426350940299
9051,110.09276915375023
9052,112.46147015894095
9053,114.18269339574408
9054,116.18527056288663
9055,118.38182732700795
9056,120.78288692940515
9057,123.44967053204785
9058,125.93925772587616
9059,128.13353586461562
620,138.2219898032705
621,143.51076224645536
622,147.57920912267628
623,147.23994256378958
624,140.49620536130055
625,137.2456751875103
626,136.52515683889996
627,136.40400497013366
628,136.51638841454522
629,137.10955188534604
6880,64.49547092241306
6881,64.81232241823162
6882,65.11092287932728
6883,65.42921122628705
6884,65.38914341815618
6885,65.38389421797133
6886,65.3323917146082
6887,65.48209293964173
6888,65.61266820698039
6889,65.78192792668665
4590,71.46845238856028
4591,74.15431555897821
4592,77.00435631490197
4593,77.07811934092044
4594,73.825394061134
4595,73.2622488763673
4596,74.4765298957984
4597,76.37212877834963
4598,78.00678238135677
4599,79.79140034267539
890,30.026192942920424
891,30.55809491677708
892,30.948587389769635
893,30.60877804341836
894,29.705078606650666
895,29.09654817949597
896,28.624821341423853
897,28.19836056460162
898,27.826664145756034
899,27.50890305343809
5650,30.514222277206215
5651,31.05229052272427
5652,31.215511258941454
5653,31.16936715880331
5654,30.668519549829824
5655,29.916705320579588
5656,29.326620131471685
5657,28.612355949507787
5658,28.27421445096291
5659,27.92810832360251
8860,23.288993053043768
8861,23.35336453049394
8862,23.45549214775965
8863,22.959863911645115
8864,22.409697484011303
8865,22.29325830859822
8866,22.157377135099203
8867,22.195082810884614
8868,22.162753671072657
8869,22.10133701370946
6080,34.40352242953009
6081,37.10078500858869
6082,39.72610865885652
6083,42.02333982067332
6084,44.74033229926732
6085,48.3392605007957
6086,52.65490871204614
6087,56.83426670371615
6088,60.33983166412571
6089,62.6393033745061
960,170.6016453550666
961,170.10639557369637
962,170.19702947961719
963,171.0425053211066
964,172.01300592233414
965,171.9667088379051
966,171.26378101105036
967,170.59570018864906
968,170.5689465500475
969,170.7825079813413
5820,83.30543802692753
5821,83.20528434483725
5822,83.08494982145535
5823,83.08158415823002
5824,83.17054774466486
5825,83.16999238158618
5826,83.21516206552059
5827,83.14440879109627
5828,83.1171599287182
5829,83.10661880913031
100,20.682728800076674
101,20.610709079285556
102,20.55419091813141
103,20.996934776550574
104,21.466381317570338
105,21.54927704763186
106,21.524389834285152
107,21.351004243207072
108,21.084060007401987
109,20.916284791948435
5320,222.71493256848595
5321,223.16646852463185
5322,223.8662570390509
5323,228.64296562099028
5324,233.33123284109323
5325,237.1588477522669
5326,240.88253535013115
5327,244.70722804665266
5328,247.5411536723646
5329,249.95468448531028
9640,118.51189320878447
9641,118.5457779709094
9642,119.40317963318387
9643,120.96183888570505
9644,122.74146818831437
9645,123.66684172841511
9646,124.46448794228151
9647,124.71599047773154
9648,125.01125917347511
9649,125.2653707246443
4080,135.12011434265975
4081,135.15558233350706
4082,136.07119089552725
4083,138.85873895632338
4084,141.85974587056666
4085,143.4904396828387
4086,144.8645796087393
4087,146.16384488881616
4088,147.48726217279494
4089,148.7440798205156
4130,136.17765540771973
4131,135.5973498921875
4132,135.06008398385933
4133,134.50185725248713
4134,134.40489754998964
4135,134.47136546416266
4136,134.4281409008982
4137,134.6073384283294
4138,134.65461827712772
4139,134.63731898641518
3030,28.754929377323876
3031,28.893861471236853
3032,29.039432822031152
3033,29.106577555149926
3034,29.051247881836105
3035,28.939158329203444
3036,29.02495337861218
3037,28.78799741867676
3038,28.725304186213926
3039,28.64761377112476
8170,97.12485763617764
8171,97.46151215494513
8172,97.97979118890348
8173,98.92089707024881
8174,99.41775577106664
8175,99.51591373728367
8176,99.49953448837852
8177,99.62251679036328
8178,99.71772800278464
8179,99.86262857470214
6180,62.59008527092634
6181,62.58924193647623
6182,62.549254296107264
6183,62.55218577419259
6184,62.48303884647887
6185,62.54964296126288
6186,62.487469570270235
6187,62.56565520780343
6188,62.5450309031963
6189,62.432074851210096
5870,68.83357648530719
5871,68.98942327589914
5872,69.34892279115422
5873,68.64364955391056
5874,67.81641199027703
5875,67.35862876988227
5876,66.93422310150464
5877,66.79186704256061
5878,66.77008663144687
5879,66.77322890275781
6440,121.35080462127422
6441,123.14044362097727
6442,125.00253135761596
6443,125.00281394489706
6444,122.85729341793461
6445,121.59830338987862
6446,120.92261467333692
6447,120.23884235885915
6448,119.71723192951617
6449,119.36709557853774
2700,16.128642001670457
2701,16.082863235758126
2702,16.26877962712868
2703,16.841899363916767
2704,17.529952287855018
2705,17.841029560956237
2706,18.040896054276033
2707,18.15155508558965
2708,18.259565867375656
2709,18.32197057401963
7870,9.96313901662839
7871,10.040338094825188
7872,10.297237173842632
7873,10.771172575636172
7874,11.168802668745855
7875,11.453829446784809
7876,12.076021257561735
7877,12.040786389657534
7878,12.290787698469558
7879,12.471651824484134
4420,163.07121866699026
4421,163.04003203604378
4422,162.6940445423703
4423,162.1930034970227
4424,161.4800760030006
4425,160.74892826687338
4426,159.91763673756878
4427,159.3939453809498
4428,159.05184850678862
4429,158.81306528892782
6530,38.85932040691549
6531,39.12767921999835
6532,39.807848666225546
6533,41.53399646305019
6534,43.1630785982728
6535,43.72186758859857
6536,43.972887760366824
6537,43.92303583920862
6538,43.80975787877052
6539,43.60380194094649
6670,83.27878238906254
6671,83.00689982574987
6672,82.99198938987801
6673,83.74111438270967
6674,84.7614099309285
6675,85.3057712364736
6676,85.5566339542832
6677,85.78632529547409
6678,85.83837336753291
6679,85.86879915850339
110,40.96628425345102
111,41.7791109523179
112,42.3135828948332
113,42.08760649607109
114,40.8337469543635
115,40.22413339601599
116,39.93506951378063
117,40.02605512284038
118,39.997059978556166
119,40.05007404556992
4430,40.618379833650906
4431,40.502484731819315
4432,40.23454256776019
4433,40.58794324136646
4434,41.17056696264686
4435,41.53889815943703
4436,41.67932683365225
4437,41.984026570331935
4438,42.10470857890061
4439,42.14632349240412
3590,107.92988770439574
3591,108.19762988215376
3592,109.60490161376143
3593,111.28694443333238
3594,112.77371214161208
3595,113.97147243520782
3596,115.12987202674327
3597,116.394661875086
3598,117.36900800169448
3599,118.30907271779535
9080,82.94780003717352
9081,82.83424646395038
9082,83.06142244881535
9083,83.26420627158696
9084,83.24229577661319
9085,83.21153578363172
9086,83.02938187288942
9087,82.66938380703192
9088,82.3374425015973
9089,82.01822751944744
5060,23.72732463366964
5061,23.963817157726517
5062,24.420082187825884
5063,25.365113705535144
5064,26.19015159481833
5065,26.457675802938965
5066,26.816581958146543
5067,27.124020649046116
5068,27.59211335704562
5069,27.981926953314755
9720,24.47054433045453
9721,24.534126217397308
9722,24.953709312091384
9723,25.161866336684064
9724,25.43882101403114
9725,25.685734530658806
9726,25.931225959346058
9727,26.246069082150612
9728,26.51102700042817
9729,26.719395997747675
6290,22.751266871049992
6291,22.905997782911008
6292,23.206619106923164
6293,24.373441071916588
6294,25.355840262240093
6295,25.697527125346106
6296,25.775495859582712
6297,25.77188950387943
6298,25.66695801091005
6299,25.57836420534567
8400,72.79970934878955
8401,72.78676815510504
8402,73.01800015154896
8403,73.59386330473461
8404,74.2565128986418
8405,74.66999837745512
8406,74.94507557800314
8407,75.24249154097791
8408,75.43311212861067
8409,75.58879868798044
4510,51.08854371310293
4511,51.09048772551237
4512,51.02944739624396
4513,51.08060764080077
4514,51.07457521408621
4515,51.02852809852314
4516,50.98581418062352
4517,50.96426356025208
4518,51.041746968783016
4519,51.06152896839234
8320,41.49760058573696
8321,42.45031921275401
8322,43.12893219568584
8323,43.87549775921016
8324,44.68775593682828
8325,45.39918916687855
8326,46.362076714357904
8327,47.23954824473132
8328,48.20459852056993
8329,48.799417234307136
60,171.39136360568932
61,168.01433208819026
62,163.39496002772097
63,166.11474494807112
64,173.3797139601855
65,178.40603998552388
66,182.44334602585548
67,186.50213056542907
68,189.90946564243484
69,192.78283333602707
2450,109.20720179069707
2451,109.00548513775276
2452,110.36852346156519
2453,113.31576526484263
2454,116.85278185286855
2455,119.04740028250066
2456,120.93379515216839
2457,122.74228321555847
2458,124.4894004480422
2459,125.99552625728143
3380,32.61785863719902
3381,32.308168691959594
3382,31.906418739689727
3383,32.39602267616203
3384,33.31268502440094
3385,33.68090172250581
3386,33.68669962563101
3387,33.78693030170162
3388,33.7222682857213
3389,33.663709368595796
8720,120.39459825368672
8721,120.78117360907856
8722,121.361408945656
8723,122.00645004467927
8724,122.96188379034558
8725,123.39206367835027
8726,123.70669275812486
8727,123.90732800120156
8728,123.75163862593314
8729,123.50513032199939
470,20.437424226164275
471,21.154659998829317
472,21.668369576146652
473,22.303189457632982
474,22.74505566033539
475,22.84182206658336
476,22.76778158283232
477,22.524830414245905
478,22.158967140337033
479,21.630975029859428
6920,82.15157652745334
6921,82.63547027563196
6922,83.21662052886151
6923,83.48145057492852
6924,83.29748925200981
6925,83.2082689485021
6926,83.18878103628613
6927,83.24925870975945
6928,83.21418092920128
6929,83.2361792006989
4990,74.91429983986781
4991,74.83679522964592
4992,75.4068187772159
4993,76.12634963060715
4994,77.282227319463
4995,77.80019488500703
4996,77.93623904350272
4997,78.1064812443525
4998,78.29085126475277
4999,78.33976201454695
5330,27.566181494403622
5331,27.69486122722735
5332,27.988780692776054
5333,29.34078781593241
5334,30.50746707651149
5335,30.832109729613805
5336,30.80943788912571
5337,30.668910796007232
5338,30.46193333674745
5339,30.284648971647457
6250,65.34204593509597
6251,65.09695276949243
6252,65.11594331026828
6253,65.37535144567626
6254,66.17205766890872
6255,66.72088008563304
6256,67.04203383895481
6257,67.40693335953156
6258,67.47083973877226
6259,67.50648420788141
4780,107.5827072503016
4781,107.56859020263931
4782,107.45031633206152
4783,107.22216264653461
4784,106.97370909457358
4785,106.76461792282474
4786,106.81259880483123
4787,106.80846319089103
4788,106.81058730286863
4789,106.644338342216
3100,53.766163228561176
3101,53.37489789135057
3102,53.6415778217611
3103,54.09856458779022
3104,55.24289422588602
3105,55.87131358213679
3106,56.38123487478889
3107,56.55696893946558
3108,56.890835398145065
3109,57.10580260730233
1980,173.89016453607644
1981,174.57369338224257
1982,175.44357600655806
1983,175.54511544288175
1984,174.7516118173808
1985,174.4745429365974
1986,174.48254259816815
1987,174.6290667209265
1988,174.67864398105746
1989,174.91559846680997
6450,61.517628033498525
6451,61.65351162489656
6452,62.5162907424499
6453,64.17808318911237
6454,65.81637852819297
6455,66.49602073518226
6456,67.01683259844276
6457,67.29014802661477
6458,67.52117969337182
6459,67.68070504012988
1740,48.742028116544674
1741,48.42905368129627
1742,48.75949535504638
1743,49.22040544734021
1744,50.20625163138962
1745,50.71911880718179
1746,51.20464381965791
1747,51.24445829808515
1748,51.54401015845235
1749,51.70700471547245
1150,42.034186231791125
1151,44.1683199920347
1152,44.664364795506614
1153,43.55853686305556
1154,39.544844124959056
1155,37.83398025530136
1156,37.60773218485694
1157,37.606837023576034
1158,37.59943093592191
1159,37.880750190156206
8330,117.79146861295067
8331,115.74133918187644
8332,111.684275462949
8333,109.98411775335217
8334,110.34209354138625
8335,110.7985528096516
8336,110.90689271772357
8337,111.51934466130851
8338,111.62402753222838
8339,111.34627340578709
2440,71.90188380153455
2441,72.5572794248734
2442,73.43776204311723
2443,73.91691754233072
2444,73.70955425841652
2445,73.5523781178284
2446,73.40796433418737
2447,73.37212713945567
2448,73.42825367566422
2449,73.50741870464546
7800,129.57082718527369
7801,130.9963662983237
7802,133.17589912519298
7803,136.01661102446195
7804,138.06882522990105
7805,138.71282604385573
7806,139.0589234831619
7807,139.02008325427641
7808,138.8400503730631
7809,138.3722997381249
1880,61.823162475711925
1881,61.475485541143655
1882,61.52961033208615
1883,63.26282139925358
1884,65.6658430123529
1885,66.74645098615309
1886,67.14990914260595
1887,67.44231897268628
1888,67.49385046860797
1889,67.40920376232299
7040,28.07225775438087
7041,27.903165259747723
7042,28.149295066893465
7043,28.670531287281577
7044,29.50022725971172
7045,29.917089294236106
7046,30.32825599298907
7047,30.368248314332853
7048,30.60086799243558
7049,30.72218824026664
3160,213.8801988978405
3161,212.96653210723065
3162,210.70286125865812
3163,209.6433428606356
3164,209.1647078944126
3165,208.83335318462215
3166,208.51224536601552
3167,207.9594002076085
3168,207.66119346666676
3169,207.63981592958942
4730,18.30156376913709
4731,18.184415820198936
4732,18.31975789836497
4733,17.841462142348824
4734,17.622332751202066
4735,17.634952206033354
4736,17.645864161151295
4737,17.858625557649525
4738,18.047965483912478
4739,18.15401936515306
630,21.474843081785238
631,21.575244508565227
632,21.78162823732152
633,22.69425559987861
634,23.58134345326738
635,23.66007722350725
636,23.542457968510284
637,23.33525496334172
638,23.19745491005353
639,22.992747712267743
7940,155.17303258423257
7941,154.15403610536413
7942,154.95120818735296
7943,157.74277153378847
7944,161.8869585289532
7945,164.8614478805599
7946,167.49317036549627
7947,169.98359456536969
7948,172.50561849455693
7949,174.767350768219
6010,13.79026053790642
6011,13.840219774318527
6012,13.934218584607123
6013,13.663781145138515
6014,13.364492936225318
6015,13.292104746930256
6016,13.34903636923542
6017,13.31847308587654
6018,13.374417389269581
6019,13.429631088247184
2190,57.68995315887937
2191,57.88032477642264
2192,58.428407704284396
2193,60.41187458273883
2194,62.41663972848598
2195,63.44574294674554
2196,64.14253764143564
2197,64.74647453500822
2198,65.16394114727686
2199,65.46569762507576
5890,78.4005885621497
5891,79.54762109469954
5892,81.34250931859948
5893,83.13497876317129
5894,85.4301245265436
5895,87.94410237679693
5896,90.69880360859
5897,93.51089804539576
5898,95.89770232495358
5899,97.63456661337806
4630,10.465473258414633
4631,10.532591524233169
4632,10.615382043864983
4633,10.397592833485248
4634,10.134859637532884
4635,10.031179046360677
4636,10.195883696160365
4637,9.933665874507966
4638,9.955533663029357
4639,9.970966362252184
4750,15.325128860736378
4751,15.590058512909636
4752,16.075043848800433
4753,17.448922320912686
4754,18.457004706476567
4755,18.47340756264237
4756,18.070849956182826
4757,17.4401992693399
4758,16.693445308952384
4759,15.952725877723836
8900,133.34541756095564
8901,131.11748369146835
8902,128.16865467293138
8903,130.95030598708956
8904,136.62221317598318
8905,139.8375478867162
8906,141.64788844510673
8907,142.99241584991336
8908,143.89385804601224
8909,144.52706296694862
5770,22.6640723590545
5771,22.61469758199464
5772,22.4324428522324
5773,22.146417401486815
5774,21.859806828896645
5775,21.738799142839035
5776,21.70808639053164
5777,21.57011868134797
5778,21.51872148550609
5779,21.457020259107864
7050,90.75070171647204
7051,90.7604117151717
7052,89.67716719599967
7053,89.36338187811623
7054,88.84038822918534
7055,88.80578386603104
7056,88.95429335027033
7057,89.40969355824656
7058,89.65506862278819
7059,90.00237459983612
7330,63.066490061332274
7331,63.688610501855514
7332,64.65565715026844
7333,65.76276574304111
7334,66.0733226978534
7335,65.52977206562028
7336,64.77950625358329
7337,63.90497562954033
7338,63.102040792687134
7339,62.391796997496336
3540,10.466654297745407
3541,10.45197782348042
3542,10.575455980057981
3543,10.972803180357246
3544,11.26263494745119
3545,11.431376527727053
3546,11.532066312094202
3547,11.548628649838136
3548,11.537687792283378
3549,11.539269737248887
9230,169.96663191551943
9231,169.96033207845988
9232,172.12265668439477
9233,174.87270171031975
9234,178.57473844307722
9235,182.0290309128162
9236,185.81842837533628
9237,189.58759291202352
9238,193.23821890835748
9239,196.3234177557896
3560,108.62979674569971
3561,109.1515267306055
3562,111.09004306116172
3563,113.30655504947352
3564,115.58245000498925
3565,117.40054958848776
3566,119.12651314351973
3567,120.64699972249917
3568,121.82894837516781
3569,122.69617341104947
5460,73.52513605691128
5461,72.05543645509728
5462,69.88792604072108
5463,71.15794010249341
5464,74.0960978598715
5465,75.80379467862826
5466,76.84835755123387
5467,77.95446255099586
5468,78.59199079732535
5469,79.07223178271057
3760,59.22329045479353
3761,58.31641602476741
3762,56.58272776686945
3763,56.164835657814905
3764,57.00444834938107
3765,57.513434980209134
3766,57.59240689378954
3767,57.84905329415116
3768,57.84720177163604
3769,57.724208843233264
5500,93.46146552239678
5501,93.34360273531222
5502,93.24496285770364
5503,93.28983924778949
5504,93.26628848483762
5505,93.3190825770137
5506,93.32266629306501
5507,93.36589908767033
5508,93.4943120608078
5509,93.56287837463199
1620,32.409152224390645
1621,32.38210921090595
1622,32.429687878294864
1623,32.94226155559467
1624,33.4983706322639
1625,33.65698554726897
1626,33.73072838946778
1627,33.816018345471235
1628,33.96488663112738
1629,34.07024890418186
4380,166.7303798107285
4381,169.66987197345446
4382,173.669183614892
4383,177.85020743215046
4384,179.13837561464362
4385,180.00737739510993
4386,181.25201565855133
4387,182.74609643462472
4388,183.64659374247663
4389,184.49657377755761
9200,96.67688350539261
9201,96.58648978207145
9202,96.58142250007975
9203,98.67036990358731
9204,101.31224074348728
9205,102.78177341376625
9206,103.9231519576334
9207,105.02013328046351
9208,105.92426725464112
9209,106.70795915539938
7760,73.53943649830295
7761,72.13418784197083
7762,69.68865128894207
7763,68.96404747393753
7764,69.75356604046075
7765,70.29412631791178
7766,70.46069460162232
7767,70.6865092296094
7768,70.79387416412497
7769,70.8512114076621
760,40.33542534527896
761,40.49860578252493
762,40.31594548267238
763,40.08010080780286
764,39.67881540536763
765,38.99261967181255
766,38.16694317353845
767,37.14222305044629
768,36.35936204700367
769,35.632642904086524
3110,61.02222230760619
3111,62.34280963941707
3112,63.71408154041224
3113,64.51225992647596
3114,63.984258832307304
3115,63.630804195883584
3116,63.59130436919831
3117,63.70967357225855
3118,63.82258374724843
3119,63.92717957304894
3060,29.09955781630736
3061,29.10466390240186
3062,29.100145563232417
3063,29.23423106649396
3064,29.36555497386916
3065,29.50026147000434
3066,29.723377852530916
3067,29.397390177381375
3068,29.262506209264288
3069,29.1337580444291
2810,14.988541929923827
2811,14.889276681341812
2812,14.86393155269917
2813,14.793114759845054
2814,14.882995143301514
2815,14.923070120349436
2816,14.986174755618421
2817,14.929039526369813
2818,14.937603785513517
2819,14.937886074368741
2560,152.23862504396175
2561,152.02806477193025
2562,151.70323539973333
2563,151.4826405456215
2564,151.18824168350383
2565,150.95483811884532
2566,150.95489159382845
2567,150.71794243366367
2568,150.91835341411303
2569,151.14192585917132
3120,24.742606918822887
3121,24.82624476122905
3122,24.904726570409572
3123,24.766219952309456
3124,24.540477083236375
3125,24.402559685512436
3126,24.202056966375842
3127,24.08534424232944
3128,24.051127022864506
3129,24.02410343828224
650,93.79954908179815
651,94.27925978863011
652,95.55188678095632
653,97.73535025793197
654,99.85907767415809
655,101.41213451150031
656,102.91782172390423
657,104.43925496024346
658,105.83209473913783
659,106.99777118041146
8580,37.46709481669643
8581,38.23506366788057
8582,38.789311269139276
8583,38.8469136898189
8584,38.12390345598167
8585,37.69750836501517
8586,37.66922318656755
8587,37.673035782048785
8588,37.770737457330334
8589,37.86840782357353
4260,47.87397133953928
4261,48.17282917496602
4262,47.92333967516717
4263,47.358084013411705
4264,46.349381875611
4265,45.90396489963377
4266,45.76639384726991
4267,45.71301802475107
4268,45.674815336304874
4269,45.71941084699746
8770,129.71207626319034
8771,129.26042966879646
8772,128.733251430493
8773,127.56657065257619
8774,126.83893913132391
8775,126.57926220304822
8776,126.25164832928735
8777,126.01405827257526
8778,125.69760294186678
8779,125.33888658861238
9260,17.630286152830358
9261,17.326788167735593
9262,17.638887985407983
9263,18.790034176886444
9264,20.393361035360037
9265,21.420707884232222
9266,22.149653498042753
9267,22.67465639215036
9268,23.04267997214002
9269,23.308221691445766
6840,150.21658592765647
6841,150.81363723978816
6842,152.5722981833831
6843,152.29219924925758
6844,152.30312115645992
6845,153.1245655234884
6846,154.3251809638968
6847,155.5934282323328
6848,156.8409163631091
6849,157.7894651472942
3170,80.85133293827789
3171,81.18243410463252
3172,82.35299284327893
3173,83.80917015728357
3174,86.07274186367303
3175,88.70911833082985
3176,91.70859685407372
3177,94.75158703037167
3178,97.58409131484177
3179,99.95040180292932
9940,126.2580938021235
9941,127.79389542339936
9942,129.90600757586057
9943,132.85479652837228
9944,134.49287884374894
9945,135.07464045270518
9946,135.50773104614262
9947,135.7778803789037
9948,135.65432680408531
9949,135.4378900350036
9670,111.46520824361633
9671,111.39824902546805
9672,111.41522325481769
9673,110.95652607499503
9674,110.57721815819494
9675,110.59230632561358
9676,110.65122397821581
9677,111.03797972928513
9678,111.2379792213253
9679,111.49799513902124
9830,104.72282432749078
9831,104.31992421744542
9832,104.27336183232441
9833,104.5447369398569
9834,105.20316660052907
9835,105.5142726336215
9836,105.93447892647072
9837,105.63360482070098
9838,105.86239713778514
9839,105.99270201105755
1160,5.020621306481601
1161,5.079644226624779
1162,5.228359761153726
1163,5.180482749273679
1164,5.116862524853531
1165,5.157187293239602
1166,5.335199165146122
1167,5.38958476899451
1168,5.529038670667703
1169,5.625849635001643
970,102.93248519637685
971,102.36140864723046
972,102.86583792064364
973,103.64067259292352
974,105.30780280687402
975,106.27209059792007
976,106.85453367768007
977,107.14816748280842
978,107.50735203824618
979,107.69506853343601
3780,175.3974719182694
3781,175.32445494316568
3782,175.44454135452912
3783,175.68813331583578
3784,175.9242322193367
3785,176.21171369133933
3786,176.18109651484943
3787,176.50639000423322
3788,176.7339491302705
3789,177.55670994678457
3040,36.393607048661025
3041,37.10396525908145
3042,37.54915440674147
3043,34.88470800718822
3044,31.667792298071603
3045,30.070263263947908
3046,29.375681487061442
3047,28.798268167717673
3048,28.757342700758855
3049,28.70069924696928
4390,87.4997732051403
4391,87.41434728889833
4392,87.34795185917102
4393,87.2586727700764
4394,87.46303833025354
4395,87.65719985878088
4396,87.73660853231078
4397,88.0812928513233
4398,88.16848728137671
4399,88.30074294921445
6470,30.953713376085602
6471,31.034458773454645
6472,31.630896292803776
6473,31.995029532952586
6474,32.49684732719471
6475,33.159427433247686
6476,34.0134966708837
6477,34.96845941099649
6478,35.97070763782934
6479,36.87786977784907
2520,202.7740327076358
2521,200.56541245521794
2522,197.57627321170818
2523,199.18843187574552
2524,203.86887970367565
2525,207.40118020486352
2526,210.12739509041046
2527,212.87918480412813
2528,214.87133240379717
2529,216.3854768686362
6020,68.44906213607533
6021,68.30019275653554
6022,68.23173201193319
6023,68.16504214630646
6024,68.24651048218334
6025,68.36135598473211
6026,68.60292147095151
6027,68.42599816821499
6028,68.5282974509348
6029,68.56877112338336
6960,213.05872480354702
6961,214.50059723765378
6962,216.47704988764667
6963,217.4147612302534
6964,218.38506185598501
6965,219.71678559816377
6966,220.50451126986127
6967,222.10705343504603
6968,223.21047579253332
6969,223.72870490499133
9540,15.752924083893241
9541,15.834799020914907
9542,15.990743934158274
9543,16.343499586600856
9544,16.703415396101974
9545,16.736837475109574
9546,16.731043722297457
9547,16.733416183042202
9548,16.794391963798923
9549,16.80177418963575
9380,22.751153022789516
9381,23.181468527370065
9382,23.172006562982055
9383,22.726193880766267
9384,21.923533968209114
9385,21.050200383126068
9386,20.28822253919075
9387,19.438184397843287
9388,18.908300312676964
9389,18.410087233468587
7120,90.19004804126816
7121,91.48781202559707
7122,92.41909954396954
7123,92.0769588851881
7124,90.06485100466014
7125,89.0141626869405
7126,88.65417463757828
7127,88.47160863009705
7128,88.49873591055245
7129,88.59449374857986
7950,40.70394913931233
7951,40.36289314207957
7952,40.50328005681493
7953,40.21511422582903
7954,40.507567398393626
7955,40.73365125619096
7956,40.82869819607799
7957,40.856665039694306
7958,40.95936554657034
7959,40.940170936251754
9450,202.36033806836258
9451,204.33597110376354
9452,207.07066197190957
9453,208.9802103715186
9454,208.6621849660437
9455,207.63058303839514
9456,206.88438192924957
9457,205.88210276805987
9458,205.29397694824058
9459,204.73064694076794
3070,6.769733019081329
3071,6.723630188792313
3072,6.765015367301132
3073,7.054672713765896
3074,7.364777479200299
3075,7.520514864345969
3076,7.53536171474822
3077,7.697449205337293
3078,7.767252072854646
3079,7.80861012108555
2390,23.331396913045182
2391,24.262817468715937
2392,24.83357929079998
2393,24.54289655325475
2394,23.198662131994745
2395,22.54320648509917
2396,22.46972514121208
2397,22.226041672884264
2398,22.183575728092485
2399,22.19831896536315
8450,164.4936852600623
8451,165.72317807598822
8452,167.27015982706112
8453,166.80226608137446
8454,164.9259335373988
8455,164.1257928155278
8456,163.88905102586102
8457,163.93854648812055
8458,164.0991134268927
8459,164.325339184362
6770,83.36847709115169
6771,84.47694144418227
6772,85.57534820710335
6773,85.75034492986259
6774,84.52581225788371
6775,83.73391188132612
6776,83.32435573293768
6777,83.05517280855148
6778,82.76056459157948
6779,82.55347344163508
3130,15.061487720726845
3131,15.126886701906372
3132,15.354300817564692
3133,15.836960062250611
3134,16.250597241642595
3135,16.44216389469821
3136,16.63876908160875
3137,16.805252578990363
3138,16.956980039238317
3139,17.076779701050114
9860,66.2931091208832
9861,66.45585760453712
9862,67.2090106128081
9863,67.5354887759055
9864,67.90991746938376
9865,68.14369955065847
9866,68.13253002023065
9867,68.29579876242046
9868,68.4021984685674
9869,68.41665633361394
3840,45.19474945341307
3841,45.12781671908276
3842,45.06605179834589
3843,45.075684176163385
3844,45.04618004349034
3845,44.88363284386984
3846,44.94322302820009
3847,44.91495664675957
3848,44.660932483604086
3849,44.51904306116254
8420,36.114312205554064
8421,36.512756178381935
8422,36.6451006448084
8423,36.700040453580485
8424,36.26344348812651
8425,35.356213932437015
8426,34.37116136736177
8427,33.12392827029769
8428,32.25170318103279
8429,31.423911217031346
4000,3.441132779661487
4001,3.437455153458231
4002,3.4372753672793834
4003,3.443548399465101
4004,3.456011343201382
4005,3.463001225964433
4006,3.5400135523937024
4007,3.454209330958207
4008,3.4727285372649987
4009,3.4747924625514486
4190,94.93249283395974
4191,94.68803939871285
4192,94.29719565324788
4193,94.21206252830278
4194,94.26531111542407
4195,94.26723736982544
4196,94.29007072720191
4197,94.54628073673348
4198,94.8082068406904
4199,95.0504844176611
1630,72.74400605455098
1631,72.56456103410954
1632,72.53689131484786
1633,72.86101393744167
1634,73.29595408715038
1635,73.60217489734129
1636,73.79664902295696
1637,73.96599584022968
1638,74.04172394981146
1639,74.00903337894556
790,14.705316203112616
791,14.739389734671946
792,14.867552281092884
793,15.186222699065567
794,15.501501354312865
795,15.678121106225134
796,15.803101852016027
797,15.813323986784312
798,15.830591330266671
799,15.823917267016135
2070,35.89399517150847
2071,36.1260848713165
2072,36.405880494759074
2073,36.596559314336616
2074,36.608053755966445
2075,36.49031529684866
2076,36.582203935926756
2077,36.34948641782649
2078,36.3057849350187
2079,36.21952760558712
6720,9.48864168601996
6721,9.456047113257256
6722,9.156950389393671
6723,9.087171409343824
6724,8.949540230989754
6725,8.623880761303326
6726,8.230228056955966
6727,7.815730297632385
6728,7.507354704128858
6729,7.248115219776679
6300,157.867622966566
6301,159.09319504483346
6302,160.96648737413443
6303,162.99234150349844
6304,163.75656823543352
6305,163.22471879603594
6306,162.30264962806967
6307,160.94422020095502
6308,159.6627130558312
6309,158.3391554380744
6730,49.49023637891464
6731,50.493971849682154
6732,50.58783756793106
6733,49.775582335376996
6734,48.12824636185738
6735,46.29207831588272
6736,44.678383724537724
6737,42.78276359657269
6738,41.54732582654991
6739,40.35612477338375
7340,36.714302956590416
7341,36.4580321124066
7342,36.69069248533259
7343,36.82524194883517
7344,37.323273717590965
7345,37.71193324651824
7346,38.100172185780515
7347,38.25950902008951
7348,38.552181796271704
7349,38.74535012076147
5780,91.0814944471337
5781,90.85402596097431
5782,90.85894392122158
5783,92.24215165293725
5784,93.91050562148718
5785,94.95914550023605
5786,95.71424438200161
5787,96.71202696377428
5788,97.2562110135489
5789,97.70307022260383
8180,20.968215837475697
8181,20.80296113575359
8182,20.705286376926402
8183,20.64726293214965
8184,20.856667504846826
8185,20.83365624413306
8186,20.6545052739729
8187,20.46194107242397
8188,20.317231410199625
8189,20.149748520248615
2530,16.810586155667757
2531,16.7688206829786
2532,16.63746085429701
2533,17.63078974029797
2534,18.584636083484277
2535,18.83813247855472
2536,18.736583879139687
2537,18.555651862748363
2538,18.264411583740483
2539,18.014151818758364
300,41.770628661786425
301,41.517740040096555
302,41.45820784771055
303,41.63971076305448
304,42.026012489398326
305,42.23770698707597
306,42.2761291912224
307,42.48643651444726
308,42.58987471216809
309,42.71198411644248
9280,37.18355392773236
9281,37.17757733830165
9282,37.03751065240382
9283,36.66072174091604
9284,36.28205104423784
9285,35.921699934084984
9286,35.550091850413075
9287,35.04338093942611
9288,34.679121398458896
9289,34.31374357192203
1350,76.47489435953818
1351,76.69417854407394
1352,77.14980007338715
1353,77.97033291802715
1354,78.43554795347606
1355,78.498521600893
1356,78.45877266635982
1357,78.18022762795542
1358,78.14625074862423
1359,78.18364079228931
2870,158.10018294460025
2871,158.07119080008823
2872,158.2367621034097
2873,158.4880164034252
2874,158.9117216692945
2875,158.95263626187096
2876,158.85011635695224
2877,158.9763528983814
2878,159.02142718543942
2879,159.19743006177427
8340,236.28865740624997
8341,238.1867096294671
8342,240.63257687118528
8343,240.68663067632562
8344,238.18064929773848
8345,236.9724491182809
8346,237.02980689192702
8347,237.34880272457855
8348,237.76286398326226
8349,238.4590884708693
5370,82.91949116454474
5371,82.28235364338525
5372,81.50876293897507
5373,81.51768256036618
5374,82.61721819291995
5375,83.54644585129364
5376,84.38500177988378
5377,85.32076233312851
5378,86.22487584594815
5379,86.95078493717568
3180,79.61392068900746
3181,79.52736093170783
3182,79.44023876553615
3183,79.37833607572328
3184,79.24656164820561
3185,79.24607082572258
3186,79.05877450154378
3187,79.00148579782422
3188,78.95904715138705
3189,78.87004439349349
5150,25.624614387761554
5151,25.40607591786656
5152,26.093518294479495
5153,28.788279625445192
5154,31.94409809543879
5155,34.16233032842082
5156,36.02736857244751
5157,38.764778832390625
5158,40.805675888769066
5159,42.59240530078739
5000,110.6259304770501
5001,109.56928545992798
5002,107.4140818517379
5003,107.97797010860822
5004,109.73118852937398
5005,109.68835845325553
5006,108.57432358313983
5007,107.15984194969357
5008,105.6217986714554
5009,104.11360072845362
9470,61.831242125808274
9471,64.10086864591146
9472,66.02119287416525
9473,67.18150436058004
9474,65.91530850545556
9475,65.11371788769215
9476,64.92937103547483
9477,64.66023637356183
9478,64.39392671486584
9479,64.1768459495959
6410,14.41470491670104
6411,14.596736822918729
6412,14.555934545749437
6413,15.221361575926188
6414,15.691067094761358
6415,15.494722516344822
6416,15.192077387168332
6417,14.793753579124449
6418,14.555048945303028
6419,14.353471218157246
1800,165.75050905927577
1801,164.66298129061394
1802,164.40738618667223
1803,166.67689495333894
1804,170.8089044151142
1805,173.00965645070818
1806,174.26526880508897
1807,175.07489784020623
1808,175.68659928709883
1809,175.95134661238416
9840,78.38420986962835
9841,81.4167698735222
9842,84.0819915113777
9843,84.74311133063802
9844,81.55017560181422
9845,80.04069192240426
9846,79.96411031901783
9847,80.3260305502538
9848,80.66135950394852
9849,81.288390174821
1890,22.722001695678216
1891,22.798834626532077
1892,22.658711189883803
1893,23.093551805852364
1894,23.414898444666882
1895,23.229893627510982
1896,22.92310741157759
1897,22.372687351914834
1898,21.99487833799183
1899,21.644266726044684
4520,162.71382938557593
4521,163.4985862511735
4522,164.49072109093947
4523,164.5076392094346
4524,163.8106770598786
4525,163.51379328867856
4526,163.44502676090823
4527,163.42981585300518
4528,163.4597905236518
4529,163.533547752583
2030,25.952892326773252
2031,25.829320369478637
2032,25.862986852894153
2033,26.003624223251222
2034,26.31559388995224
2035,26.447364611788352
2036,26.46297950732506
2037,26.508417727562517
2038,26.53182940414451
2039,26.547933006272686
4600,10.705712826819948
4601,10.677866744218491
4602,10.821061009147385
4603,11.322502352723376
4604,11.892085104811358
4605,12.182749148367876
4606,12.320563000743618
4607,12.528990920932962
4608,12.654393138764142
4609,12.752500105913029
8750,16.586023179074154
8751,16.474801839027194
8752,16.23900779944487
8753,16.115789269921436
8754,16.132125562662864
8755,16.16930896114883
8756,16.17896237873888
8757,16.265318942583846
8758,16.329141454919935
8759,16.320837872830197
2650,9.461207179119612
2651,9.488123658095361
2652,9.517796032835378
2653,9.392335239966968
2654,9.302821333351119
2655,9.32518744588549
2656,9.531327628671662
2657,9.4172321379787
2658,9.490502591313628
2659,9.513773465037787
8430,88.63934562412581
8431,88.41530349829722
8432,88.93180739456645
8433,89.88516967164135
8434,91.12045416983219
8435,91.77815458364609
8436,92.11969529312611
8437,92.43436357556041
8438,92.67273874833184
8439,92.83753450615666
840,41.09154578848143
841,40.98469415081033
842,41.05579034225737
843,41.77982118544479
844,42.69014011243844
845,42.89055450338308
846,42.84747765668114
847,42.66863919701388
848,42.60351676000391
849,42.502690836583476
400,143.0856332978039
401,144.44992247440857
402,146.7009392284141
403,146.14901265785625
404,144.17779147628514
405,143.92381161793256
406,144.390023430555
407,145.24548237581618
408,146.01945942617218
409,146.7553425960748
5590,148.09003624937037
5591,146.73422634402536
5592,147.40688521751997
5593,149.17691402771874
5594,152.82057940832306
5595,154.86264468025968
5596,156.18203916604455
5597,156.994478174253
5598,157.71207492798618
5599,157.97272063807577
2670,89.8113414588726
2671,89.81204841690075
2672,89.8604320384862
2673,89.94395459013613
2674,90.06723088096416
2675,90.16554554525814
2676,90.12052558830474
2677,90.24684956402353
2678,90.23957456070025
2679,90.26873452682028
4930,167.49415029959715
4931,166.80100219752893
4932,167.92817542157485
4933,171.38980866221092
4934,176.36450664390455
4935,180.27353025791194
4936,184.30842481926754
4937,188.42365811448656
4938,192.43981984835432
4939,196.02582754724108
9360,47.70904069081453
9361,47.05369993430155
9362,47.034800388870835
9363,48.091838944717566
9364,50.04703381621418
9365,50.94387797343035
9366,51.09068934752743
9367,50.820001085502255
9368,50.64603673352134
9369,50.28206652591818
6570,58.339941868117066
6571,58.02309772823379
6572,58.15150515968143
6573,58.75543415474594
6574,59.96974456383723
6575,60.347249088881384
6576,60.44497232923163
6577,60.30483419250483
6578,60.08666019662747
6579,59.94502132758502
7100,33.23529657499836
7101,32.456274027119065
7102,31.24724567584427
7103,30.569158027173557
7104,30.862781966887944
7105,31.169728651228695
7106,31.43312568950509
7107,31.440310899926303
7108,31.482282827707763
7109,31.56346290342833
4140,113.92185114812676
4141,114.52490202651148
4142,115.16673996724529
4143,115.696758414812
4144,115.66273646568058
4145,115.55055197593036
4146,115.4129505911835
4147,115.37322297106306
4148,115.291446737153
4149,115.27555333762567
850,29.89643841261673
851,29.803024390423715
852,29.74883508248955
853,30.083507019993533
854,30.591344817748322
855,30.73876078193112
856,30.687361775043982
857,30.704357724148792
858,30.697628667341142
859,30.6514015917086
5160,18.878808719173463
5161,19.208777108809173
5162,19.519453728828175
5163,20.57823346666106
5164,21.41202675522554
5165,21.381986409868865
5166,21.43712669145615
5167,21.312072709388723
5168,21.562645719525108
5169,21.769894786604553
5930,14.524372611894236
5931,14.52827981423944
5932,14.428192506448596
5933,14.137783410379996
5934,13.848675087082903
5935,13.69689483143081
5936,13.605163304217498
5937,13.365683942363248
5938,13.206027419875248
5939,13.044905805685232
2880,23.36892552868086
2881,23.475925091811668
2882,23.584018563527366
2883,24.168681286957295
2884,24.788543773120466
2885,25.146929256151488
2886,25.353052210376816
2887,25.732992990795047
2888,25.932335338124986
2889,26.076153087261524
1220,87.03617990007626
1221,86.96771179688128
1222,87.07149410049315
1223,86.68028302097613
1224,86.45099578509257
1225,86.55108801415048
1226,86.68633273990304
1227,86.87185983033814
1228,86.97812918949133
1229,87.10566174499523
220,85.2013843953141
221,85.67034742657192
222,87.06539788750254
223,90.49123268714226
224,93.47396950172543
225,94.59290667791814
226,95.18014193137324
227,95.67026174973427
228,95.91631081602405
229,96.1364589247002
5120,47.523483282983165
5121,48.57253287830832
5122,49.2295778336893
5123,47.701264869175766
5124,45.48021839289254
5125,44.16040617199449
5126,43.49785761134105
5127,42.7756693167222
5128,42.56473602880611
5129,42.261343539944136
6560,134.59637058263905
6561,134.39661414680216
6562,135.63852340235022
6563,139.00236991734252
6564,143.1791498773586
6565,145.98343707274591
6566,148.4562745544275
6567,150.60627642283137
6568,152.62248959018245
6569,154.35891358739292
3720,51.88777903775872
3721,51.380257808187615
3722,51.57682276287552
3723,52.19558798248087
3724,53.575873327173895
3725,54.34554230490018
3726,54.75276649658265
3727,55.024948965578886
3728,55.29575950113832
3729,55.4560831985998
1330,25.89803106858311
1331,25.780853966108396
1332,25.46814857395674
1333,25.478191206686915
1334,25.562902687014848
1335,25.473128308796923
1336,25.09041732552094
1337,25.207564435290543
1338,25.08887791849996
1339,24.963246632370932
9480,114.97364337407666
9481,115.02945907590399
9482,114.98760450738196
9483,115.20072086876768
9484,115.30443733362937
9485,115.22008031401128
9486,115.19562175195736
9487,115.04084796325137
9488,114.91801470929747
9489,114.844037581724
2750,218.60201949912465
2751,215.8909692549875
2752,211.32161349234156
2753,210.5571391597954
2754,213.020124568425
2755,214.45509530167706
2756,215.43236021902777
2757,216.44154482756485
2758,217.65832114632593
2759,218.8262523007511
8760,92.66595981752955
8761,91.07907529057891
8762,91.17895049336119
8763,92.71888314193309
8764,96.50638499922614
8765,98.3811668133327
8766,99.12883468915722
8767,99.57268032137813
8768,99.914797102156
8769,100.07985743976701
1640,53.226630243225216
1641,54.26328155730462
1642,55.12697296387437
1643,54.63145785073907
1644,53.112244831198375
1645,52.266503019465404
1646,51.808966408084494
1647,51.42299123171732
1648,51.1646907432677
1649,50.958361165431455
6390,20.988541496575976
6391,21.25399400968014
6392,21.5118878921747
6393,22.036734061323514
6394,22.257065881950005
6395,22.266461526423242
6396,22.07743881649801
6397,22.286209784454144
6398,22.240323931640262
6399,22.24137297327283
2080,11.83044318869733
2081,11.490489467042892
2082,11.182334929964838
2083,12.015017377281595
2084,13.214362209744394
2085,13.836654736780105
2086,14.21268301162874
2087,14.643506541177729
2088,14.947523158593143
2089,15.222254996530964
8960,38.56632106734201
8961,39.27555323631687
8962,39.61356319566258
8963,38.86540952566369
8964,37.539017440674456
8965,36.483105483452654
8966,35.833030148024086
8967,35.08950049699116
8968,34.8110717039513
8969,34.52789728280453
8110,66.17756264892708
8111,67.60763910210513
8112,68.5867335896693
8113,68.28579806177969
8114,66.1572365508458
8115,65.68589955596687
8116,65.90540424280834
8117,66.38232998421708
8118,66.91024073071023
8119,66.92562924376813
6820,34.96835664262212
6821,34.83867192446104
6822,34.764087605088
6823,35.0089314506143
6824,35.20984870930468
6825,35.24012245655341
6826,35.25578864528318
6827,34.96856721121209
6828,34.93157496874171
6829,34.82148032884261
6850,25.319529175327617
6851,25.481876223982802
6852,25.66924902256089
6853,26.037084239821183
6854,26.230006963567632
6855,26.296053757341987
6856,26.425667465763745
6857,26.322039858607063
6858,26.310033022021052
6859,26.295682650881616
2950,121.40690991111542
2951,123.5066675880513
2952,124.68952533037049
2953,123.41203670218351
2954,119.57866232295291
2955,117.1319724829666
2956,116.01909124882934
2957,114.88115743341945
2958,114.63626351370971
2959,114.52286142848277
4410,25.910106828354955
4411,25.894819299456373
4412,26.019416114209648
4413,26.082035063744023
4414,26.233254142045766
4415,26.101078687107382
4416,26.113584210125893
4417,25.985949514258266
4418,25.812219787562256
4419,25.75476353371029
1850,19.227797379633422
1851,19.13172609951976
1852,19.146961814026284
1853,19.171282076272895
1854,19.288098599940184
1855,19.338971862501765
1856,19.560322795482982
1857,19.390371931922367
1858,19.427365278739472
1859,19.455931167787625
8190,112.30757200325726
8191,111.89012027058386
8192,111.87032423137971
8193,112.14267396178397
8194,112.96645646497088
8195,113.47657358255239
8196,113.64234927545212
8197,113.85983025816859
8198,113.93252371676715
8199,113.97172524602055
5280,16.010317260758242
5281,16.093928569962586
5282,15.918365769361756
5283,15.980280813481002
5284,15.872269420012394
5285,15.477026199176649
5286,14.970323624707852
5287,14.604628338365991
5288,14.256942743978016
5289,13.973071855087284
3850,160.13378791536002
3851,159.84256189114708
3852,159.54675974922407
3853,159.6366807493287
3854,159.8324828942463
3855,159.933050513007
3856,159.99813796203938
3857,159.74892053269352
3858,159.5626301751436
3859,159.5640377892251
3960,13.06557466718644
3961,12.9661687950842
3962,12.891660391997789
3963,13.047605698939591
3964,13.319143765052047
3965,13.32821233955248
3966,13.183725881123785
3967,12.99913777635394
3968,12.830889014265502
3969,12.68621172421178
7630,27.012097304423115
7631,27.443042736582925
7632,27.465679113884647
7633,27.395597288241312
7634,26.88620266573804
7635,26.044700810830648
7636,25.336883396629922
7637,24.503835717335107
7638,24.07474147852883
7639,23.696327753795316
800,5.321875460303843
801,5.313086201719003
802,5.3622962351678325
803,5.560501115063815
804,5.774639950244492
805,5.844724898489943
806,6.1690951715507225
807,5.879705057528014
808,5.943918288414977
809,5.966071088228446
8850,97.90997610282184
8851,98.84987812716355
8852,99.60010606336859
8853,99.3692254120714
8854,97.7362385011424
8855,96.85893999138426
8856,96.37955301146866
8857,95.90124444476037
8858,95.71448780191974
8859,95.49449854278777
1090,51.79663506415236
1091,52.30580685449696
1092,52.28421121174469
1093,52.585285799911745
1094,52.17284802218201
1095,51.549580825802245
1096,50.79277867887419
1097,50.188425674543474
1098,49.53399614502968
1099,49.03416430949414
1060,122.01067656235404
1061,121.49590340803374
1062,120.89706424295606
1063,119.34832592075503
1064,118.84515130851103
1065,119.42203286952395
1066,120.41019063310233
1067,121.41536617315145
1068,122.59349939787862
1069,123.58830238423263
8070,66.40770088561871
8071,66.26881227101995
8072,66.06964532546294
8073,65.89541376133793
8074,65.72561009364516
8075,65.6825114025116
8076,65.68339069624388
8077,65.77755671797466
8078,65.88704162999821
8079,65.94239427608494
9400,149.49944779621154
9401,149.49457660347764
9402,151.126724002965
9403,155.07438581919803
9404,159.89553593717127
9405,162.94287499953737
9406,165.39170998565373
9407,167.49351874428626
9408,169.22560869563796
9409,170.65940268170232
8000,35.75664039294526
8001,34.37924568956504
8002,32.67688665371095
8003,32.372273312733114
8004,33.65719996033143
8005,34.44182786601519
8006,34.783366946936894
8007,34.97215294536432
8008,35.10352083598636
8009,35.028959176977956
9680,82.73489966152405
9681,83.94166107805599
9682,85.85482100533179
9683,88.21692577010114
9684,89.31419044154289
9685,90.03827377038108
9686,90.75725088211145
9687,91.44721855531722
9688,91.6624724067558
9689,91.85141132050106
9590,71.24175158912625
9591,71.91990231027327
9592,74.14897421945697
9593,76.46526114282922
9594,78.50465192416928
9595,80.27367418937534
9596,81.99276249222382
9597,83.7914302222107
9598,85.1038777720648
9599,86.04764035605103
5210,100.59060900112678
5211,101.79293434374176
5212,102.7808748697111
5213,102.59070859008419
5214,100.87224436009701
5215,100.08297235041695
5216,99.97345909888662
5217,99.68063012591368
5218,99.2539348939051
5219,98.92200127620927
6580,36.66317437688478
6581,37.28793267988053
6582,37.214073056658926
6583,36.38252950879864
6584,34.98041709684765
6585,33.61408303898256
6586,32.45556559140609
6587,31.13258110122571
6588,30.305672564492582
6589,29.523963217252387
1270,48.082156139366475
1271,48.01977132749971
1272,47.94426392943615
1273,47.47562636863531
1274,47.05729513186534
1275,47.000431826790866
1276,46.66690155074566
1277,46.96975374898875
1278,46.91915491297026
1279,46.86120945066804
8350,163.72428092872173
8351,163.49955331441288
8352,164.44664949452533
8353,165.81204585435677
8354,167.7548528992252
8355,169.6460889637699
8356,171.90503495922755
8357,174.30255019422546
8358,176.8946908653317
8359,179.2116520458735
7710,83.09860235001952
7711,83.26977743584287
7712,84.45120713982368
7713,86.00103184599458
7714,87.6727408407479
7715,89.14105850328306
7716,90.6560347337638
7717,92.09268019270729
7718,93.33088128950533
7719,94.37045296570022
5540,125.50469996070831
5541,126.0388038223445
5542,127.17229915699687
5543,128.64678342462403
5544,129.7686628061495
5545,129.59270864295007
5546,128.9671363854501
5547,128.09480313164042
5548,127.20576483410143
5549,126.40193374833964
4090,117.27551755081282
4091,117.26446605946452
4092,117.6527557594615
4093,117.8188326802564
4094,118.0023929673325
4095,118.27856431643247
4096,118.61392709762453
4097,118.67616341673009
4098,118.85476131827204
4099,118.99955346823005
6500,61.8396888475328
6501,60.90589739704627
6502,60.98258795482083
6503,61.94168148901811
6504,64.29127369809775
6505,65.45746615164757
6506,65.94732701723788
6507,66.28921262788212
6508,66.56500596653922
6509,66.70815681116724
1170,174.27943535200717
1171,174.21039816118935
1172,174.18712437072503
1173,174.40307468124436
1174,174.49549683011338
1175,174.54717241829445
1176,174.50529819089684
1177,174.18210459738526
1178,174.03188463086423
1179,173.86343588776424
3490,120.43646646245317
3491,120.10156447165132
3492,117.75274556297697
3493,116.79151355952763
3494,115.93276369642624
3495,115.60557558876533
3496,115.49158282569762
3497,115.44788329554905
3498,115.29431124089015
3499,115.29206003611696
3510,96.47240202798706
3511,97.02545342617753
3512,98.22845950294432
3513,100.33356074408664
3514,102.04553202157591
3515,102.25509894348704
3516,101.83958596681248
3517,101.47095099131208
3518,100.72859655172178
3519,99.98556580122178
1690,130.56998758348112
1691,128.8056529966852
1692,126.86727800189655
1693,128.25746264401647
1694,131.87918744836745
1695,134.38973382429694
1696,136.63230337431386
1697,138.8580942041554
1698,141.09787951805572
1699,143.1196223826438
1720,14.964695110273524
1721,14.91418110259977
1722,14.80291862358574
1723,14.734645743371878
1724,14.634355411521007
1725,14.403461747996637
1726,14.104796921627468
1727,14.044233645563935
1728,13.981053959394075
1729,13.922519311536703
5340,26.791855569443364
5341,26.79487225847648
5342,26.792368610303527
5343,26.91881605025621
5344,27.045739532114318
5345,27.17298233218181
5346,27.39887505211071
5347,27.08894404910567
5348,26.96823406224908
5349,26.85095363313163
6940,120.43989446004582
6941,119.99126736871382
6942,121.53392573672596
6943,124.55971401101094
6944,128.91171408839006
6945,132.65802076040632
6946,136.49808751592067
6947,140.24762082170434
6948,143.81832940442504
6949,146.89236412975555
8590,7.811013353441865
8591,7.897105911312295
8592,8.003965112033939
8593,7.797258408626007
8594,7.523058592480055
8595,7.435304879800583
8596,7.586827366794452
8597,7.4516005040970015
8598,7.519447909256442
8599,7.564181485273636
2820,57.40143536738594
2821,57.999969446161856
2822,58.44667321125545
2823,58.38935168533004
2824,57.671233014930365
2825,57.22859267102954
2826,57.01156724389876
2827,56.80421701369194
2828,56.6676698743683
2829,56.58241104133997
7810,141.8183388504093
7811,141.69527684501247
7812,142.05313004121646
7813,142.47711015267907
7814,143.0034962651657
7815,143.30985039905602
7816,143.07303447242867
7817,143.3780000904946
7818,143.4899031214877
7819,143.4446577578568
6320,39.53303844265069
6321,39.511492998214145
6322,39.749727912968055
6323,40.772982637813385
6324,41.97626548533188
6325,42.86296848399547
6326,43.60249130622245
6327,44.48613928423633
6328,45.106498795110596
6329,45.62544750062648
4490,77.34563342946173
4491,78.46900361172376
4492,79.60239862808778
4493,79.99474758040913
4494,79.17120636865025
4495,78.81133184716423
4496,78.84089314044842
4497,78.8345111426548
4498,78.80699933859718
4499,78.86379186268357
5420,61.68797199867713
5421,61.67061298723344
5422,62.08841808993078
5423,61.439653115781
5424,60.72673346843226
5425,60.634642391513516
5426,60.816098997446055
5427,61.27410204666725
5428,61.74846367177117
5429,62.21207109096205
3010,54.8626134510708
3011,53.25200217829847
3012,50.58394333671035
3013,49.827386758761506
3014,50.79251349876893
3015,51.223798836895554
3016,51.0714184433271
3017,50.950066117592186
3018,50.67652867194927
3019,50.384017680885925
2040,203.80009502881347
2041,203.27277430492518
2042,203.4803233578852
2043,204.71023766367944
2044,206.2140277579099
2045,206.23680883059393
2046,205.42798495747775
2047,204.55028149951355
2048,204.4813272999644
2049,204.64077966469267
5790,19.554175879694803
5791,19.45161668591018
5792,19.46848947668269
5793,19.489713095049524
5794,19.60961829272822
5795,19.663480903451564
5796,19.88712584227838
5797,19.720682136616773
5798,19.76329121789359
5799,19.798579928217947
8680,81.63854725140219
8681,81.73466740198805
8682,82.2340389928937
8683,81.41755681694315
8684,80.62512255432313
8685,80.63312189463781
8686,80.801811113047
8687,81.27154405334844
8688,81.62453304077823
8689,81.9647960962732
3440,36.21321977577879
3441,36.31533620861141
3442,36.33953940573814
3443,36.01042716443516
3444,35.70390274482243
3445,35.616958904891966
3446,35.41998170951966
3447,35.40340931059939
3448,35.24361686811946
3449,35.01871565393079
920,32.77898430611242
921,32.84217658030559
922,33.04381179566052
923,33.67317708207973
924,34.33310468828182
925,34.466602193674376
926,34.40005544888154
927,34.290067748137275
928,34.18712917496908
929,34.08612189002154
8490,29.84779090172524
8491,29.803849946656733
8492,29.80595945603187
8493,29.96834140709136
8494,30.2055823639282
8495,30.3908486939114
8496,30.644309043272266
8497,30.35670454577584
8498,30.26250522175006
8499,30.164024620635686
4560,138.06708995167773
4561,139.50808879636105
4562,139.59246182186845
4563,140.5488420867723
4564,140.24562584278016
4565,141.5234925775273
4566,143.90113274968874
4567,146.50472213140418
4568,148.55265072547763
4569,150.43216757318385
9460,143.57015145699654
9461,145.129840462395
9462,144.15676002450763
9463,142.18843178842042
9464,137.84483225350232
9465,135.5550326391686
9466,134.45558359825972
9467,133.54127680710468
9468,132.8844202075197
9469,132.63653424805022
2830,170.76866704678963
2831,170.09677127273716
2832,171.09379387756192
2833,174.82190328861626
2834,180.09983774617353
2835,183.6352302809422
2836,186.7773398010392
2837,189.6622306882902
2838,192.33653214034717
2839,194.58279856092378
1180,133.71378473308584
1181,133.29908586335927
1182,133.00270120501293
1183,132.7291123594831
1184,132.64576953053313
1185,132.64771860901843
1186,132.60289194739948
1187,132.49091982392753
1188,132.43237157200974
1189,132.43931235528237
2630,73.87059393766381
2631,73.90313360275454
2632,73.89172927354284
2633,73.95905691498355
2634,74.07069006316664
2635,74.09570639955948
2636,74.1826707285444
2637,74.07559296513895
2638,74.01956803312764
2639,73.95481672659717
7670,89.44963679449549
7671,87.70117036138525
7672,83.51790048201778
7673,80.94285775299961
7674,80.07252967235804
7675,79.51306428325542
7676,78.6759801872605
7677,77.86202258721757
7678,77.23260494953676
7679,76.71847714053737
6860,44.007913921111225
6861,43.897010186052924
6862,43.88325109185854
6863,44.26093210636526
6864,44.84596170832209
6865,45.19624672909649
6866,45.41081613831237
6867,45.57231112225944
6868,45.7415605297598
6869,45.86270451484393
3630,31.047994260604227
3631,31.150040780141325
3632,31.621342913375187
3633,32.78554005578701
3634,33.924297615557336
3635,34.52005734732126
3636,34.8999124387491
3637,35.306895967915864
3638,35.534551788089814
3639,35.72887685528263
5750,147.42919212384402
5751,147.90682985046757
5752,148.44399431826682
5753,148.6760115389948
5754,149.9188830694022
5755,152.3547602237256
5756,155.4087723386935
5757,158.41058504447182
5758,161.2501890397173
5759,163.4558773711197
4880,115.31451628686474
4881,116.8101111998035
4882,118.38325781832613
4883,119.32560512433311
4884,118.79102297777072
4885,117.95891656223836
4886,117.19525084209369
4887,116.15771982012556
4888,115.12456450493829
4889,114.09260155017907
7060,30.541785534420065
7061,30.527786288287416
7062,30.517336920562244
7063,30.512027898519754
7064,30.51198814331631
7065,30.518632506993946
7066,30.58967016745934
7067,30.511844334286792
7068,30.529895830871283
7069,30.532450806511925
1680,0.06638500899978794
1681,0.06424818991881409
1682,0.06361073764226433
1683,0.0645360432019686
1684,0.068188662438331
1685,0.07029630758370331
1686,0.0199910236407419
1687,0.06883166598291268
1688,0.07798447388147167
1689,0.0802431053977557
1750,55.399995711245346
1751,56.49166258177691
1752,56.323363738358196
1753,55.75339679193797
1754,54.1204995349194
1755,51.78057100571642
1756,49.62729736186809
1757,47.091747326758075
1758,45.47935112637881
1759,43.98465493450563
3520,12.144888042923142
3521,11.938513475087206
3522,12.573945434879434
3523,15.021355391665125
3524,17.911618139550264
3525,19.972225904913685
3526,21.661409517087833
3527,24.1729958106756
3528,25.991014999098503
3529,27.563765932199345
3320,0.06638500899978794
3321,0.06424818991881409
3322,0.06361073764226433
3323,0.0645360432019686
3324,0.068188662438331
3325,0.07029630758370331
3326,0.0199910236407419
3327,0.06883166598291268
3328,0.07798447388147167
3329,0.0802431053977557
5080,37.769921567947456
5081,38.493075575545376
5082,38.31475852714879
5083,36.35289391939948
5084,33.76363994929234
5085,31.814220692916543
5086,30.3278444151726
5087,28.739113314444815
5088,27.770545762786085
5089,26.894750984350594
1230,16.999501213608482
1231,17.285795173612662
1232,17.98160509719957
1233,18.94359327146148
1234,19.711855769629445
1235,20.063716175358458
1236,20.52396361655706
1237,20.98142874517451
1238,21.469365234768055
1239,21.85923613549992
7170,29.030542523227183
7171,29.201779761911297
7172,29.511210770636787
7173,30.004310755012597
7174,30.273359459202645
7175,30.461792691784062
7176,30.60340413034305
7177,30.802541514083153
7178,30.91646318803879
7179,31.027255127279354
8730,143.45116297704703
8731,141.92081362403857
8732,139.32599981792484
8733,138.46325074229748
8734,139.67439146551501
8735,141.04552582832443
8736,142.48726755023796
8737,144.11371166491628
8738,145.8439512543859
8739,147.44288569010615
570,35.47446629529035
571,35.48924353867629
572,35.5467777144093
573,35.6137746034641
574,35.73966391719793
575,35.83999480915833
576,35.88523723020461
577,36.07452534411027
578,36.14852011062944
579,36.17616443249983
4320,34.18776537325055
4321,32.566420191239125
4322,29.72595184402259
4323,30.093478626925425
4324,32.23995732279682
4325,33.30294050008648
4326,33.713009093081
4327,34.14295144177004
4328,34.24694097263932
4329,34.328983086664294
70,69.96540356413747
71,70.0457003747581
72,70.06826953865526
73,70.25379058198985
74,70.40154620462283
75,70.1384771230699
76,69.54515091324866
77,68.96517688749375
78,68.3997136780487
79,67.88974159060552
350,46.36484138234694
351,46.242281926069566
352,46.365202068568
353,46.50315979471773
354,46.804515098160586
355,46.697358240636795
356,46.390960685532775
357,46.217370007424044
358,45.9948771402584
359,45.955733684236854
2570,43.85942718859858
2571,41.88182954496569
2572,38.830948273720935
2573,38.351845987309545
2574,40.042810994706436
2575,40.797132866781894
2576,40.95785337097585
2577,41.06737151569965
2578,41.0776663828419
2579,40.92729760396294
2710,53.2110589208264
2711,54.60908513268703
2712,55.41783922735301
2713,54.584242254318994
2714,52.050215503718135
2715,50.817442419063575
2716,50.36277593281584
2717,50.13633695595969
2718,49.997630736577136
2719,50.02945743725289
2890,66.55760081191656
2891,66.90096917694216
2892,67.46217354560918
2893,68.47113838250871
2894,69.09589412440914
2895,68.96523374261062
2896,68.55564620368551
2897,68.14830821930269
2898,67.79217793078317
2899,67.48026162568992
2910,15.950463153871397
2911,15.887894281625783
2912,16.01829855583246
2913,16.508404764277472
2914,17.14121876061155
2915,17.392291054183893
2916,17.55256722921817
2917,17.523872171612325
2918,17.566159607598443
2919,17.568602033002506
1810,10.20762414840182
1811,10.217113794217113
1812,10.394815918614768
1813,10.523726976793284
1814,10.719043616978851
1815,10.845568179747687
1816,10.93332495680653
1817,11.09586500493792
1818,11.240078804739753
1819,11.346799259746447
1900,24.990598678491914
1901,25.475285805691826
1902,25.76327589115332
1903,26.67288416480784
1904,27.404283552660587
1905,27.79115486221226
1906,28.277350132005637
1907,28.707299823314393
1908,29.197001336104442
1909,29.624062650217972
6190,163.2008397825594
6191,161.2426658913297
6192,161.08482526565544
6193,162.92298916776434
6194,167.20665557168795
6195,169.50132070074002
6196,170.55381482980852
6197,171.22284579534528
6198,171.5952768529346
6199,171.71934410948552
7200,73.02081482611524
7201,73.21882978170079
7202,73.55980948093097
7203,73.73443132827215
7204,73.87708076407003
7205,73.8247939346413
7206,73.59759664440519
7207,73.66865058384826
7208,73.60192585394941
7209,73.39714666308211
5690,31.58106195988894
5691,31.599439628296224
5692,31.60919162894632
5693,32.16937304802629
5694,32.628237781366245
5695,32.76126905027553
5696,32.706281440996094
5697,32.70350317835522
5698,32.63900816271307
5699,32.605811818515136
4670,56.320557551153385
4671,56.15370424644368
4672,56.00660667132503
4673,56.153842805301
4674,56.53920631774597
4675,56.853218508480964
4676,56.5095143521153
4677,56.6467594186757
4678,56.450544405039494
4679,56.4140698437982
6970,115.25035198093926
6971,113.80444171929308
6972,112.28361639178912
6973,114.632803620387
6974,119.13396716736563
6975,122.4730667460338
6976,125.30599703943444
6977,128.21966663669517
6978,130.58063974456712
6979,132.6381298243959
7230,244.16545474696744
7231,242.0629719603919
7232,242.4790799811209
7233,245.3190643667056
7234,250.87055197783394
7235,254.14169494683102
7236,256.04257165374264
7237,257.5675592922413
7238,258.7352778525581
7239,259.57809551228166
2860,38.94592109771096
2861,39.669238842994766
2862,41.515610366705005
2863,43.39736794298383
2864,44.799602065604134
2865,45.228855527077314
2866,45.33559084354067
2867,45.32670631179177
2868,45.40783375336347
2869,45.37646212554494
2200,267.22296353378727
2201,267.29745281361835
2202,267.25280836800897
2203,268.2702671117536
2204,270.7966956245965
2205,272.8381660171791
2206,273.96318744408643
2207,275.42810919058996
2208,276.46428067104944
2209,276.8649594408041
3280,79.05112082727376
3281,79.03593552282098
3282,79.17360133683465
3283,79.05441512003348
3284,79.14342307262893
3285,79.31743702315863
3286,79.45611276864442
3287,79.7927661714457
3288,79.95158880266284
3289,80.08193677887174
3660,33.56965791162015
3661,34.59178634889645
3662,35.30679660736205
3663,34.67534608298618
3664,32.91130269250249
3665,32.07778229193708
3666,31.75705321055456
3667,31.553028729026167
3668,31.42538068964072
3669,31.385629788692604
4640,225.84492625813567
4641,227.2072058764852
4642,228.18355354204527
4643,227.18038340162914
4644,224.52663102729898
4645,223.37388713110306
4646,223.13589522230097
4647,223.07393145165145
4648,223.07688115159146
4649,223.27895545221924
2720,74.29298787891716
2721,75.14788167966925
2722,76.2385395218279
2723,77.04077507841973
2724,76.71099005559572
2725,76.03337563146107
2726,75.42579231960175
2727,74.7269787454738
2728,74.28642417573323
2729,73.99665712333308
5480,60.27317163413655
5481,60.93513570498522
5482,61.7202554792249
5483,62.019126253544734
5484,61.60418374631408
5485,61.43232896306603
5486,61.43897870837838
5487,61.48158064712355
5488,61.54185431262621
5489,61.62406592715311
6030,71.46761722197205
6031,71.97226495929236
6032,72.10591693187715
6033,72.34201718242966
6034,71.97229139755244
6035,71.33840535854782
6036,70.54755592829963
6037,69.67533272527864
6038,68.94218467770887
6039,68.33450663916112
3910,307.5371322255155
3911,307.68500923169853
3912,307.87134549725994
3913,308.72587898188056
3914,310.3553313574474
3915,312.9378880465497
3916,316.3536776128352
3917,319.83463780138175
3918,323.25671820553794
3919,326.3053960169869
5290,113.79461813385961
5291,113.47477870771138
5292,113.40631037704016
5293,113.79660924246937
5294,114.53723741262951
5295,115.08911392742912
5296,115.46982375092466
5297,115.84849598047077
5298,116.07666611025874
5299,116.1464487047472
5630,17.767499690596026
5631,17.854441639624547
5632,17.700366862111984
5633,17.76488240950264
5634,17.745209489816567
5635,17.52731712589822
5636,17.175582098858754
5637,16.90707401856286
5638,16.658424797981148
5639,16.45581600678809
580,24.09586907967799
581,24.14956250246614
582,24.609030403656227
583,25.5696952964757
584,26.52566968049816
585,27.062320158630996
586,27.40216343318562
587,27.641456800040345
588,27.718039716469654
589,27.768137030351774
4810,47.7208299206587
4811,47.856091062077354
4812,48.06812845476759
4813,48.493480531126345
4814,48.961330733049905
4815,49.111975519648304
4816,49.10920083427756
4817,49.14064252015356
4818,49.05152252099775
4819,48.93350682929137
4890,188.40146840187288
4891,192.00089371461826
4892,196.40094613506693
4893,197.56240016534596
4894,194.85145340074467
4895,194.84797217629142
4896,196.67495720072327
4897,198.97389063480108
4898,200.81888233512456
4899,202.7213235459846
770,92.91015596272838
771,92.97695960258957
772,93.09278270016496
773,93.29253926117137
774,93.66861614780672
775,93.8252882634252
776,93.83084183440963
777,94.11251108843256
778,94.37633949090373
779,94.67811715603304
3290,157.0262930390317
3291,158.6369442475846
3292,161.22432300801768
3293,162.91906951059912
3294,163.33083816533747
3295,163.951598271401
3296,165.22212139508036
3297,166.41323374201937
3298,167.77524222009288
3299,168.96027225445067
5970,0.06638500899978794
5971,0.06424818991881409
5972,0.06361073764226433
5973,0.0645360432019686
5974,0.068188662438331
5975,0.07029630758370331
5976,0.0199910236407419
5977,0.06883166598291268
5978,0.07798447388147167
5979,0.0802431053977557
9600,78.67766436964567
9601,78.64755616413558
9602,78.60861773987544
9603,78.56079727326782
9604,78.33757608842107
9605,78.35308095033673
9606,78.22549951378993
9607,78.18312291238001
9608,78.13193454883981
9609,78.00373821903123
660,38.43464123181111
661,38.67599104220599
662,38.83793439711685
663,39.451583079108914
664,39.86802224805113
665,39.80923525046714
666,39.81769147474762
667,39.40741798049324
668,39.179178670814935
669,38.96210687169955
3390,88.61638654696738
3391,88.54379708383715
3392,88.55455314586297
3393,88.28840629325987
3394,88.07894397632046
3395,88.11678359987997
3396,88.13857551674418
3397,88.28637262829257
3398,88.33777996355873
3399,88.45637076665867
9930,34.88380834904302
9931,34.75061711961479
9932,35.34491245530506
9933,37.08295256920138
9934,39.29120039032106
9935,40.93234986051091
9936,42.51482649751401
9937,43.98425793319932
9938,45.398229110908744
9939,46.58019366307461
8570,65.76060437118417
8571,65.70463845385034
8572,65.82551708313198
8573,66.02119605198143
8574,66.17904519260779
8575,66.24045317332063
8576,66.33629717128136
8577,66.43827135606614
8578,66.51839547063923
8579,66.592224691587
5510,43.421593058220125
5511,44.19465524569725
5512,44.0318655472634
5513,44.92473208604751
5514,45.05160318933083
5515,43.79150713373569
5516,42.384297903063356
5517,40.631891944084224
5518,39.52319135865321
5519,38.533798268684585
1990,52.4637947694317
1991,52.72867979308579
1992,53.17054006751215
1993,53.29857508016669
1994,53.2306266816596
1995,53.2293367919565
1996,53.13908661785514
1997,53.241500044570955
1998,53.36980179009217
1999,53.453012874875554
4330,28.432176365323222
4331,28.2982966762671
4332,28.198452536928023
4333,27.974620631958516
4334,27.805084823879838
4335,27.840766826505117
4336,28.035108123644108
4337,27.976017360706237
4338,28.130920531075773
4339,28.241206348395593
1470,0.06638500899978794
1471,0.06424818991881409
1472,0.06361073764226433
1473,0.0645360432019686
1474,0.068188662438331
1475,0.07029630758370331
1476,0.0199910236407419
1477,0.06883166598291268
1478,0.07798447388147167
1479,0.0802431053977557
1820,15.18483943971684
1821,15.256678908439326
1822,15.175658048533435
1823,15.5828433962648
1824,15.88492812023268
1825,15.761897626600494
1826,15.413363035926373
1827,15.091674750547966
1828,14.754807948968939
1829,14.4282138171572
2760,155.525861322869
2761,156.6507307763179
2762,156.62964328217748
2763,156.57804523626618
2764,154.9744712259986
2765,154.28641174689866
2766,154.25360929957498
2767,154.47229720710388
2768,154.60355063643402
2769,154.94025353971404
9090,65.80638556195149
9091,67.41584560133147
9092,69.09999464668849
9093,70.79282528175717
9094,70.76420119872581
9095,70.77104286916904
9096,71.00553844634116
9097,71.26656837076938
9098,71.34629255558212
9099,71.43759466445299
7300,140.9133199950702
7301,139.6791510158298
7302,138.0558013445993
7303,137.67282992920417
7304,138.4445342707399
7305,138.87296126872323
7306,138.8954626347192
7307,138.87074452140754
7308,138.85844167107348
7309,138.85862400482466
7480,55.21292120407385
7481,53.84712293745069
7482,52.158824347029096
7483,51.78447141172445
7484,53.2232073324696
7485,54.29550518778117
7486,54.88068727276353
7487,55.60740055188667
7488,56.04033558066631
7489,56.313199574267756
3710,39.05288842096879
3711,39.36907932586403
3712,40.057672984937305
3713,39.77978212751303
3714,39.316868604699394
3715,39.4457570798933
3716,39.755092360390904
3717,40.06398004188953
3718,40.380767723143556
3719,40.650294673980525
8540,11.441577132235864
8541,11.33308695932125
8542,11.283223354272295
8543,11.437032716373778
8544,11.701676021044264
8545,11.747193314845958
8546,11.677633224284406
8547,11.585799346574618
8548,11.513664111578045
8549,11.451769246580866
3920,40.651291674333876
3921,38.63804256408092
3922,35.55149674508191
3923,34.76204420353342
3924,36.192501154778405
3925,36.9763053453118
3926,37.29168365940636
3927,37.477644558037866
3928,37.60226211025995
3929,37.5403020491232
8220,33.221774515685055
8221,33.41269639328282
8222,33.646859647401236
8223,33.520858171105935
8224,33.10666950282621
8225,32.84600732695497
8226,32.62154695948154
8227,32.532893880253894
8228,32.46871525671703
8229,32.45885958604924
9320,23.125761852351474
9321,23.31624282265301
9322,23.414490418284302
9323,23.23492623718809
9324,22.888500339522892
9325,22.522394662292463
9326,22.145400510856987
9327,21.575325558984012
9328,21.105977317762814
9329,20.65751706985496
7360,104.59264016798501
7361,107.25389325236254
7362,110.05867390868151
7363,110.71013809540932
7364,108.17018731381211
7365,107.43571859168259
7366,108.0518075061803
7367,108.93303955906713
7368,109.73597869040853
7369,110.74703644437997
6260,49.61513618277408
6261,49.46132237554167
6262,49.54737606514697
6263,49.718847615503
6264,49.88386977108418
6265,50.03365876338691
6266,50.181215230341024
6267,50.18041817885525
6268,50.20633453524118
6269,50.23235897648617
5620,140.2775677028041
5621,144.67383248808062
5622,147.85316085391588
5623,148.080123091636
5624,142.8798626361706
5625,140.18373006523785
5626,139.46620179867588
5627,139.24712152836446
5628,139.06435626938736
5629,139.37507988774058
3450,13.033664659139717
3451,13.202927505691804
3452,13.14355918649865
3453,13.12940237839372
3454,12.895098745757338
3455,12.681234235050866
3456,12.731071979157363
3457,12.316196000662593
3458,12.202532123556132
3459,12.102117391950351
2280,39.678739145900124
2281,39.80968984280909
2282,40.028009358316176
2283,40.34244119170157
2284,40.72505582375423
2285,40.625584476518604
2286,40.52646657947542
2287,40.30960180389137
2288,40.38335010966501
2289,40.36223450722951
7130,32.352969645776966
7131,33.36232340498855
7132,34.66702284729365
7133,35.53376779922146
7134,36.043332511701784
7135,36.40908477237516
7136,36.79730638975832
7137,37.060715449351136
7138,37.153411507654006
7139,36.951534838569025
2460,16.18797835185297
2461,16.314965598772183
2462,16.524046706103178
2463,16.906416064302434
2464,17.172171878952838
2465,17.209559252853467
2466,17.06317433734724
2467,17.213826118914483
2468,17.225190088389347
2469,17.2201449437501
2580,185.08769550989746
2581,191.09134109082407
2582,196.46324551884115
2583,198.79385220914185
2584,194.7191821401127
2585,192.84358981739314
2586,193.0330143766065
2587,193.3499268962214
2588,193.64794388631304
2589,194.18907880473193
2960,15.689632964579403
2961,15.760649603303023
2962,15.853134224707631
2963,16.14096864363536
2964,16.354682828152747
2965,16.361034207378836
2966,16.28710880984756
2967,16.314142584462267
2968,16.296096849613846
2969,16.256864113672677
1100,18.319453927677273
1101,18.424993640372
1102,18.483238987993403
1103,18.137305639379633
1104,17.688557388971475
1105,17.40332186640771
1106,17.228954514110818
1107,16.91264121702155
1108,16.72898793751215
1109,16.540920114065898
450,101.35980954987414
451,102.65264574720509
452,103.945773988779
453,101.35791209488723
454,97.57074190397107
455,95.29369770848658
456,93.53783446896637
457,91.79636634839738
458,90.26277392795339
459,88.84674854273176
3790,22.095259063771252
3791,21.906242350131286
3792,21.569070922170148
3793,21.718264675688054
3794,21.969018801329177
3795,22.154992848283342
3796,22.220823035485452
3797,22.332514227705154
3798,22.360537172433737
3799,22.400514640055036
