id,y_pred
4900,11.433582017920049
4901,18.69127824780049
4902,27.393695156764693
4903,34.96508837551174
4904,43.08877766552026
4905,43.294431396094836
4906,42.27161751333269
4907,41.37672695404894
4908,39.097076512352324
4909,39.133381791249235
6480,137.396469199885
6481,155.6048515712192
6482,164.31288286112385
6483,169.44550454998972
6484,175.21077984958566
6485,177.17608033103818
6486,179.0415874865156
6487,179.84891104733168
6488,180.6242515920163
6489,181.97201846187508
8020,3.1619245866147727
8021,3.7023621944494334
8022,4.457436220274946
8023,4.465952428032649
8024,4.61595102767509
8025,4.8128167390199454
8026,4.733967402200487
8027,5.340180846580436
8028,5.299602755136221
8029,5.342245953891219
7470,150.63012337673155
7471,141.0067380109623
7472,132.01188168788053
7473,116.97308053830689
7474,109.48293600572367
7475,99.73238540213472
7476,94.69694953246328
7477,96.10063695425956
7478,101.95987917935835
7479,98.88183567987898
8360,30.9081784712197
8361,31.537752593898553
8362,30.93906266868416
8363,30.064549616492677
8364,31.802097390278277
8365,30.696465121949622
8366,28.464921309429357
8367,27.269037723954092
8368,25.307998649099034
8369,25.052854247107582
6460,43.08239301385182
6461,44.910598755710566
6462,46.90019265564813
6463,49.99686477089226
6464,52.214879242031344
6465,57.47425395253516
6466,63.37662498454381
6467,69.63921029986761
6468,75.12557591207839
6469,75.78345247023204
5850,14.545600887060772
5851,13.733535570252407
5852,12.989966588648265
5853,11.579586922626136
5854,10.973865585990046
5855,10.856391037966176
5856,11.181105448772037
5857,11.44265908408305
5858,11.578187734025668
5859,11.250033253045817
310,15.362588593024253
311,14.322374138035329
312,14.337993709364442
313,13.666915864435829
314,13.599421736037002
315,13.720519878053347
316,14.20359553032185
317,13.703866445670597
318,15.693333108827254
319,16.96798880735625
7720,3.781097021569283
7721,3.690005763528668
7722,3.806667520141345
7723,3.8853233526507625
7724,3.9223053804166064
7725,3.9228525711738493
7726,3.878603145063251
7727,3.7135889011169336
7728,3.667106953770336
7729,3.665519374215296
1110,15.687950607168752
1111,32.97651654366834
1112,46.9405175647503
1113,58.635803282509464
1114,65.86759708387255
1115,62.57536452080663
1116,57.3713163396213
1117,50.272675037237065
1118,43.09555346481007
1119,37.81565454639714
1860,170.2266160611039
1861,172.44020794894422
1862,174.49734447046256
1863,173.91024862981538
1864,176.422795542607
1865,179.01572980736847
1866,180.4332902921647
1867,182.78193372590212
1868,184.43327393577337
1869,184.3520363980194
7820,47.62290496661702
7821,49.815610913384425
7822,47.97145614991584
7823,45.44247866433304
7824,43.887147546621534
7825,43.26246475417136
7826,42.89317139836248
7827,43.97560614055662
7828,44.938154669091844
7829,44.94786557117581
7570,48.794899571961295
7571,60.17430510540826
7572,67.19694856393318
7573,72.12189345950307
7574,77.19962809409097
7575,77.4489098482531
7576,79.59152423911115
7577,77.30374225206404
7578,74.9619273485316
7579,70.99104346836555
8460,12.723282281856797
8461,12.787157196715313
8462,12.631019194229708
8463,13.042537482698613
8464,12.28580483913304
8465,12.064967413982101
8466,12.2992117383868
8467,12.66323165529817
8468,13.078299908665134
8469,13.518580282113291
8690,117.26618629676824
8691,114.33723392079955
8692,108.43113069928393
8693,105.72076000973237
8694,105.39152628898891
8695,106.95563408919999
8696,110.14305582971537
8697,112.51222322949582
8698,114.66116699395366
8699,115.64227071058346
8970,55.89998183053041
8971,53.24689069010303
8972,58.47397089173336
8973,52.003821737361065
8974,46.31232266175908
8975,41.79460683962783
8976,37.44311574989577
8977,37.46880247640276
8978,37.533918603372896
8979,39.411266388983634
4540,1.7144024853744164
4541,2.3324757912804754
4542,3.0502486173122954
4543,4.430546244172737
4544,5.184935087813328
4545,5.083907836633978
4546,5.214233919725192
4547,5.722144586198191
4548,5.954306553889165
4549,5.888813866239026
6200,16.352589182378285
6201,17.182303688237166
6202,17.784625734264747
6203,19.299691796593976
6204,20.382127087175505
6205,19.8040233288105
6206,20.471344175305223
6207,21.448243241502468
6208,20.907636035669242
6209,21.333941344740737
8600,21.663105697281498
8601,23.820040494598622
8602,25.118911676050978
8603,26.34364655025307
8604,26.37744445504647
8605,26.123264440318792
8606,25.939624235915378
8607,26.0648777098466
8608,25.689072238059037
8609,25.92853354760407
120,120.83005788769184
121,129.46504800365278
122,132.03363660730923
123,135.66205791710044
124,137.27738155142293
125,137.20149585216058
126,141.1429241103741
127,144.90647143447018
128,148.64005695283475
129,153.02540145500438
9330,47.33939200408544
9331,45.10435935114879
9332,44.962022827499005
9333,42.450422189824174
9334,41.04843430877564
9335,39.9355872620249
9336,39.08030431219908
9337,39.44803041075375
9338,38.93061297315298
9339,39.52286111990169
3820,-0.5014265012110758
3821,-0.5014265012110758
3822,-0.5014265012110758
3823,-0.5014265012110758
3824,-0.5014265012110758
3825,-0.5014265012110758
3826,-0.5014265012110758
3827,-0.5014265012110758
3828,-0.5014265012110758
3829,-0.5014265012110758
230,19.09264978505564
231,17.940311509784173
232,16.708531121488026
233,18.265081493269747
234,19.40265877690295
235,22.05285060028867
236,26.196356836242487
237,27.454385988118617
238,28.596748184665103
239,27.93753109249624
9240,45.36643066277973
9241,45.32891214676003
9242,39.468808764647
9243,32.32983546298556
9244,27.963619639279706
9245,25.75391345982415
9246,25.061894548992683
9247,25.275652107729595
9248,25.13882970902055
9249,25.813479253262937
4760,12.494929707538944
4761,15.731365270400591
4762,17.69160013777422
4763,18.336426420000176
4764,16.011502026766586
4765,18.89775637119456
4766,20.68446733348822
4767,29.43745439670238
4768,36.517301947751164
4769,39.96158364322068
5680,12.498796337972722
5681,14.84794319742372
5682,17.127471640520373
5683,18.472559535068914
5684,18.510768681449555
5685,18.770293621559862
5686,19.232448341684876
5687,19.819002550987662
5688,20.388714839687253
5689,21.621968547759366
4790,30.987529854904032
4791,31.12014145352545
4792,30.785810924741902
4793,31.259185691410593
4794,31.28910144260361
4795,31.564231529784003
4796,32.741187169448665
4797,32.64123307899311
4798,32.81717374535262
4799,31.589383642133527
5980,24.679882469028524
5981,23.024338996522566
5982,21.719498566727893
5983,21.729804451385846
5984,21.91061804180178
5985,22.705743039027553
5986,23.048573327538406
5987,22.6041481676208
5988,23.008364917102938
5989,23.65937825970898
1490,15.509979979819676
1491,27.646747866985095
1492,41.63924634664165
1493,52.18933733776467
1494,59.45255469911936
1495,62.66290592666178
1496,64.81586182636869
1497,64.79021331670769
1498,63.8351811533294
1499,61.09117375998904
0,110.60672547055374
1,93.97237550854814
2,82.12627935239433
3,58.60319406590618
4,51.114391176705794
5,48.67322546925868
6,49.8666234981249
7,52.87402459600535
8,53.229922537353325
9,51.28860870695766
9100,33.06027575150615
9101,34.57458207612453
9102,32.71727205706374
9103,31.10967149806192
9104,29.079850721280845
9105,26.95551065671156
9106,26.757003178157657
9107,26.477111910258373
9108,24.855132631157463
9109,25.04311350899883
670,45.65777622331334
671,67.45259778457401
672,77.29896952232039
673,94.10993680757194
674,101.17828481358299
675,104.55671479287705
676,108.6496700068193
677,109.44214757715056
678,115.1693994218907
679,114.71915483190682
5430,24.91551476362826
5431,25.80088077127627
5432,27.429471872419093
5433,27.623365527209252
5434,27.705973447646404
5435,27.65824291707613
5436,27.377149512146186
5437,27.396732048563642
5438,27.184430724482898
5439,27.327236041320425
1500,88.16169878936442
1501,100.67816770884002
1502,110.06663827839057
1503,119.00806777668889
1504,125.20137051030522
1505,128.3217953009783
1506,133.0529172415633
1507,134.07972998012042
1508,135.82145740682228
1509,136.79021179957948
330,30.1670182161529
331,23.943925365547152
332,22.19472520367973
333,21.094172326989572
334,21.447860032695324
335,23.47651993549571
336,23.356099434437013
337,24.25189565930384
338,23.91798236713538
339,23.67767639989887
7880,130.05826141338213
7881,100.24773917990666
7882,82.0175965293719
7883,75.54410182935897
7884,73.80440322969548
7885,78.01090632459085
7886,81.13458361447879
7887,81.41733525648971
7888,78.76337462289183
7889,78.15670060360515
8520,65.31077176026234
8521,76.68384602467529
8522,85.14592543493761
8523,91.52709038311089
8524,94.87593601364972
8525,95.7677077571922
8526,94.35985747513041
8527,93.24901148671267
8528,91.45371323399797
8529,87.96976980673269
2780,145.935197988293
2781,171.23233478314137
2782,187.10531785419982
2783,199.0740916340246
2784,202.54406082632778
2785,206.73990845979185
2786,201.13419204445603
2787,198.40766297803412
2788,195.03970994815856
2789,184.54937820644253
4010,54.24243619783316
4011,59.506635282163984
4012,63.267164913271415
4013,65.15148133709262
4014,64.42392320903423
4015,65.33456747677772
4016,66.62827732357962
4017,66.47133299915502
4018,66.70044389637711
4019,66.22078163368582
5550,15.57043048996028
5551,17.66060828757684
5552,18.30381898851156
5553,19.786158715734295
5554,21.06961579608074
5555,21.859059720044485
5556,23.39653483545853
5557,24.20304399420107
5558,25.03498308163833
5559,24.928788317046134
4440,78.04548980523758
4441,90.36969726674353
4442,96.08378960439451
4443,109.60150145233766
4444,118.36673744937198
4445,122.23063385494716
4446,122.85309811008139
4447,118.37003929250957
4448,112.7078664914608
4449,106.28946130607125
1480,39.71242079145677
1481,45.62409181412848
1482,50.42214891991495
1483,54.268460365923815
1484,58.2335156292141
1485,63.42528909171784
1486,64.12976553311637
1487,64.48458273212115
1488,63.308132694861285
1489,61.58233317980204
4060,114.97457761005154
4061,118.36430346655294
4062,113.53170627177782
4063,99.1603017259846
4064,79.5494707707803
4065,68.72641069691838
4066,60.36727041659736
4067,54.23330422295327
4068,52.53805594133338
4069,52.56761745384691
590,129.5773652514422
591,126.71451131804774
592,109.56542193204893
593,90.7315176180815
594,80.67878811422094
595,70.4267548639736
596,63.983325365617006
597,61.105095775705465
598,64.2963529562396
599,67.31393835877356
2340,18.78487479723989
2341,18.03572680662984
2342,18.77599432623589
2343,20.597120480844445
2344,23.897337919526194
2345,25.90242936713363
2346,28.152219597861716
2347,29.783344189376486
2348,29.071267527988716
2349,27.657837014126635
4680,82.40155764783967
4681,84.49788660105907
4682,87.2515054179905
4683,85.49784678266688
4684,83.03062421750649
4685,82.89105913081679
4686,82.59140889733484
4687,82.65571319400587
4688,81.56059534171175
4689,82.11038451736295
9290,115.11846823524719
9291,99.27949736984522
9292,95.87426207100096
9293,93.16339390548156
9294,93.45807888658226
9295,99.3987770237749
9296,98.59620632251034
9297,96.7238909818923
9298,103.06930301222516
9299,104.69410583156846
9870,10.374941598989743
9871,8.823295689507077
9872,7.384470590034365
9873,7.058407869865116
9874,7.516676670450398
9875,7.977277747691971
9876,8.30498323547738
9877,8.62970847908119
9878,8.179754201530143
9879,7.983949127330918
2160,95.0251154023858
2161,102.04710645750653
2162,108.14196648731453
2163,92.4062848417867
2164,68.68753905175899
2165,46.06340759194976
2166,35.98989154574383
2167,33.35085809741524
2168,32.765829401212414
2169,33.33227287436651
7830,25.219470489435924
7831,26.234861462725128
7832,27.828057317976615
7833,30.099591032280344
7834,30.80228604895003
7835,31.65899452990957
7836,31.81675133420491
7837,31.39806090181478
7838,29.90924606602124
7839,27.829938107319606
5230,54.66929650848927
5231,48.66319959515648
5232,42.380897816569146
5233,38.655131162156465
5234,42.30346687750563
5235,47.58164911507785
5236,53.822321024969526
5237,60.00251113679061
5238,54.464884198131394
5239,51.718559518065184
6040,35.28605393458289
6041,42.996653065639634
6042,47.07987311818906
6043,51.21716447274287
6044,54.93320992032099
6045,53.669443990994445
6046,52.50751777185735
6047,48.84808775072673
6048,45.680790961898154
6049,42.91310134977029
6120,26.75688826809934
6121,27.55900450686437
6122,27.219312647800457
6123,27.238665621423763
6124,27.646196255473303
6125,27.6740124592857
6126,27.91512102920013
6127,27.33855442205271
6128,27.020222782678978
6129,27.160847493466697
9880,14.990679277671696
9881,14.221349624114481
9882,14.144797273884897
9883,14.797885264852805
9884,15.131534015999414
9885,15.27689604384241
9886,15.799452901925374
9887,16.036064081853276
9888,16.700766633340297
9889,16.735391181568815
4870,40.635867433142224
4871,44.13275545039665
4872,46.61178784450744
4873,49.02204286286017
4874,49.172539806978705
4875,49.045774633081464
4876,49.73116490987225
4877,48.84543929885867
4878,49.1904928769279
4879,48.52550143881279
7640,36.02971733424122
7641,34.89010485927027
7642,30.851547625083796
7643,26.789480223111287
7644,24.192251508143205
7645,22.375518041977692
7646,21.33547066031151
7647,19.76010739379841
7648,18.47803134554003
7649,16.60421920285969
6050,11.873355121539312
6051,13.668061237653848
6052,15.287278618225486
6053,15.781598400985562
6054,16.035538440141384
6055,14.842085114671285
6056,14.475944208707544
6057,13.956087401142042
6058,14.093281557332862
6059,13.44266059093173
5350,46.05480829263533
5351,46.63335737008017
5352,45.88118223753681
5353,39.08933175615716
5354,34.460887149740806
5355,30.56409190083215
5356,28.06913389192898
5357,28.52850798480337
5358,28.948384926542815
5359,28.71408509698695
5900,72.51470064701468
5901,88.03553051791314
5902,98.99266287002058
5903,109.34292379427721
5904,119.40454798287782
5905,135.65658891275308
5906,147.75285971900797
5907,159.91661519727606
5908,164.92016224115977
5909,151.9756095265127
3860,13.726273852151165
3861,14.797737085819872
3862,14.779962819480446
3863,14.934468170850153
3864,14.529386291664466
3865,14.639161127184211
3866,14.633895379130752
3867,14.367558548623109
3868,13.834789272185422
3869,13.915135955147115
9490,4.1935340024019165
9491,4.981994352366213
9492,6.100690827314394
9493,7.43814074155757
9494,7.957175648830667
9495,8.212470341354333
9496,8.222006137832064
9497,8.077925486639842
9498,8.22152142270497
9499,7.289935389868409
2540,143.6187096931311
2541,157.32251863102647
2542,165.98775314489498
2543,175.89753660117117
2544,184.18725388976642
2545,188.36718328573482
2546,191.71249016210942
2547,191.1260546736524
2548,187.76542403994588
2549,192.06267178733887
7730,14.785907535922242
7731,19.073904824425433
7732,20.971457952443036
7733,24.526860373269372
7734,32.32541805997049
7735,43.33369181653588
7736,54.734002220948625
7737,69.17295155110372
7738,77.82332968508993
7739,72.09661801131078
1190,85.8246340985821
1191,102.05112200174372
1192,113.27005764431601
1193,108.61370167850033
1194,103.75816698867489
1195,93.12718597895126
1196,84.71326590361267
1197,79.92999645350466
1198,76.27058788458669
1199,75.57705586853592
4550,56.19248607536073
4551,56.19501248132134
4552,58.24234545528329
4553,60.96948150495416
4554,63.69614599311913
4555,66.736978368996
4556,67.68335251834023
4557,68.88265995358898
4558,70.16730030585634
4559,69.19750151915343
10,37.324989652013215
11,37.19846259492725
12,37.76886695997722
13,39.21848910254589
14,39.399380047012684
15,38.26147124023884
16,37.619087302728616
17,37.44197912222394
18,36.43608687105652
19,35.78709518433871
8040,19.711952491601817
8041,22.515024628551586
8042,24.55525025270598
8043,25.60409994080767
8044,26.50176103432174
8045,26.0472666282831
8046,26.037790496994603
8047,25.666703688160332
8048,24.856888943054706
8049,24.539622397962834
2170,25.155977962250667
2171,26.561386269714365
2172,28.46524971309009
2173,28.686271182996954
2174,27.753345593252348
2175,27.315106665624693
2176,27.07869155755362
2177,27.720288161430783
2178,27.871478105185556
2179,28.390415196755356
1000,21.291035047465865
1001,21.1218072542805
1002,22.497129445141304
1003,24.167782143628347
1004,27.901622542595707
1005,30.76789283949544
1006,32.16014690194339
1007,32.84509540138717
1008,31.743120078655245
1009,30.21582938032113
8660,87.33041271307043
8661,86.46311022392477
8662,80.8234418683264
8663,79.4130145766246
8664,79.01621219719021
8665,77.70582559367938
8666,76.83296461005298
8667,75.16584735491251
8668,74.17810073590233
8669,75.69461577049529
9340,63.642496740750076
9341,72.111486973349
9342,87.68757595420126
9343,93.97451808333477
9344,89.5580365399965
9345,80.91329593860152
9346,68.08864439568458
9347,57.181170767896845
9348,51.55078687770441
9349,58.53080301602725
930,111.85500255079658
931,85.88261367447188
932,65.1048986649161
933,61.26903719709985
934,70.43765283351868
935,78.4736546021932
936,96.02502770416197
937,114.49950738766806
938,128.08360703664323
939,140.5764481456101
1020,56.368504196460165
1021,56.970339770442834
1022,58.702459764060215
1023,62.30742246255353
1024,62.91189717293834
1025,62.39427530488324
1026,60.70648960400487
1027,56.75704520056277
1028,53.903543010361766
1029,53.21160490056072
4070,9.189200219060197
4071,9.785258018519809
4072,9.688825839360712
4073,11.315806271537092
4074,12.947504560685886
4075,13.560716677148411
4076,15.135935860103299
4077,15.461544554595186
4078,15.42775905079165
4079,15.693371608923535
7680,108.13840938757393
7681,80.5714479757184
7682,61.59195371212525
7683,47.820680568729244
7684,43.1842230867973
7685,37.71272102599048
7686,34.91558044713035
7687,45.46799573317994
7688,53.8147784613124
7689,63.12572238507698
8530,78.96693433492621
8531,88.11748140393193
8532,89.4866235564846
8533,88.12473852883954
8534,90.00995798133044
8535,86.544659384287
8536,86.74199457726189
8537,86.88323928747242
8538,88.63855094223013
8539,89.16335696665499
8250,21.684473574818405
8251,21.9132890143273
8252,23.634958502403006
8253,24.329217914472764
8254,24.534629016905207
8255,26.18906458118515
8256,25.652252319767165
8257,25.212803466142276
8258,24.20187247501867
8259,23.64427673465275
320,36.34190800215325
321,42.18759785970056
322,50.933316506992824
323,58.488498185936564
324,65.99207422342803
325,67.20015666650714
326,67.6519186918178
327,70.46030331111876
328,71.00943401247115
329,72.39085417752318
3620,113.40218531143753
3621,107.23699384215493
3622,105.40680219585363
3623,73.54016592694691
3624,59.90365719511634
3625,53.164338608739115
3626,48.90015901811389
3627,50.02372348349771
3628,42.66149974933063
3629,42.965484731042594
1360,260.8980018842986
1361,264.5990596203674
1362,268.6913958699466
1363,272.2067491284386
1364,276.55978363387686
1365,278.43039034681345
1366,278.40548589914147
1367,278.62354441525645
1368,278.85649744237566
1369,278.04159893230275
7960,50.82569128484758
7961,49.738639634245025
7962,48.85948890836794
7963,45.45343194306802
7964,45.167432573885534
7965,40.09708404086744
7966,35.986219122221996
7967,34.00309354992372
7968,38.989310981345795
7969,44.00550468154019
3930,108.48248737333904
3931,125.57099261133521
3932,129.8738638746139
3933,130.29041582416892
3934,128.10171222484922
3935,121.66708668565735
3936,117.95661369691351
3937,112.6574563681263
3938,108.47329329549592
3939,109.05206617217198
9010,91.58691924322267
9011,93.27815420521856
9012,93.98650083020962
9013,95.84734923049365
9014,98.36883463883929
9015,98.39650761126003
9016,97.12687201229623
9017,97.30773519966782
9018,97.1465186728302
9019,97.44815519121386
7540,2.7978914398389696
7541,3.2890603152148
7542,3.823581058729811
7543,5.5680188765367316
7544,6.306920588452052
7545,6.435073730158573
7546,9.048618829792595
7547,10.8744607599198
7548,12.933536706672708
7549,14.762308875657883
640,176.63284096589896
641,194.78430779469957
642,209.88737628569413
643,224.18420496224667
644,231.74285679763562
645,235.00336934475325
646,234.28908976789168
647,228.86381510595103
648,223.87917423796534
649,222.471651722049
6890,11.359019164188405
6891,12.62119217180981
6892,13.959454680908511
6893,14.764647320004464
6894,15.657414415440496
6895,15.284604541305821
6896,15.565059355947962
6897,15.807464612603553
6898,15.539684488373137
6899,16.15662903642734
9410,26.414322101338737
9411,25.980756984721395
9412,26.00402685250849
9413,26.65329105902385
9414,27.041107261303473
9415,26.577754394547362
9416,26.760078344908468
9417,25.9412617711644
9418,26.744951076260545
9419,27.312430469483512
5880,51.648820198677655
5881,35.59272910753919
5882,38.12656872508582
5883,43.07654287733129
5884,47.2808093250339
5885,57.258928202751534
5886,64.99807820829825
5887,70.74123357877491
5888,72.73931611728969
5889,68.04127739190739
6330,15.795385257405716
6331,17.829424081279658
6332,15.491472830342282
6333,13.182307130881814
6334,11.44205495606642
6335,10.427570568599347
6336,9.412265340583588
6337,8.344059699813975
6338,8.498822533331744
6339,9.110031933111305
1910,62.84351471605565
1911,64.29171810030167
1912,65.11863203858745
1913,66.12158267629832
1914,65.67284325466095
1915,65.18153413700216
1916,67.99048313383858
1917,69.52119691897579
1918,70.29062004626938
1919,71.33513658697659
4100,131.42370941730573
4101,127.21775937072167
4102,117.3016008498164
4103,107.75893424584305
4104,99.58516217710218
4105,95.48555961027279
4106,91.33093828925747
4107,88.71757551405963
4108,88.0413651797515
4109,91.43572895712194
9760,16.629636391053367
9761,15.665539833812126
9762,15.09035010379852
9763,14.162312162834722
9764,13.409082342532606
9765,12.051291997034562
9766,11.169211191544608
9767,11.135966816917417
9768,11.065414644386571
9769,10.618267658074622
3470,18.410832373848933
3471,17.596826406581837
3472,17.628413520146793
3473,17.955619518372096
3474,18.29202629638087
3475,17.7948991637789
3476,18.080430772724213
3477,18.225471272642523
3478,19.076368947163193
3479,19.803333255166493
9550,13.71952344637931
9551,15.308345739102908
9552,15.382177901427234
9553,15.121423412592591
9554,15.484642999742288
9555,15.887366566439532
9556,15.16145779068821
9557,14.482727954973875
9558,13.36543548411571
9559,11.831858686051968
5240,31.93234670826169
5241,31.318003434158157
5242,30.40390744801345
5243,29.51411184375281
5244,29.526907104419188
5245,29.54890994769605
5246,29.893661555703396
5247,30.018524611690243
5248,29.423800558104325
5249,28.662300466542064
5730,136.95898294152357
5731,151.1031894639065
5732,159.74688045673327
5733,165.84079147754557
5734,167.87552676382927
5735,167.7474311667931
5736,166.01627097329018
5737,162.19642508013018
5738,160.4853765691611
5739,158.42646229235436
6540,28.85112726559675
6541,34.23358284883504
6542,32.47501739740779
6543,31.386402259187307
6544,30.979792329960006
6545,31.821932714289318
6546,31.227253972604196
6547,30.364493890237362
6548,29.606755000913715
6549,29.433484081308038
9060,22.43596272633357
9061,22.02851423764958
9062,22.7770647616423
9063,23.460734042885672
9064,24.207455907683865
9065,24.778425070903562
9066,24.35950469825483
9067,23.116687199737246
9068,23.338735763059564
9069,23.014875494539314
5560,52.867089321877614
5561,59.671666626001176
5562,65.44586690910765
5563,69.62910213306765
5564,70.84077470393734
5565,72.08895690471878
5566,72.75583307072904
5567,72.90621198105302
5568,74.41286745170835
5569,75.79490062038053
9370,46.41360001017619
9371,47.998769351534065
9372,46.538039614305234
9373,47.24646126908852
9374,47.3441846449694
9375,49.14438814437555
9376,52.30331003874701
9377,53.432861925410144
9378,58.00975799601607
9379,66.6185145262213
7070,17.052274434305446
7071,17.74394857329722
7072,17.832718410134255
7073,18.35400945118294
7074,18.206735734167044
7075,17.66931759470659
7076,18.38876232712071
7077,18.09170366013964
7078,17.97189979341705
7079,17.77933859889537
7530,13.372220560689648
7531,14.704840630046796
7532,16.48087418281202
7533,17.55436205081718
7534,19.060092132358367
7535,18.847109687580684
7536,17.898061924300315
7537,16.685573923289585
7538,15.9794856231259
7539,15.70853106700011
8260,132.03476426828936
8261,119.22812250768766
8262,112.3695945145789
8263,100.88029904412849
8264,92.11585929511315
8265,81.17726873140847
8266,74.60956910080719
8267,67.25084431138774
8268,65.0784091340535
8269,67.15234740647519
1380,54.86331590721336
1381,62.51404299190967
1382,68.93968764837086
1383,74.44010904298237
1384,75.48907026123555
1385,75.46998069316243
1386,75.63804717434515
1387,75.66617990612443
1388,76.20704692825909
1389,76.00003875412585
6620,121.15247970441169
6621,113.89149645426407
6622,113.05276808073717
6623,107.92519462768637
6624,103.86500384146873
6625,103.70151103247775
6626,102.38157747651088
6627,102.73546536912903
6628,103.87781203465967
6629,100.48239235718509
2290,125.13289173268564
2291,135.8036156090692
2292,148.54844062103032
2293,157.5387924596589
2294,162.36397949920809
2295,165.66701652360723
2296,167.40377655756868
2297,171.48735434702186
2298,174.5859023717328
2299,179.61056119304098
2050,63.880169718846275
2051,71.53399736065649
2052,90.16365179037697
2053,93.65430246992788
2054,95.48082135371149
2055,91.11009478003427
2056,81.27010530633672
2057,77.33208926658463
2058,75.48165189410346
2059,67.77079933116165
5940,109.34126025120659
5941,114.84658514689829
5942,120.70937055136075
5943,126.66851562444037
5944,131.2478439763086
5945,132.896984970905
5946,130.08087418711523
5947,127.71188739392693
5948,127.38952147473134
5949,127.88421154583219
7140,117.2803884514012
7141,140.9627990671599
7142,158.08109059599056
7143,173.18685702568993
7144,181.6547225345076
7145,185.32951912992007
7146,181.48712317518053
7147,175.36018322428885
7148,169.89895437696526
7149,166.05917668404834
4350,151.68881535730355
4351,155.1507791128561
4352,156.88900389951866
4353,161.5718383794962
4354,165.70754696060757
4355,169.24008071660242
4356,175.15420516361348
4357,178.82482638857138
4358,177.25467238939154
4359,180.2271741244197
510,34.2246700170448
511,33.051824827677045
512,33.11585389793485
513,32.7171446376604
514,32.77556273244615
515,32.853560973782635
516,33.18019491300818
517,34.1134340716776
518,34.873300394722406
519,36.6101095666296
2060,51.80417479535778
2061,48.40010458314215
2062,46.44304115054454
2063,47.84996448249674
2064,50.47074690110042
2065,51.46073187912428
2066,54.95654316555117
2067,57.965908999192614
2068,56.7765474991504
2069,55.06322353958947
4960,38.53459806252948
4961,43.83454995229795
4962,50.97339095351066
4963,54.25367089336255
4964,58.13558504512763
4965,60.224846614820656
4966,61.29096845586106
4967,62.138406396393734
4968,63.893624927798285
4969,64.15402615998426
4970,21.43994026789196
4971,20.842191653382493
4972,21.545137349774613
4973,22.278462059916
4974,23.183820918149195
4975,23.800742813978516
4976,23.864672113595326
4977,23.574967871251324
4978,22.362386525658653
4979,21.70601436225559
1650,22.491410463613423
1651,25.70004948554744
1652,28.22572872651274
1653,28.77463091958986
1654,28.758117521587227
1655,27.67688118493022
1656,27.385456683874565
1657,26.392557212682348
1658,26.475567818218888
1659,26.141671606727037
6510,40.247997231925446
6511,42.45143811527175
6512,44.20374916495456
6513,47.00013472258605
6514,47.583865869627104
6515,47.36856171867375
6516,46.47929554410458
6517,46.78433235007367
6518,46.566567781213365
6519,47.21458114491635
5660,76.64330213937264
5661,78.69159131803727
5662,80.94490367221914
5663,82.55642398781279
5664,85.02998673340716
5665,84.87313057329555
5666,85.65355746151296
5667,87.93515801954307
5668,88.86439204894732
5669,89.85928078717419
9250,18.566704871552183
9251,21.089318606341557
9252,22.292754027419477
9253,24.657545621898517
9254,24.23404931997277
9255,24.0622387001578
9256,23.85782360954295
9257,22.91463942943453
9258,22.67035371532166
9259,21.47317418738759
8440,103.94749560074735
8441,111.8041537373607
8442,116.03678075463617
8443,122.15443458881772
8444,125.91000710099094
8445,127.72339307935675
8446,130.52259433886096
8447,127.74934739330521
8448,127.36127748066059
8449,125.57523878155567
700,34.58145489459747
701,36.707257474261525
702,39.39311963726712
703,38.7005857281012
704,39.69516200052636
705,39.498042255527785
706,39.31203390896191
707,38.949845872180966
708,36.867878761630024
709,35.27245130446238
6740,20.692413412385758
6741,21.0612285487873
6742,21.600851838937857
6743,22.118189848728793
6744,22.627699225568715
6745,22.464995262054934
6746,22.89413032658702
6747,22.742487576004308
6748,23.005899701720857
6749,23.49930504541377
9270,25.786572450959703
9271,25.96032021461253
9272,26.31652037037664
9273,25.86091819068838
9274,25.713501543379188
9275,25.403132087719467
9276,25.468987121487608
9277,24.45435143888455
9278,23.29042595080149
9279,22.363028567868973
8870,8.458754947468652
8871,7.342927593732297
8872,6.069014242911626
8873,5.353975134348392
8874,4.727372481027036
8875,5.115784831198631
8876,4.65814186123545
8877,4.410004644789488
8878,3.7401975935766423
8879,3.6965157364171173
7210,40.69400033267092
7211,43.27575844740545
7212,44.812873446594665
7213,46.54423086303515
7214,47.115805170260884
7215,47.20369001810141
7216,46.19062967052342
7217,46.699414754101525
7218,48.326890067006794
7219,48.55676399627946
810,-0.5014265012110758
811,-0.5014265012110758
812,-0.5014265012110758
813,-0.5014265012110758
814,-0.5014265012110758
815,-0.5014265012110758
816,-0.5014265012110758
817,-0.5014265012110758
818,-0.5014265012110758
819,-0.5014265012110758
3670,41.767698608586954
3671,33.48569652098978
3672,26.8981085785591
3673,21.917906305672414
3674,19.96350791546772
3675,18.298168457952297
3676,17.752621734262565
3677,17.348381922606315
3678,16.339629771812206
3679,14.951518142342984
5180,46.39655063972714
5181,31.504978376846168
5182,34.63038591309592
5183,41.04859810162983
5184,44.60919567740566
5185,52.8982334199585
5186,59.644324469118416
5187,64.20252171750528
5188,65.75064483545336
5189,62.979045438441574
2400,126.39803846701166
2401,148.7348347832618
2402,164.65800337451992
2403,178.6456826531321
2404,188.48043889311992
2405,181.77730663382872
2406,175.9349170291551
2407,170.81067738084397
2408,169.1516249274102
2409,172.72161393217982
2000,76.14506952107601
2001,73.14100913400915
2002,71.67229753596288
2003,72.57047636094222
2004,71.14257563575363
2005,72.64654379833348
2006,72.34947100927951
2007,72.96144885196986
2008,73.46761361150404
2009,72.52857256504873
3870,15.867605057599551
3871,15.35300243804959
3872,15.379371736885208
3873,15.628995993876199
3874,15.446667771215004
3875,15.497729779325557
3876,15.066768318005106
3877,15.533942721002077
3878,15.670043048502514
3879,15.10524568890645
260,8.486777431180254
261,6.70465723370792
262,5.877998303410559
263,5.325140424447335
264,4.758810528564676
265,5.154594196778641
266,4.944175730925792
267,4.705875064971853
268,4.7797437754200205
269,4.744376708690599
7080,62.03860657229589
7081,65.93686633976681
7082,70.21673734022013
7083,79.42905257107918
7084,80.65926105600084
7085,77.43376918114974
7086,72.6912696145092
7087,67.76575517582705
7088,60.428247157743186
7089,54.27732417211544
7180,202.06552379465634
7181,156.2715099736292
7182,112.85219022811837
7183,97.5842785926459
7184,104.11986266938152
7185,106.05941611534772
7186,107.57392922574844
7187,111.38078348671317
7188,116.49289028864202
7189,123.72308671160053
4030,69.33420475543508
4031,70.67755674567287
4032,74.16316107197972
4033,74.15375347017624
4034,75.40934711131062
4035,75.15616595746526
4036,76.3168026765008
4037,79.28225521318836
4038,81.0383915476274
4039,83.45819198481857
3340,14.053276354943762
3341,17.38760289422942
3342,18.721870234478097
3343,21.69436919656131
3344,22.56571556264748
3345,23.928443950824924
3346,21.000083136178024
3347,20.57544131474446
3348,25.982431286954384
3349,29.402134773624134
8830,24.436792909864074
8831,23.029118543555807
8832,22.549262614871004
8833,21.678638426919825
8834,21.761549255139233
8835,21.8214639964666
8836,22.358202309733535
8837,21.510133060792697
8838,21.06978722388731
8839,19.8001197408203
5360,115.50033477475526
5361,83.31944895247327
5362,64.17675093127231
5363,59.144479148942565
5364,55.52848822987224
5365,53.997415669190204
5366,52.95761409719677
5367,53.32328415612048
5368,52.59910277872897
5369,58.98234749608163
8780,13.98858672943356
8781,12.686889793667712
8782,10.551382992852089
8783,10.008623518039915
8784,8.869485691948901
8785,8.325198280322212
8786,9.321324822117445
8787,10.076529924430329
8788,11.06706801315594
8789,11.022691279856472
1550,29.95739326901466
1551,29.13022790293925
1552,25.837257087413406
1553,24.407450332583824
1554,22.6732786617889
1555,22.671333770076025
1556,21.990128010230183
1557,21.29587571546369
1558,19.886473065252844
1559,17.77597355326794
6270,54.856199060036325
6271,54.67469957172585
6272,50.19709831358221
6273,45.58297140370815
6274,43.30365211352156
6275,43.1009327006457
6276,42.48109976363188
6277,40.85213933765726
6278,40.05785087368474
6279,38.16273283304338
8610,98.59239954659952
8611,103.06404742982707
8612,105.15391499278485
8613,108.87123219127125
8614,111.60561266340213
8615,111.42014191271423
8616,108.40768641997738
8617,109.59512552232344
8618,109.70016793495532
8619,111.2036119426186
7600,143.34086203137227
7601,140.25613313107823
7602,131.13268853407277
7603,121.84469225064731
7604,110.82682506585702
7605,108.00303443934646
7606,110.85607610929351
7607,107.73187025127132
7608,108.6654555736324
7609,103.81770665933418
2210,72.85704883916847
2211,79.31865234164897
2212,85.08055378563267
2213,88.74882767070271
2214,92.24635443305996
2215,94.30390898676221
2216,94.38920726025832
2217,94.45155314404548
2218,93.64138711283574
2219,95.34670754990276
5800,71.13083499041839
5801,80.35692798047953
5802,85.90370600921187
5803,92.89192322591398
5804,102.45496802885066
5805,108.30230632821582
5806,115.9154917992104
5807,122.50320367550513
5808,124.29185795021449
5809,122.34548858225534
5380,21.9057834770399
5381,23.55868496746001
5382,23.874358484567768
5383,24.168139903162697
5384,25.258008209465572
5385,25.412850537062326
5386,25.72902497195851
5387,25.72791874630343
5388,25.799409171725618
5389,26.24321677726882
780,68.8957247058249
781,76.54281359324116
782,78.01226175817196
783,76.59124454890004
784,74.77622205484516
785,70.65538283789502
786,68.69086877879403
787,65.44296451244625
788,66.36821688047306
789,66.93612915288386
1290,33.832195917282405
1291,31.617164481250946
1292,28.247175066324466
1293,27.201594842921075
1294,26.881127009426887
1295,25.195259853687812
1296,24.28966414576726
1297,23.578655931569138
1298,26.469068834191713
1299,29.24420502518683
4480,35.01705747355594
4481,45.190406469647755
4482,50.94222173987116
4483,54.48449705348555
4484,70.89832404486714
4485,90.95930059174336
4486,108.86897105772972
4487,127.11588201271385
4488,123.0899923362719
4489,92.53749641661926
9890,84.34764597029614
9891,89.29079186144565
9892,93.63979415901125
9893,97.51254103941986
9894,101.90265156435117
9895,102.216672506539
9896,102.39671440685558
9897,103.81261671604724
9898,105.16154869311143
9899,105.59637856227295
5250,101.75204653084272
5251,102.92550383968408
5252,98.04273940705558
5253,93.49469185673
5254,90.3200612469315
5255,85.81053005652396
5256,85.81151009092669
5257,87.0132701682366
5258,89.99445197425717
5259,92.1234308982353
6100,193.57074640763062
6101,211.83263955533587
6102,227.40093137192406
6103,233.10458535731374
6104,235.5162325531295
6105,228.8606661479063
6106,219.9275412100049
6107,218.59596488695058
6108,219.3994691449201
6109,221.27786050294594
9110,135.33364484480438
9111,141.4587893832791
9112,156.64251683285266
9113,163.389987201262
9114,166.11733833585498
9115,167.2457819930555
9116,164.6399826382883
9117,152.5147212748238
9118,157.98449973272855
9119,159.86987058728383
9770,152.75070893780548
9771,151.7698442722436
9772,147.8038749946458
9773,128.46011237511857
9774,108.34627759710274
9775,96.01712933914986
9776,93.84161563206978
9777,94.44810620086675
9778,100.01313052920939
9779,109.37496946771815
6520,61.5807319573814
6521,67.30967758476504
6522,66.15020840151564
6523,64.07749407193907
6524,60.67940865023583
6525,57.58180254581526
6526,58.051212494758765
6527,60.13477338391344
6528,60.1883289401594
6529,59.733753928810955
3220,99.73823618796584
3221,108.10275252368682
3222,117.53977788682268
3223,121.55387952254486
3224,126.36299794326195
3225,128.69877279663206
3226,127.78630522701417
3227,130.39929765827776
3228,131.21753628887308
3229,130.03914502821715
160,263.6938117229935
161,253.86198227481148
162,243.29344811011296
163,230.73330085623036
164,226.40684722630522
165,218.6497290156151
166,221.42841200394622
167,220.6269473418796
168,220.0176096831648
169,220.11209019354652
2640,49.63683883763
2641,52.11309354871778
2642,53.31262240611315
2643,52.880112600200626
2644,52.17598189477235
2645,51.28842967068386
2646,50.30349371156118
2647,52.26632690019156
2648,52.68589269651524
2649,53.8610828021928
5700,114.67385628616601
5701,109.62596841309842
5702,104.95340957285643
5703,101.59583938677562
5704,100.72182923154774
5705,100.91788690426856
5706,101.96899510223828
5707,100.84081573599033
5708,96.87706440870596
5709,96.18233303247933
5990,14.65590192957094
5991,14.048088286456242
5992,13.975581119793816
5993,13.56149603040863
5994,13.678857898170044
5995,13.794483533789137
5996,13.323918767157327
5997,12.575544555952547
5998,12.78662106338502
5999,13.686000323876776
9140,15.451044719490035
9141,17.11433006321665
9142,19.14613450558766
9143,19.648545923370925
9144,19.98425887862471
9145,19.86033353782294
9146,19.806637883663466
9147,19.944825587658
9148,20.446272635532992
9149,20.05743516214855
2680,90.2926328026825
2681,94.52196462708758
2682,100.00852469802754
2683,108.10495065718754
2684,113.82069082934453
2685,115.9975862112648
2686,120.4159289703538
2687,120.82244182605713
2688,121.17077432131465
2689,120.62613657098046
980,26.747198147246728
981,27.505555203045514
982,27.760864363584076
983,28.1735883835585
984,27.82228645416708
985,27.59329706534632
986,27.458643949350652
987,27.050448051909427
988,27.014865000999613
989,26.885666305590473
8080,248.47686725664008
8081,227.52755816110087
8082,215.39372553533383
8083,209.20761985745324
8084,214.51864077294505
8085,219.41991415706545
8086,215.17764848769656
8087,202.07671260562842
8088,204.1282311210002
8089,210.7009811153174
8370,22.170601692671234
8371,22.003083575087743
8372,22.85605570751728
8373,22.842327866035884
8374,25.88734263424217
8375,28.601311109056923
8376,29.774040451286492
8377,30.000387030828414
8378,29.37157759109923
8379,27.400859472538592
3310,14.188691148188159
3311,14.438896622515628
3312,14.865784021305082
3313,16.164490751337166
3314,16.398837646532947
3315,17.59002925061222
3316,17.963114440870385
3317,17.83059165735657
3318,17.837459868448278
3319,17.30610169059817
3940,30.983453895947612
3941,31.90711361698935
3942,34.445423926059476
3943,41.538026169921395
3944,50.333716110496134
3945,58.427049210521524
3946,67.26515065338174
3947,68.9106260646893
3948,66.52268979153351
3949,63.021087397577645
3080,66.77193062805756
3081,73.49762802494843
3082,75.32581819012567
3083,73.24853895261128
3084,69.87241806845167
3085,63.49030797581149
3086,64.88537151094114
3087,65.17163569862446
3088,67.95647775934836
3089,70.6351208266666
4980,56.72441002414622
4981,57.728614677765165
4982,60.56089544043698
4983,62.459434828281225
4984,62.495109537402925
4985,62.18221733066764
4986,59.97587953372316
4987,56.811048589734874
4988,55.15274851100905
4989,55.18773370964243
2220,57.88006062634626
2221,53.1439095303283
2222,53.28789913904724
2223,53.58073227434438
2224,56.51124981092588
2225,54.26205526623139
2226,46.92176742957992
2227,43.144895549622525
2228,41.53032746949075
2229,41.080451590003435
4720,170.45302786751319
4721,169.91888145283167
4722,165.59470750941372
4723,164.1186807916801
4724,163.49328640999158
4725,166.2519618178695
4726,169.9949796265479
4727,171.4255820067039
4728,170.97951213843905
4729,172.64859898518188
6210,79.57518943180976
6211,65.65285849150266
6212,51.54762767266032
6213,47.43441534854794
6214,45.48269703914897
6215,44.94011477161054
6216,49.41997739504451
6217,51.17681672444432
6218,51.290250202465984
6219,51.04358336494087
7770,61.60553108407953
7771,65.68876657284049
7772,72.36905874038311
7773,77.68806044922303
7774,81.80558605421531
7775,86.29658021218337
7776,86.83445756184653
7777,87.39891552251808
7778,87.10467471749632
7779,88.54734495513688
3600,87.16337923041954
3601,90.1443712593716
3602,100.4548398905361
3603,105.44831254894677
3604,109.62760117517115
3605,115.38984444362725
3606,114.06700626245994
3607,113.11927147172827
3608,107.2651128976974
3609,104.31640980190595
8790,12.432219274690876
8791,11.023155867662506
8792,10.558256109768415
8793,10.174552865676695
8794,9.242783695266521
8795,8.23100454717578
8796,7.806227150828777
8797,8.232037878580641
8798,8.260136428613977
8799,8.073524250420348
1340,60.629362358973054
1341,68.62923975391723
1342,75.5691814440689
1343,79.16101052137928
1344,79.64389361800822
1345,81.22181902756842
1346,82.55066609899347
1347,85.66158953121476
1348,92.7141646472275
1349,98.16827706423894
8270,145.80244743361197
8271,160.96220808051334
8272,182.7733579020304
8273,199.72825732312833
8274,209.71032581094954
8275,209.21642268951442
8276,203.76978359334197
8277,203.35693343656186
8278,204.4368055430893
8279,207.57767104207988
3330,159.55754354461564
3331,174.26375013612684
3332,190.3080973660954
3333,204.61905831444074
3334,214.96739276759803
3335,217.98185213215373
3336,222.93147811057585
3337,220.9792352223321
3338,218.27165428565306
3339,220.57768046561154
6950,107.19340443948931
6951,114.21049845476963
6952,119.34959884425277
6953,123.81304590258154
6954,128.50916729214197
6955,132.5690677934165
6956,133.89222504725998
6957,136.1404888439089
6958,138.99958843418568
6959,142.12297025745062
6060,86.03750933492267
6061,96.25491871496806
6062,99.50964877918678
6063,105.5901067143153
6064,111.86696922545386
6065,112.67898666524397
6066,113.38246732711704
6067,114.6490466211256
6068,116.60748365980868
6069,119.86869985310557
6980,24.80298154950085
6981,22.53702555398695
6982,20.882861955722188
6983,18.86717196332988
6984,17.380134993564425
6985,16.29915001589745
6986,15.858410764501222
6987,17.496069754506653
6988,16.991726969793778
6989,16.716726428560904
8990,8.397799054977508
8991,14.225206188212184
8992,20.005304227741554
8993,26.934206205097965
8994,28.422345104083668
8995,28.490113258029698
8996,26.883504791442338
8997,25.499164399338866
8998,26.293600659667618
8999,28.774995140216863
820,41.42480714565696
821,45.34912941840526
822,49.21001760653256
823,53.25711837947456
824,55.77256917832905
825,58.03208033585034
826,58.01470956729162
827,58.1990699395278
828,57.334634237337134
829,56.32258540542959
2970,134.4969385937478
2971,147.03256105365276
2972,158.85575663978005
2973,169.4305442435718
2974,176.4823348293435
2975,181.44977671269595
2976,187.18558534798936
2977,189.1556576933165
2978,190.81189530917126
2979,191.2474874505155
9690,5.115135620895309
9691,6.516059043056572
9692,9.061791944181262
9693,10.008000864833793
9694,10.711467773048174
9695,11.593963113556494
9696,11.622369077750392
9697,11.679754119122382
9698,12.407521427396446
9699,12.631205835169656
5100,53.415117582227644
5101,57.071012007994355
5102,59.51956970500764
5103,60.89198326656374
5104,61.643713650306964
5105,61.90465770617551
5106,63.28873598502484
5107,64.26270759382967
5108,65.57055888575044
5109,67.15902941283778
1770,16.72128504087187
1771,25.763531651934723
1772,29.14508587839017
1773,34.783897277326524
1774,36.938426494575886
1775,34.608592094800834
1776,31.963829217752107
1777,28.611041092342507
1778,24.16067781783089
1779,27.565214380825168
3000,45.02045114005831
3001,48.480381673577746
3002,49.055550440003884
3003,51.099493275330055
3004,53.4283921961712
3005,56.05046951444016
3006,59.19982011424659
3007,61.9181116194163
3008,63.953525403403916
3009,65.92278988603063
5570,117.20012061365229
5571,104.7218982353026
5572,85.28234928014173
5573,71.06967030431201
5574,65.08262991950637
5575,61.86016460390685
5576,66.07043433311061
5577,67.57066869064293
5578,74.56812946302124
5579,80.48710304091365
360,17.65317858934227
361,20.77202773985716
362,23.527377971542776
363,25.039027513691504
364,25.596141209661393
365,27.178714912883194
366,28.1594011740156
367,29.79143787044996
368,27.811695281024935
369,24.343184509008722
9500,83.62183285847796
9501,87.69422018019078
9502,92.05234487217825
9503,97.56968508168632
9504,104.0663265594672
9505,106.30804868905733
9506,107.89713070326138
9507,108.67291285806377
9508,108.78339273719834
9509,108.30346544840745
520,130.80945538728713
521,144.94134939448884
522,156.46393512484082
523,155.8643162977558
524,139.2950575722178
525,130.54870787961755
526,119.49608645370245
527,116.95764798054626
528,115.12497384993867
529,116.39857346267003
20,112.01563105274889
21,121.8808008435455
22,125.87791629601541
23,120.9010748875075
24,110.92105761085026
25,98.83717355626723
26,86.49002955937048
27,78.66108854175508
28,73.88634426747353
29,77.08443283427079
7400,35.13712288702028
7401,38.627673919198486
7402,39.011336145717905
7403,38.414468752659445
7404,38.28950802363436
7405,37.16457057943721
7406,37.43732004723616
7407,37.59596327396082
7408,37.66464934084854
7409,38.13969203980152
5830,4.730259308659059
5831,5.217572544551653
5832,5.682297501823683
5833,6.250138570451856
5834,6.4789352868201835
5835,6.602787518948789
5836,7.0393350030768325
5837,7.103856199124396
5838,7.165877538932367
5839,7.089374643255395
8800,180.93146212030933
8801,184.38563433236624
8802,194.12759516236113
8803,206.58304863981598
8804,216.95790055972435
8805,228.0467888692169
8806,233.17299461222922
8807,238.32538462395635
8808,239.0972532971844
8809,240.56715068654904
3970,86.54242655170285
3971,97.51565216419098
3972,108.05759268235136
3973,114.82770967048828
3974,115.26118266685556
3975,111.97901607072671
3976,109.30015874042269
3977,100.82949301051846
3978,93.99726047243735
3979,89.17994315821443
270,205.20729015738763
271,217.19384424594617
272,219.30195165927472
273,219.41594245224974
274,218.65585741836685
275,219.25316855442574
276,223.58757109786058
277,223.76553842655701
278,222.63984984046448
279,221.20907499570285
6870,113.8766573021604
6871,125.17810435002089
6872,130.8540111684274
6873,137.62884384997295
6874,144.87515953112006
6875,144.90403085816337
6876,148.46411807612753
6877,151.33204981730455
6878,152.7947260432722
6879,155.87461046849083
240,28.10912179338236
241,27.066863156209017
242,23.67186557468272
243,20.764521530028937
244,18.675540575874784
245,16.535829635447932
246,15.39952178601687
247,15.639505992984553
248,15.734346467556811
249,15.552907656409118
8010,140.91961861004393
8011,130.47740005750066
8012,119.45916191137506
8013,107.45526576891693
8014,101.2348614705079
8015,93.9991391667908
8016,86.92417006880345
8017,76.9150659819974
8018,71.83676942055072
8019,71.10240405616936
2840,86.84903370684377
2841,92.34662932433113
2842,95.65235773984887
2843,99.38757109056468
2844,101.29921186785111
2845,101.51423589106852
2846,101.76795029435365
2847,100.16067574035625
2848,100.07855679255636
2849,100.57143028661463
5600,10.851407486475805
5601,10.898991154909504
5602,10.761295338216929
5603,10.781995887578585
5604,9.979282285787372
5605,8.838603803371242
5606,7.783030572347879
5607,7.135403154746301
5608,7.471913036183283
5609,7.431962686605587
380,68.34622892595256
381,77.05642731126213
382,87.92441510090941
383,98.34432949581792
384,106.52510827232514
385,112.92243332314776
386,112.1717836135953
387,109.24911839072979
388,108.85730657745025
389,105.22342430547374
5640,7.5089972975851325
5641,13.888332840534082
5642,17.8865804968363
5643,21.860010238904557
5644,26.796846032039454
5645,28.73673757387248
5646,29.13826725458842
5647,27.01386878485442
5648,24.364324094513453
5649,22.038395490229334
9610,14.986899004852603
9611,24.709206353025824
9612,32.2942071660662
9613,41.585148566671556
9614,48.11803297816998
9615,53.05384752222523
9616,53.65409051476015
9617,52.963666820612914
9618,54.08993336914731
9619,50.9696987774418
7260,155.09227413414234
7261,152.01572639041513
7262,149.57218792865157
7263,147.6485128621958
7264,148.02761077690667
7265,151.64664503238427
7266,153.0404131708065
7267,154.08577087500194
7268,158.22051236633956
7269,159.37920133404276
2770,8.603023747022498
2771,8.100150047309624
2772,7.834622209398367
2773,7.510948512617109
2774,7.697441621809723
2775,7.3393149349880975
2776,7.133860468142823
2777,7.097827240419219
2778,6.955583773827197
2779,6.912274585573414
6360,111.73836442610971
6361,105.3747711305862
6362,96.05269688687103
6363,91.87663035455654
6364,90.96130837241418
6365,91.7293653517698
6366,95.49549140544248
6367,99.14531990569267
6368,100.93618481383876
6369,102.81378120525218
1510,58.49944167882356
1511,62.69510917724669
1512,71.31593755718508
1513,78.20346753228125
1514,84.99373385823068
1515,87.42364264261252
1516,83.14120971561101
1517,81.33553789239846
1518,78.81831837245863
1519,76.33640982146233
1370,47.29214359081298
1371,55.84374384534353
1372,66.31594095813297
1373,74.54357501940447
1374,81.78341842797576
1375,86.29220395864675
1376,84.41699887279145
1377,80.15558175262252
1378,79.16335274150974
1379,77.46277349665404
7240,84.44664138655473
7241,86.90979196414554
7242,89.16027384327202
7243,89.93858333527994
7244,91.45507809563321
7245,91.57604680584421
7246,94.24182864308956
7247,96.26628481087502
7248,96.4316366779419
7249,95.82789218841039
9970,18.508350412583688
9971,20.48234754831026
9972,21.727672827580335
9973,23.52038966356508
9974,24.21950994015262
9975,24.186377196110172
9976,23.818152404350386
9977,24.121472346510693
9978,23.273122506425032
9979,22.853491042796534
5450,24.45759174716833
5451,25.01083918326664
5452,26.320862116015412
5453,27.07556783013993
5454,26.53465662686199
5455,26.715815577962168
5456,27.531023476022714
5457,28.273989889186772
5458,28.44947678262791
5459,27.44265518487653
7410,88.37403970765399
7411,104.320719937012
7412,115.40528402531088
7413,124.56270399629165
7414,130.49408816190186
7415,131.35143477519208
7416,132.27143858583514
7417,131.11604214573396
7418,134.14873140199535
7419,133.2322570367816
6650,85.45732317208676
6651,92.58394297054625
6652,101.30741020170012
6653,109.16581399485591
6654,115.41741966976363
6655,119.57438556213962
6656,123.88990850894348
6657,123.6653275249489
6658,122.86420503259586
6659,122.83306028000874
1030,-0.5014265012110758
1031,-0.5014265012110758
1032,-0.5014265012110758
1033,-0.5014265012110758
1034,-0.5014265012110758
1035,-0.5014265012110758
1036,-0.5014265012110758
1037,-0.5014265012110758
1038,-0.5014265012110758
1039,-0.5014265012110758
3740,39.573029037247125
3741,47.17500708072483
3742,53.416194259748636
3743,58.77417855604882
3744,62.80809925227919
3745,64.5505197644769
3746,65.17882547864565
3747,66.71501065144189
3748,65.49738780202041
3749,67.29571390040743
4210,58.31548386397504
4211,56.34693344069848
4212,53.751266461167106
4213,51.97875915629844
4214,50.67677951337841
4215,47.6305721898984
4216,46.43483631146469
4217,47.23322435645684
4218,45.59018246560413
4219,46.40253808468495
7150,5.668288162461058
7151,5.74799448784998
7152,5.8261706077080735
7153,5.997772927007848
7154,5.851321538117116
7155,6.070833445865167
7156,6.36841457916044
7157,6.598423040584768
7158,6.453258175077865
7159,7.0170096387721195
1780,155.03200359069388
1781,161.95694979439634
1782,167.86933390741729
1783,172.6201407242953
1784,176.6463646803321
1785,178.71328754639126
1786,178.27150381725795
1787,175.32595164849513
1788,172.7568231726408
1789,169.45319867238612
7310,179.08384556390638
7311,183.58421426046874
7312,189.58188997809634
7313,190.2836256421203
7314,188.9589623175596
7315,186.1742216279296
7316,182.0845727827098
7317,177.96637784882927
7318,175.11479154516837
7319,173.4581981782011
1070,124.42259979080416
1071,136.10875223956506
1072,150.08930377822998
1073,164.64131595917172
1074,176.46479466926837
1075,185.00991080610927
1076,188.6761353787888
1077,184.6210299120993
1078,176.48234892671383
1079,156.8408652572944
40,27.30591073918846
41,20.947000246300863
42,16.499421314267416
43,13.103804505851329
44,12.522580186819432
45,12.380564040054491
46,12.150050071438528
47,12.108473826594828
48,13.660343227974597
49,14.17123967753562
8980,136.27838784237156
8981,146.91802025538442
8982,154.68813801922977
8983,159.0660918004175
8984,159.69039600127138
8985,159.14947635499064
8986,156.2600864708407
8987,155.3624805277417
8988,154.1568507211055
8989,155.8601155135703
7010,17.073026025539185
7011,18.779663574424212
7012,20.038091409975102
7013,21.383764299514475
7014,21.79608537594534
7015,22.11226309932002
7016,22.887560427485493
7017,22.515149161830937
7018,22.43328360049173
7019,22.68395711166776
7270,86.54909977089736
7271,68.83400375730263
7272,59.44618978602358
7273,61.551684568601885
7274,73.91623576361891
7275,82.52940868796765
7276,92.70967395515024
7277,98.52629692705226
7278,100.37462684306774
7279,98.55284237446389
1440,30.69261211352098
1441,31.56255229692823
1442,31.51749709815909
1443,32.292059044310356
1444,32.00628213674787
1445,32.367300508519705
1446,33.06865693143905
1447,33.98517164389935
1448,34.24976181261262
1449,34.81124963906246
860,10.763976834388163
861,9.46534504880452
862,7.263165458559644
863,5.9214889593521605
864,5.481635411142528
865,4.916150328901286
866,4.759381171454036
867,4.638009471248561
868,4.318266055119653
869,3.76079165575392
5190,135.4107451369074
5191,146.6110608429279
5192,155.5771872200283
5193,161.338258148846
5194,166.8782011156142
5195,168.15695665860798
5196,167.60938837546357
5197,170.2889082541942
5198,169.77828551244374
5199,171.0018608531506
5300,38.15936404979509
5301,38.91523209041071
5302,36.41645853607353
5303,30.544288682595543
5304,26.996795430051115
5305,25.10098979129306
5306,23.76798768035523
5307,24.017028799090774
5308,24.000111164911324
5309,23.85388483344367
8380,56.68573286392847
8381,59.31793153036733
8382,61.501652892587586
8383,64.48783832289652
8384,64.46649507739845
8385,64.24920048938155
8386,65.30365312712992
8387,65.49570510484278
8388,63.965217422650255
8389,65.12219569517654
9390,49.861935618059086
9391,52.808515984421426
9392,53.86233149843956
9393,55.02488170096293
9394,55.508088130233354
9395,55.883982369915444
9396,55.11137330436929
9397,55.92457659576955
9398,56.17793552571389
9399,55.01416347428295
750,28.324309086519307
751,29.62485349994053
752,29.492231459202177
753,27.896130295962358
754,26.832704816926967
755,25.459578877654828
756,23.750157955472538
757,20.823899836969407
758,21.767831591840526
759,24.2877292842142
3460,10.67020141099352
3461,12.799721937202786
3462,13.03666060881503
3463,13.990922913876165
3464,14.266565381413558
3465,14.650082164661821
3466,15.064303380033657
3467,15.706793754213006
3468,16.490288064218106
3469,16.833435575444962
1240,93.78903943892118
1241,88.35796710919101
1242,81.22053838296355
1243,80.75477079830085
1244,83.39207746697335
1245,88.19395008917434
1246,92.9002287623667
1247,93.68481563324949
1248,90.19967636784978
1249,91.6093634488431
1580,12.853213240076885
1581,13.322385003975725
1582,13.078101777017825
1583,13.334181328281261
1584,13.142839189449129
1585,13.607036775557622
1586,15.169049254440111
1587,16.98659138327202
1588,17.592287877015057
1589,18.4470374319095
6230,4.4826888148984745
6231,6.459696974118872
6232,7.764021608476099
6233,15.206931543070912
6234,21.887875612479284
6235,27.686075709801386
6236,33.31680949118714
6237,30.447267680220435
6238,25.359371340539035
6239,21.20191555418839
190,26.534698562723314
191,32.147764305321516
192,36.425007970919566
193,39.47853764784111
194,43.2953533478188
195,43.92034193757276
196,44.38953727271907
197,43.96751878566486
198,42.658593848929584
199,42.24930625864446
3830,83.94177299812324
3831,83.16630086257587
3832,79.13881653315316
3833,74.57715463857286
3834,73.61444603323767
3835,73.90982535857896
3836,74.78067764697862
3837,75.95107031585393
3838,77.71463049780257
3839,79.71671372643522
1250,166.10631435800684
1251,185.69456703814984
1252,197.79085299058826
1253,208.8411200860755
1254,221.27469596056144
1255,222.80850696828904
1256,220.80344154175242
1257,220.38915118670272
1258,217.23207973596732
1259,218.37690601083858
4530,57.95202358095068
4531,60.53767671289753
4532,62.01551231833163
4533,64.37528973597792
4534,66.0933587880744
4535,67.41675417024004
4536,67.30786600403316
4537,67.99894021989557
4538,70.4160906873128
4539,68.78799302798303
200,48.30717479058758
201,49.75589754890359
202,52.42419115928939
203,54.57068279688831
204,56.306882606354435
205,54.896487927963065
206,53.70193750517333
207,50.617119087946726
208,47.01732369243972
209,45.68387991324692
1450,49.95185910672693
1451,50.152178017137274
1452,49.71005739746719
1453,49.90623375087526
1454,50.49423259712785
1455,50.48211780151659
1456,50.77818883151991
1457,50.5654406096826
1458,50.41237602043912
1459,50.3588050647991
80,-0.5014265012110758
81,-0.5014265012110758
82,-0.5014265012110758
83,-0.5014265012110758
84,-0.5014265012110758
85,-0.5014265012110758
86,-0.5014265012110758
87,-0.5014265012110758
88,-0.5014265012110758
89,-0.5014265012110758
3260,17.303781527189958
3261,24.347303777880594
3262,32.44811021397699
3263,40.91825901956166
3264,45.837196504877156
3265,48.835867403650845
3266,48.51363810350435
3267,50.57774758303124
3268,50.48889345005402
3269,51.418764675152175
3350,26.201775727686176
3351,25.124613156469184
3352,25.47963667942005
3353,24.011017062875084
3354,22.568071726885215
3355,22.318464482426656
3356,25.51326840648032
3357,30.769303597289984
3358,36.67811356450069
3359,48.37235352150282
1430,135.79758998283944
1431,144.20770920880648
1432,145.38396075356192
1433,145.43876246368234
1434,146.86894338071994
1435,146.45644911267618
1436,141.11120192885707
1437,139.0013002797807
1438,135.67947758766488
1439,131.60097556740345
2250,42.53563506104307
2251,42.25140047581765
2252,36.89738133653516
2253,33.065864429471176
2254,30.534844628237163
2255,30.123422799191495
2256,29.642155360984756
2257,27.889309249909925
2258,27.59967905253657
2259,26.785278415679677
1520,39.048399934818626
1521,52.41328335358291
1522,64.55103596055004
1523,81.59286990735794
1524,89.1096174916746
1525,93.34953027318974
1526,92.1277708236133
1527,79.16951612261398
1528,74.00741252145474
1529,77.27950423708653
2490,76.38951335475929
2491,83.98199951755916
2492,89.56377339715232
2493,94.56969707178123
2494,100.6922913053098
2495,102.99485950949254
2496,102.80856022473148
2497,101.69512079816455
2498,100.17586929950036
2499,100.47668408126438
1730,63.519226058431556
1731,67.68352901535297
1732,69.42576127369475
1733,69.66809558448494
1734,68.693712997246
1735,68.26280376034218
1736,66.5543174265695
1737,64.77200615888064
1738,61.93026398369556
1739,61.985377512735454
4450,8.706579081721763
4451,14.306170206468497
4452,16.885046955076934
4453,18.380983943697196
4454,19.369130951647872
4455,16.967135766230175
4456,14.189291865356816
4457,12.598890981387573
4458,10.458300017280347
4459,8.429465715062006
6680,118.89144492694658
6681,105.53414742021448
6682,94.96538889689447
6683,86.28795809198795
6684,82.78929790620657
6685,81.66323806548246
6686,85.0116618232053
6687,90.1850657837772
6688,98.79344600875656
6689,100.06006137211227
1390,78.57861531576476
1391,89.48730787268974
1392,103.27225980852086
1393,114.1891840773152
1394,119.26221865094648
1395,122.40325625167196
1396,119.83752492762191
1397,117.88672514915612
1398,111.5826066287887
1399,111.30436075746363
7030,86.29366281327655
7031,87.50513907195347
7032,89.79075967844248
7033,89.88406982198038
7034,90.00067772351329
7035,90.03444429690384
7036,89.26926403353667
7037,88.73460442486075
7038,89.02110005443178
7039,89.515999553206
5910,118.21442615336089
5911,131.0637148219144
5912,146.1726519930474
5913,157.057159789375
5914,166.33707078986734
5915,171.04971647043288
5916,176.27138812215296
5917,180.13646872928015
5918,184.3733155880853
5919,190.87638461299397
9150,14.094631500769166
9151,13.339956316291758
9152,11.691588621887895
9153,11.106881123113686
9154,10.55165763996965
9155,10.526650061552877
9156,10.411313193980007
9157,9.255265982697203
9158,7.932389975892786
9159,7.29336432511311
6340,2.784046421394356
6341,2.5696808180994237
6342,3.0471537800972026
6343,3.5566356130433947
6344,4.275366378022433
6345,4.205679479537277
6346,6.299476458925655
6347,8.124406942492671
6348,9.271687743352441
6349,8.497005035591503
1040,14.757916038183502
1041,16.544389207241597
1042,18.23996913979528
1043,18.979158296736355
1044,18.717704452716852
1045,18.78256236388362
1046,18.329665208828136
1047,18.45751424136526
1048,18.36209625643248
1049,18.05110529560733
9620,47.718896946197646
9621,47.9307086465881
9622,52.52248777314258
9623,55.54487456832379
9624,58.21732435109228
9625,58.983587137969515
9626,56.263205411905645
9627,55.543054730910384
9628,57.57087949450985
9629,59.34594029888528
7930,38.90792135360313
7931,48.98566124046303
7932,54.929526929983965
7933,59.05457389776802
7934,59.30088147962875
7935,56.87424085714127
7936,56.46480904957394
7937,56.0407114412682
7938,56.10278719494927
7939,56.25980813092407
9850,10.414166504907609
9851,14.87253093491045
9852,19.334139241477956
9853,20.132401984909666
9854,23.146401985112668
9855,22.838782848450823
9856,22.762329194626002
9857,21.756516925335045
9858,20.27795078438495
9859,18.84432455175975
410,5.168745330364368
411,4.446678075084215
412,4.014419663105332
413,4.38146507970121
414,4.489692202769602
415,4.8638475537754315
416,5.281595868935584
417,4.934815860348339
418,5.471033217328498
419,5.5173539840935035
9730,87.91493731151408
9731,96.22789163893472
9732,101.91948498186022
9733,108.02638009121165
9734,113.94391093581208
9735,116.17868629653705
9736,117.55354692747184
9737,118.06148848364968
9738,116.90562406413501
9739,115.96438108139571
490,35.42684251972314
491,35.390979706653965
492,35.55950315305061
493,35.0192258745375
494,37.57541462338176
495,39.03104542618722
496,39.035345800153515
497,39.181666568246946
498,39.440642902746646
499,38.1478140035523
3230,2.8846405402009996
3231,3.3084442538208956
3232,2.7768999515767705
3233,3.240099069670321
3234,3.353085242336702
3235,4.0226940445555845
3236,4.73621733189096
3237,6.586562114606641
3238,7.2995161797338834
3239,6.711304789097472
5950,19.090759743947324
5951,20.155606274505082
5952,21.40294184750053
5953,23.46519452642648
5954,24.923705482855784
5955,25.711632267293147
5956,26.115225262422932
5957,25.968776627671954
5958,26.062967008860376
5959,24.983587004795034
9780,3.1767550945360146
9781,3.820997599241209
9782,4.769248054825958
9783,5.626269672084816
9784,6.1806894358874
9785,6.286836986032945
9786,7.089057553905544
9787,7.963610698197064
9788,8.368212380780676
9789,8.716297076845288
870,489.02073197332925
871,496.7233880740661
872,435.27023433379117
873,294.5528911664366
874,248.03075445112466
875,226.15377192599178
876,210.23892733750608
877,191.04402372187562
878,173.42475649857897
879,165.2571098036553
3200,31.967605782305426
3201,32.81982542911095
3202,33.51729139054406
3203,34.71671433200457
3204,36.2028480148922
3205,37.105608775700524
3206,37.299831487499866
3207,37.30548807880644
3208,37.18429599273454
3209,37.65405951047875
4840,47.839352175615744
4841,55.71248464386512
4842,63.69423187519264
4843,77.72020031801999
4844,84.250144431893
4845,80.22815991214006
4846,71.77662547579072
4847,60.78860113795829
4848,44.60647283051938
4849,37.18431432144645
1080,74.21892823201175
1081,67.11446730209653
1082,57.195965649756126
1083,51.328486012129346
1084,47.19563219663646
1085,44.82134281651406
1086,39.34231915796969
1087,37.363339211558895
1088,35.1907236655644
1089,33.91979756836764
3550,31.915854245125047
3551,30.30413505529161
3552,29.13746638052845
3553,26.181451735921613
3554,24.74716615912245
3555,25.445873201022458
3556,26.249888910215024
3557,25.164826826354464
3558,22.491833497761625
3559,19.868965723213016
4740,103.73028240866913
4741,111.3400258822518
4742,115.96889687445014
4743,114.40612893302335
4744,110.9099530072526
4745,107.9596576340499
4746,106.07981144252325
4747,106.41373528005786
4748,106.30000381078399
4749,107.22374555419765
5200,35.86713417894111
5201,36.472462110673774
5202,37.140039943818444
5203,36.04851174838283
5204,36.1414633977808
5205,36.10898442580348
5206,36.112185293458005
5207,35.98798179020002
5208,35.73019446861707
5209,37.06454758189536
5310,67.05256833438497
5311,46.87586909694852
5312,41.99340406727035
5313,38.840793727008766
5314,40.79940345630445
5315,40.79743431385855
5316,39.56128232426862
5317,44.42014519661872
5318,51.31763647136573
5319,53.99918326675435
1400,15.92887297560333
1401,16.755361860083905
1402,16.6069332207043
1403,16.676340210537106
1404,17.28247732166158
1405,17.365520014736617
1406,17.51833369755357
1407,17.95032715084787
1408,17.526004953596107
1409,17.70704998602843
4910,66.98384337686443
4911,71.42410223669435
4912,73.72110676283589
4913,78.99939438938775
4914,81.02506318343269
4915,82.44318104806425
4916,82.36176412039066
4917,80.65140133235685
4918,81.24658821169822
4919,82.34055458299949
4850,248.62601130195299
4851,272.4043151309478
4852,260.5511442718924
4853,238.6903806984802
4854,215.65619919932263
4855,186.49554523793142
4856,169.75631969110196
4857,162.37251673629908
4858,158.03781794869872
4859,150.12403741420064
1280,19.727735204352058
1281,20.28884779200838
1282,21.84436515695861
1283,23.224288161651256
1284,22.836483804966917
1285,22.553423081609857
1286,21.64330343566849
1287,22.23381983116995
1288,22.098042960810847
1289,22.502568202069995
2920,83.13752621396077
2921,72.34743738719314
2922,66.8960306346894
2923,65.9815411792479
2924,68.72148948651763
2925,75.47291746477967
2926,86.51427091830779
2927,97.72422017529277
2928,110.37596375996392
2929,118.20451839461127
4570,21.380207208186675
4571,23.12581146396232
4572,25.709314100646253
4573,28.439086581386945
4574,29.948086339763982
4575,29.451442075528522
4576,27.78830328158918
4577,26.518466953187364
4578,25.21675964337311
4579,24.59906612425209
4470,151.44347503145332
4471,145.5778574802348
4472,149.47441554179784
4473,144.77522157123886
4474,139.14370500388264
4475,141.11697229228986
4476,139.26618222565446
4477,130.72554529993877
4478,132.78433673220314
4479,133.27124688128998
2690,26.118263690462626
2691,26.914694237614533
2692,28.628594962309293
2693,29.79024271916373
2694,30.459755750244867
2695,30.586084165539916
2696,31.556431682447915
2697,32.97365768497424
2698,33.61349542083615
2699,35.1936853997712
9300,2.285960976557877
9301,4.640946841195882
9302,7.759595711255418
9303,9.718912631271742
9304,9.372156217868245
9305,8.091231345094899
9306,6.454703364132977
9307,5.696151892970443
9308,5.16219402897777
9309,4.886064342625411
9650,42.83115801318206
9651,44.28953507939137
9652,44.27889485915303
9653,43.73188544242174
9654,46.997451097525456
9655,45.136123051024654
9656,41.505756875270436
9657,38.83109745646113
9658,34.53854436267037
9659,33.14838190315167
8740,89.77020503908787
8741,90.05351995848837
8742,75.88349768370975
8743,54.44765273903334
8744,42.66568558724866
8745,33.0667744703083
8746,28.208390180807505
8747,28.29174860620821
8748,28.065529833430467
8749,28.43746306873224
140,164.63066841666915
141,152.5337927455945
142,144.7418981972566
143,137.28348851170804
144,133.00994400445526
145,135.127874787831
146,133.95924320745533
147,138.87124985833753
148,139.68868652990176
149,138.60261530932942
7610,20.037190533748664
7611,16.91213884673663
7612,14.29165485900812
7613,12.9925101565409
7614,12.398109120840424
7615,12.046744814032872
7616,12.664992341417824
7617,12.647440789272562
7618,12.807319241771976
7619,12.726028359858363
8640,6.331058755636446
8641,5.73155369209837
8642,5.6393631295201025
8643,6.062332898927606
8644,6.2550659963824184
8645,5.929452067633678
8646,5.857994181793964
8647,5.691047511633892
8648,5.9366561148408215
8649,6.073562014374438
3050,47.02748848320968
3051,44.70444934215409
3052,41.60429119463744
3053,39.39411797731588
3054,35.97272243944373
3055,36.40278536306245
3056,37.71214074354257
3057,43.07259710720484
3058,46.186286505158414
3059,49.4199035660744
4200,100.26283129795576
4201,109.74327278799574
4202,130.49862623445918
4203,140.61189938332936
4204,165.50479646137507
4205,184.23254595682238
4206,201.7356224240572
4207,210.8591200832533
4208,203.58470507092454
4209,187.33918773593268
2790,71.84853038843846
2791,78.86725004843731
2792,81.79777527578388
2793,79.70947836384249
2794,74.27950156870762
2795,69.33760059967366
2796,65.23353270702479
2797,62.64405349528022
2798,64.30328624667445
2799,65.29042110647369
50,17.121320855249564
51,17.903680892755947
52,18.45053760875201
53,17.752821883503227
54,17.315496640473224
55,16.826975584871857
56,15.734419795163255
57,14.666636583064317
58,14.01041575404816
59,13.025423533482034
7110,15.916690924811647
7111,15.223853732585873
7112,14.291891045670244
7113,12.957898529988755
7114,11.073011473711896
7115,10.344095266431204
7116,9.672041955023314
7117,9.418814035729696
7118,8.28510610313975
7119,7.797750422752468
2850,59.76274208124232
2851,68.50349633531233
2852,73.59090637310054
2853,79.34724214997847
2854,83.6758529538096
2855,85.01122866305359
2856,84.01331511331247
2857,85.22911794055327
2858,84.9836409965254
2859,85.22676961668697
130,153.48724829976095
131,165.98314266608656
132,177.00446349053152
133,188.50508642345193
134,196.73762119515686
135,202.5779958035283
136,205.9014935130771
137,208.54470231510078
138,209.0503188590941
139,206.09785613303217
4180,105.99664037793846
4181,112.05434836046908
4182,113.25399850578034
4183,119.13715879507552
4184,124.54255614467417
4185,132.4193387771814
4186,137.49164527061004
4187,135.66477282541842
4188,140.10864119473774
4189,142.2192515026025
3680,72.43499076122669
3681,73.01148771703232
3682,74.48701942930529
3683,48.7595527072081
3684,34.5585230918517
3685,24.91062248682691
3686,20.474214727744453
3687,20.536568504740206
3688,21.11891997600183
3689,20.85272675248791
170,20.598962313690166
171,18.49636137584141
172,15.63177082900847
173,15.452509896884841
174,15.616595525257555
175,14.980363747390598
176,14.88001404684514
177,13.855960184788579
178,13.589126721394916
179,13.584591829410964
4240,71.23602490840612
4241,78.44863902608117
4242,74.85444334297145
4243,64.81475308012983
4244,57.16307441501165
4245,67.22673689573185
4246,73.85081428177702
4247,80.41907441144022
4248,90.30035998228506
4249,89.219283906215
2090,63.66085656204804
2091,83.48550496488856
2092,97.46082216171587
2093,115.13688580154509
2094,122.801417337603
2095,128.65694649823848
2096,137.36483810961997
2097,144.6139320596707
2098,150.23131845395068
2099,142.7464644414636
3570,77.67207983215616
3571,68.67406978072552
3572,67.91627767952721
3573,66.71587692014683
3574,66.76078134411458
3575,61.8585797103242
3576,53.774715109978075
3577,51.46033316145024
3578,50.09908047856433
3579,50.106962768808756
2550,87.5134286714935
2551,75.91508806987999
2552,67.60070531400994
2553,56.69024290754408
2554,53.1823383486406
2555,49.74338896786031
2556,48.28562037842834
2557,47.21960220873414
2558,48.15888642976168
2559,48.822697754056584
6400,0.11738240893218466
6401,0.13792633674146892
6402,0.23135506322397692
6403,0.34921156671788367
6404,0.3386061255322097
6405,0.34921156671788367
6406,0.3163516113269118
6407,0.3539320774286463
6408,0.383876403650949
6409,0.3418077563551907
8500,30.286719964277808
8501,30.422967668022935
8502,31.77211541719113
8503,32.49616627806827
8504,32.87811032155202
8505,34.41971795575833
8506,36.664303283575066
8507,39.40618408025733
8508,41.91750615371441
8509,43.52579449526654
6990,45.79987464433522
6991,48.106215183875314
6992,48.54010972068514
6993,49.28957587201843
6994,53.18981600316643
6995,51.97980473780708
6996,47.75967320060203
6997,47.116041299365925
6998,43.53539485155885
6999,43.186557339102265
1590,40.800494471624845
1591,50.19630681432875
1592,56.21633899350591
1593,64.32732640299412
1594,72.36950011938627
1595,77.073328151607
1596,82.48995429890809
1597,88.05019049324684
1598,90.11731184784989
1599,88.78007030742398
8410,173.05961088309903
8411,165.68770757379792
8412,156.6000718287232
8413,143.82231925010603
8414,135.31672138861057
8415,125.14541997834829
8416,123.27634950306661
8417,125.50311238150258
8418,133.24570245878334
8419,134.68247530737088
7190,73.64253254045565
7191,75.12669477472507
7192,78.17692187642713
7193,81.58777426621798
7194,86.16554701477202
7195,88.48653536314093
7196,90.89815351991362
7197,92.03627231587235
7198,91.9302578322397
7199,94.73547862011583
8910,25.485678866288737
8911,25.188628775199888
8912,26.674079816578164
8913,28.65141666895106
8914,29.648683642208134
8915,30.831612068781837
8916,31.296517343712495
8917,30.692069247482156
8918,31.843592579934622
8919,31.057470121755316
9510,91.00880777918732
9511,91.67226083302599
9512,92.5809032968822
9513,93.12367711444375
9514,94.12812559105691
9515,95.2929413270627
9516,95.30830940892068
9517,96.00924869261137
9518,98.15809200729588
9519,98.2977565304847
4150,17.89003572218337
4151,16.197542552489637
4152,13.992673718479749
4153,12.103964809827302
4154,10.778406967615782
4155,11.116699801030549
4156,11.660732311439459
4157,11.19343894424119
4158,10.321372348840782
4159,9.749643557135045
8920,21.061710616132352
8921,20.020312866529082
8922,19.464753700868595
8923,17.883423777019814
8924,16.915114535884427
8925,16.94210056998056
8926,17.213313372527214
8927,18.61393816412362
8928,19.90334316084259
8929,18.643993013565325
8550,43.82362802059352
8551,44.44663693372573
8552,41.73819922501912
8553,36.858619953855886
8554,34.47356670884276
8555,32.7612407176457
8556,31.955684213732894
8557,30.602536798936534
8558,30.876628544051172
8559,32.77835249768929
3950,63.59531535013599
3951,69.13285753706703
3952,71.74089880364605
3953,73.28565242209564
3954,73.63488394408805
3955,77.60920201900038
3956,80.71748234952176
3957,89.31799090023111
3958,94.6797077462156
3959,98.61039111334964
1120,5.274162154626463
1121,7.45928793194496
1122,8.916930858386603
1123,10.64377700587332
1124,10.407201410179152
1125,10.119174502689145
1126,12.189347722410142
1127,13.39234255585018
1128,13.996409206073197
1129,15.089753492185416
9790,70.37564414025903
9791,72.38900926551776
9792,73.5389612097704
9793,74.59908332302768
9794,73.93470603011009
9795,74.3927450214449
9796,75.19091891391467
9797,77.02356154007495
9798,78.6910827688207
9799,80.50864497307055
2300,72.22035254113779
2301,74.15805341007811
2302,70.24885950816271
2303,64.82448386637046
2304,59.53802309845385
2305,56.11847267609106
2306,54.12468652476069
2307,51.32258390304291
2308,47.848899600276155
2309,47.5799366365419
1700,57.10207174957117
1701,75.81175438515946
1702,80.29495544828006
1703,86.05664931871652
1704,85.81064033382275
1705,81.36864598852135
1706,79.53779057783362
1707,79.2498593920331
1708,78.33641630589247
1709,78.56792424435069
5920,10.019480759701846
5921,9.236860949534076
5922,7.072225372542764
5923,6.260334707271403
5924,6.424103360375719
5925,4.84104613501894
5926,4.149880239593102
5927,5.160856072917634
5928,5.816990318614998
5929,6.7447998318713305
3140,137.40558134998082
3141,145.93738652468627
3142,150.48618194462074
3143,153.86301832926452
3144,157.10523954964023
3145,158.69133819508235
3146,159.91878416404552
3147,158.64088365383265
3148,158.89111107645837
3149,159.8075282654651
7690,42.22196234876988
7691,70.64224753777668
7692,104.16330553767853
7693,129.79618513044795
7694,129.5782311453813
7695,120.06681824221752
7696,96.59079154439029
7697,72.27614825701397
7698,59.5431906524601
7699,54.125577345261696
7280,90.44404018576819
7281,95.07703603892466
7282,101.09452206672836
7283,102.58811164128721
7284,103.58090597053493
7285,104.28561117074754
7286,104.61678881845354
7287,104.7487897366977
7288,103.50236714019908
7289,102.94990413556732
2230,133.60817560731832
2231,136.26770814875698
2232,136.19139780439707
2233,141.79116267441202
2234,145.97201578884528
2235,146.3619306816227
2236,148.95754113265693
2237,140.3866356581683
2238,129.98141388313215
2239,123.16173152825777
420,36.001442269411854
421,42.79857387312951
422,47.57985634902251
423,53.435733438931265
424,57.09636309069639
425,62.12971871977628
426,64.18269037596794
427,65.13186567397766
428,64.21872675643993
429,64.87502007521003
710,67.09033996244176
711,68.15935056261992
712,76.81903270061039
713,82.04401542801972
714,84.00630802038283
715,85.4867809887283
716,82.44732773633467
717,78.6143733083727
718,78.16387744412589
719,76.11068548326418
7980,82.32506586546089
7981,87.18414861710315
7982,94.68439151313035
7983,101.04971302967178
7984,106.5802402340435
7985,109.86952269361205
7986,112.56896432994824
7987,112.25925226100037
7988,111.3130101555741
7989,112.34701535061777
1760,75.30220888446743
1761,75.58083820290119
1762,76.00698994322269
1763,38.02743590880817
1764,20.62609761945216
1765,19.447349600055972
1766,19.34377734185862
1767,23.000749903794418
1768,30.200204066224458
1769,31.46569145705636
8230,94.78791165440681
8231,111.49621188917155
8232,125.37472798446142
8233,121.25935826093672
8234,115.53938795226117
8235,110.21386185404162
8236,102.93339468314772
8237,104.03778034330976
8238,104.96216999950852
8239,101.17398603549138
250,122.31920697337439
251,132.28988184361316
252,145.15050550392803
253,159.38973432899607
254,166.17305470751353
255,168.82140018259176
256,164.20218439812206
257,158.73906588137604
258,154.7777848533306
259,155.26728935636976
3020,39.63667296006432
3021,43.28037959991374
3022,46.82054177176064
3023,47.44041053196882
3024,45.274738164407765
3025,45.10624263593186
3026,45.06861201898672
3027,46.09267507250437
3028,48.02354285753861
3029,48.890683377529044
6900,148.62367972311182
6901,163.8522159474734
6902,174.99682726543872
6903,182.14075403294441
6904,190.2127925540994
6905,189.86518016659502
6906,186.93138919986905
6907,187.8969188770089
6908,189.2077984149544
6909,191.31302026770234
2330,51.73986057286793
2331,51.791066453230016
2332,52.90817933783579
2333,52.063024669590305
2334,52.48132330437497
2335,51.84905820221074
2336,51.09850227241701
2337,51.58792627477282
2338,51.53902733930903
2339,51.66827672765257
7740,69.14322418289433
7741,68.99946580691108
7742,58.812623471378885
7743,52.76629422610848
7744,49.74148126849667
7745,48.98213522192075
7746,47.49348671984096
7747,44.58970717552217
7748,43.72008960564475
7749,41.029205000806286
3900,60.20633437537988
3901,58.498589131666456
3902,55.09007586290069
3903,53.81993726648335
3904,51.166858577644675
3905,48.316061133030466
3906,52.803468011106965
3907,58.899561072687575
3908,64.32108219219977
3909,70.99675658691203
9750,7.85893737101328
9751,8.203247373609495
9752,8.567461217700114
9753,8.821691894512986
9754,8.6971836160107
9755,8.336474310575708
9756,8.132913288221623
9757,8.179706301305826
9758,8.122225271027077
9759,8.184071650633268
7420,125.79066816911987
7421,127.88051313176175
7422,130.28395451885734
7423,130.0542305492411
7424,133.1527253648769
7425,135.10731684475107
7426,136.65397032085252
7427,138.00311900002413
7428,138.60889496124065
7429,138.69903994484315
4160,177.3837859727756
4161,191.62104331863333
4162,204.19220799296943
4163,208.91443929844604
4164,210.06991977290753
4165,208.7549039485064
4166,205.98053901357673
4167,201.1613220747711
4168,195.76553458064933
4169,193.19128506627834
7160,10.733147587816754
7161,13.061675468351709
7162,14.01527247536212
7163,16.113713729686026
7164,17.39271040964341
7165,17.092434551643784
7166,17.62161807675829
7167,17.575895055241816
7168,17.49835661055237
7169,16.569610910096713
9950,193.77321251876228
9951,211.43719956676063
9952,220.53254746629946
9953,220.71125947307138
9954,214.46452723328807
9955,203.3976160451269
9956,195.06954334228442
9957,179.51717987412295
9958,169.40283379190097
9959,167.31199894942696
1260,25.938298097074707
1261,27.801115219657603
1262,30.227352543406127
1263,28.02744889876349
1264,26.73120284623669
1265,25.983126124657975
1266,25.928920851359447
1267,26.40224318576894
1268,26.637216505381197
1269,26.52546448025265
1010,10.978613297564008
1011,17.721751708688384
1012,20.856940747963222
1013,23.51934291145578
1014,26.049509468260165
1015,24.120469418688405
1016,21.023010409870828
1017,18.214901742208195
1018,15.577570796025682
1019,14.507811790269376
530,65.67599516220181
531,74.13688879846043
532,79.25135161945136
533,86.72587973880299
534,91.34987027040924
535,95.69993877459905
536,100.9152716991264
537,106.02420516086838
538,115.15220811052998
539,121.70153838794718
8090,23.74960026565989
8091,25.104416849686274
8092,27.288674776108408
8093,27.714628198546777
8094,28.582360946009643
8095,27.083764035377552
8096,26.310144981823427
8097,26.24106412085642
8098,26.148580263743444
8099,27.287377490998647
2410,16.628179528004672
2411,17.18488678372225
2412,16.905736626265437
2413,16.897585748577228
2414,16.976161827133023
2415,16.65232734606781
2416,17.203014369335854
2417,17.355515417456267
2418,17.06590036080079
2419,16.994739925384067
6130,22.795127519282072
6131,35.52440630509203
6132,43.67137582363778
6133,54.026774989050665
6134,63.25502286187272
6135,64.56893560914409
6136,64.19767024293382
6137,65.0605929864116
6138,59.10405427264911
6139,57.68468720257829
5010,23.555638047137773
5011,25.148970761614976
5012,24.157668383987975
5013,22.577052259321732
5014,21.98806022093618
5015,23.61826921795766
5016,25.306864983230728
5017,27.761735578675395
5018,29.89297371974855
5019,28.5297123313688
4920,15.187572985395768
4921,14.918000105644822
4922,15.89095685811353
4923,17.430483776793167
4924,18.715298845331688
4925,20.815943479914846
4926,20.699716216247182
4927,19.756486604758656
4928,18.950193052091045
4929,18.227612461791793
6590,27.603664712550355
6591,29.28942438719249
6592,29.910635571344827
6593,30.515067249916477
6594,33.031427598256656
6595,34.28343651216477
6596,35.015994828018336
6597,36.596149828566716
6598,37.823283132531806
6599,38.16764421803154
4020,30.828412889874805
4021,30.871988707932715
4022,30.90817370928164
4023,30.932506100018756
4024,30.60839635616633
4025,30.304069408990728
4026,29.572454931806213
4027,29.212867978905646
4028,28.70817945827924
4029,28.92445036081965
4040,58.42414784509485
4041,57.31291511133837
4042,55.43184530657483
4043,56.67415614458714
4044,58.82925425835365
4045,57.9361602191196
4046,58.38909143922331
4047,56.44412203830497
4048,51.26712872149915
4049,47.23610021211612
2470,28.50912160692711
2471,31.145592322872844
2472,32.703488750863
2473,35.298974866004244
2474,35.87758764789422
2475,36.92600241379802
2476,36.37750366061975
2477,35.778866817033176
2478,35.70249693547072
2479,35.20070748946645
6070,158.7540368119346
6071,164.9764041593022
6072,174.51070982390002
6073,188.45004775053565
6074,200.4977952133301
6075,209.857650355766
6076,214.27808328704862
6077,213.03567019199622
6078,211.16461154171878
6079,209.75120196783234
4360,9.273349895273928
4361,8.576853047605567
4362,8.830623336643704
4363,8.550500511747408
4364,8.741918736080422
4365,9.339030706695246
4366,8.897192444429361
4367,8.864466753412085
4368,9.295112226443056
4369,8.959105642089954
7580,179.3388735760555
7581,173.0201985285873
7582,170.47569708662564
7583,165.33707189363582
7584,161.84700030181725
7585,159.7035002339635
7586,153.48400924948172
7587,147.91978878872538
7588,150.7698828497613
7589,151.39640654636784
6830,154.17221928020302
6831,160.5692714750321
6832,164.19319317738
6833,164.62983936142587
6834,160.50060272888678
6835,159.76102825528358
6836,160.5042255180376
6837,163.60972049251313
6838,164.23913888327655
6839,165.72681435258795
9800,29.956233489282475
9801,37.491640459637466
9802,40.986952432540036
9803,46.62319065595082
9804,51.37315168689071
9805,49.77981757722834
9806,49.11606264006906
9807,47.83662575581014
9808,43.331829991002834
9809,43.19496303156254
4220,20.947537238654306
4221,19.634455852176494
4222,18.239243722498266
4223,16.118887215448694
4224,15.454064118155571
4225,14.214351249282348
4226,15.459094488708242
4227,17.059130427603872
4228,17.422236571702385
4229,17.72337482946527
3400,45.472263353226346
3401,59.67720654724818
3402,62.828759200795915
3403,65.84549177415576
3404,67.83709964515492
3405,64.988386643231
3406,61.63646012396937
3407,63.54468940439395
3408,64.44865827097323
3409,64.39412655153902
8200,151.57708174105227
8201,150.7272164160911
8202,143.69861058422865
8203,137.0288143832267
8204,131.8764059929076
8205,134.5980343507527
8206,139.9188473672162
8207,142.00151015385327
8208,145.49788989937463
8209,141.70858893560757
1930,92.50565379608332
1931,92.23283389797557
1932,86.7309781764845
1933,56.463406994082064
1934,40.312986178172984
1935,35.38909851687472
1936,35.44573287094886
1937,37.13468527701387
1938,38.10903366514873
1939,36.40629982837663
7550,76.08752160515577
7551,86.79924669618435
7552,95.445713752131
7553,103.39208907034393
7554,108.41139958922328
7555,113.05141365885424
7556,111.87555856745178
7557,109.5556719949959
7558,110.14480229067492
7559,109.99984627277233
5710,55.34558885950463
5711,62.343235241156876
5712,65.02175135741322
5713,69.14199346388602
5714,72.05056973903754
5715,71.06909608774077
5716,70.24723559704924
5717,68.69576972822682
5718,69.06568789274638
5719,68.99990357884559
1940,-0.5014265012110758
1941,-0.5014265012110758
1942,-0.5014265012110758
1943,-0.5014265012110758
1944,-0.5014265012110758
1945,-0.5014265012110758
1946,-0.5014265012110758
1947,-0.5014265012110758
1948,-0.5014265012110758
1949,-0.5014265012110758
5840,40.832869834651305
5841,44.19353543775855
5842,49.39834881468978
5843,54.285136500806836
5844,59.896494675753374
5845,60.76668901174659
5846,61.79798488920267
5847,62.6400238757232
5848,61.69431661335451
5849,60.66750273097916
9630,91.6339127599401
9631,110.48188794164275
9632,124.32010643112633
9633,134.389916280252
9634,139.04435420361472
9635,139.9635590063966
9636,136.536359851583
9637,132.2687171998325
9638,129.77078637373995
9639,128.41806190188112
4860,180.44709056672406
4861,161.87145244022108
4862,141.01489921823952
4863,140.7400373461375
4864,144.6033869779618
4865,147.94615336133575
4866,152.69707506638304
4867,145.8218472527385
4868,150.37384626156575
4869,153.33156823069848
6630,148.98107989930327
6631,166.91189456442783
6632,180.49063542822364
6633,186.99786989480472
6634,187.5183317798003
6635,187.91663543195753
6636,185.9568375200605
6637,177.55155889770396
6638,173.52515696749418
6639,174.05080217923927
900,3.267313936621326
901,4.043075072603112
902,5.003177916907823
903,6.072616609887401
904,6.639251175911801
905,7.285433234307117
906,6.947833711013303
907,6.820182571768461
908,7.077101449312536
909,7.3556836428385495
940,-0.5014265012110758
941,-0.5014265012110758
942,-0.5014265012110758
943,-0.5014265012110758
944,-0.5014265012110758
945,-0.5014265012110758
946,-0.5014265012110758
947,-0.5014265012110758
948,-0.5014265012110758
949,-0.5014265012110758
7910,12.810620287768787
7911,14.587889402953138
7912,16.159254714075267
7913,18.22595948528793
7914,20.75696357997312
7915,21.688852477851068
7916,22.978608951989678
7917,23.99304683808257
7918,23.60184000859336
7919,24.274029579890257
3880,30.054207779937233
3881,41.111910843773344
3882,48.983470259694684
3883,55.65864775398903
3884,60.084132891498555
3885,59.42103695060175
3886,57.95825196605547
3887,57.10207711358509
3888,55.801004742019494
3889,56.10820556656744
7650,49.02082583915378
7651,52.49071911344987
7652,55.566856066482984
7653,55.70476001958471
7654,52.369476042262484
7655,46.34633196324173
7656,47.0915453588375
7657,46.33559879805522
7658,50.400201322961756
7659,54.74457820770401
8700,79.18224513365134
8701,83.92456997347571
8702,87.77314021532223
8703,90.90611563717157
8704,92.97670747988867
8705,95.27206330142023
8706,95.68044768814292
8707,96.99389917113092
8708,98.8262099491154
8709,100.62697746890339
6600,65.81560668535244
6601,72.14088497915992
6602,77.35502001640856
6603,81.97239935054762
6604,82.0597674313124
6605,80.21524874244271
6606,77.42184793765313
6607,77.26846112130802
6608,77.67543887044735
6609,78.6633225607418
680,112.37026097390213
681,126.90471556181302
682,136.90752323947214
683,142.7681169409384
684,141.99608457623975
685,142.13394739237464
686,141.94359303221134
687,141.64565860746916
688,143.017331173581
689,144.17474603221035
6550,22.564082613089028
6551,18.600138071826468
6552,20.2882305266188
6553,21.013147236633102
6554,21.73421989093364
6555,25.645068868499692
6556,27.2169034784041
6557,28.030031104905355
6558,27.087202267582292
6559,25.82635557739732
5440,64.34710430138612
5441,69.95186419003048
5442,74.9872926635602
5443,81.08033017105964
5444,86.48957447505941
5445,92.42574579701234
5446,94.52953240665407
5447,97.63295573422084
5448,98.05501570045757
5449,97.37272572736978
7350,48.32848608016347
7351,53.9871884554514
7352,58.02917410415766
7353,62.83672712570464
7354,66.91948001934931
7355,65.41449881458067
7356,64.29940858364728
7357,63.902780528503456
7358,64.22073749667008
7359,65.3794585992819
3150,3.651649270202271
3151,3.4080065829719652
3152,2.701005013498242
3153,3.3291169366378917
3154,3.3957692619210933
3155,4.877804697307581
3156,6.85131049970132
3157,8.452870094055193
3158,8.96852914545486
3159,7.628949178639342
7320,150.61146001857566
7321,128.39267189729227
7322,122.63628516263692
7323,121.66833073048721
7324,123.85927664475334
7325,110.66541039259914
7326,123.42132358287458
7327,139.61225766569734
7328,151.71723303663356
7329,174.03620876399788
7490,163.42407618235688
7491,170.22841845139385
7492,170.50224409284576
7493,170.23266193366524
7494,167.57603793590175
7495,164.53224087793697
7496,157.86925442003718
7497,151.3327471131189
7498,150.28732436129542
7499,148.1908383612263
2500,131.37748817847026
2501,136.01564771995413
2502,127.48640149195478
2503,120.2315134183549
2504,113.30670090709987
2505,104.56631788315704
2506,101.93322898473255
2507,100.96745198814142
2508,104.38907800372598
2509,110.42691392414648
6350,22.218653677188286
6351,28.463512594234615
6352,32.25583467086166
6353,38.44609454373163
6354,43.78982677169678
6355,48.05333814684682
6356,48.54652000205206
6357,47.658306633080656
6358,44.52016140660825
6359,43.93888896122028
180,131.8377962761101
181,156.087969159007
182,170.59490903794483
183,175.66383109903043
184,172.23799665273012
185,165.5379001507659
186,159.8899121056864
187,152.90944042120833
188,152.47798943020635
189,150.3430774944994
720,32.57665211525209
721,36.695753365885395
722,41.99748859648643
723,44.93822850901612
724,48.94802958999942
725,44.801925962600855
726,40.256049623442316
727,36.8002263690138
728,33.577163557138086
729,30.1333244280413
4340,21.363128141435517
4341,39.41441734866318
4342,60.08712393392695
4343,76.11065089394309
4344,85.85143542703815
4345,92.00248912565237
4346,90.7802181729758
4347,83.10471025263949
4348,67.90982617278833
4349,55.551027406461785
5390,52.103646988739705
5391,51.72249180612518
5392,56.589327624197665
5393,62.32922763081318
5394,65.4613268736538
5395,66.01465172880275
5396,61.821235096636514
5397,62.65769877312286
5398,65.35602327008603
5399,66.02865153965148
1200,84.91278964875127
1201,92.2381403751412
1202,99.50781846773148
1203,105.35547133228232
1204,108.53037609355178
1205,110.63261284642812
1206,109.02895034049905
1207,107.52974935696759
1208,107.92368871149111
1209,106.72698858495474
2930,188.34649776654737
2931,150.93975263249172
2932,114.98519943173818
2933,92.11211758067051
2934,81.49395791906588
2935,80.09040605919083
2936,80.41780347902832
2937,79.88675653408694
2938,87.51961439128192
2939,96.82520063514238
3480,20.481612194739697
3481,18.73187817503662
3482,18.793705045195683
3483,20.0920937900469
3484,22.535856048929432
3485,24.86732461391355
3486,26.000341756810002
3487,26.327541983541792
3488,25.06936294125469
3489,24.27499971119873
2350,51.23830140338262
2351,51.784610619545745
2352,53.40097229577012
2353,55.40283086519712
2354,59.48693902379137
2355,61.24235889760971
2356,61.71917655587367
2357,62.111454003269685
2358,62.20407139847535
2359,61.55201633383916
8930,133.8523711855491
8931,136.1170753866076
8932,128.76698647897186
8933,126.4896862397202
8934,126.01287279796904
8935,123.76276982187471
8936,125.72218277280794
8937,124.9629433130952
8938,125.27689087540001
8939,125.61785945699714
9900,80.28114068522679
9901,88.6670696159077
9902,97.6723809882021
9903,111.82285042234983
9904,126.59052945190784
9905,142.71595823854375
9906,154.1184447946103
9907,158.64588456883365
9908,157.46997685043416
9909,151.49096623645715
5490,78.44880329753455
5491,72.78268829217623
5492,68.23197687704868
5493,65.22760671665279
5494,61.93561970010218
5495,63.69757676456567
5496,64.19128204931691
5497,63.56872702548637
5498,62.85857000118236
5499,61.29445671600948
9740,97.8963641408875
9741,103.28033679204881
9742,102.1302447469083
9743,99.49022323404122
9744,93.22770082323858
9745,86.50917137502191
9746,81.90298214078503
9747,80.06379816366973
9748,80.98809509388728
9749,85.43044942867341
1210,3.3262891962279166
1211,3.5448168291736195
1212,3.420133432454657
1213,2.745857706600953
1214,2.907752318144756
1215,3.358796967297798
1216,3.677881059881539
1217,4.471945036825321
1218,5.147331194119148
1219,5.415578740162501
4620,13.723748576856966
4621,14.594438901279002
4622,14.72265486522048
4623,14.92861380635453
4624,14.182510220853855
4625,13.529941360798894
4626,13.425840976320824
4627,13.225883810504211
4628,12.650079413143487
4629,12.827667757850033
370,42.04124997331017
371,41.27747183924044
372,36.75700228444881
373,31.9454441267104
374,27.789367504142
375,26.27397888491652
376,25.29384036208728
377,23.756891137539053
378,22.387571114793452
379,21.90210804305496
7990,80.8617409804165
7991,85.18032330753695
7992,80.80622800304165
7993,78.65937153470375
7994,76.63390788578575
7995,74.86897505400216
7996,74.11734731250579
7997,73.32731188054142
7998,74.60967993349428
7999,74.81163807876868
9120,149.90496295368825
9121,148.7884623075954
9122,145.8378190524736
9123,144.69099457643333
9124,144.44788452612397
9125,145.29549120520437
9126,146.64432003246438
9127,149.59303316537915
9128,151.43394927051204
9129,150.54114424918626
5610,83.9374989208265
5611,99.94085289209754
5612,111.18649803063693
5613,122.79119200788008
5614,130.11484456378446
5615,132.5477885259271
5616,134.1526467019584
5617,134.17192365613084
5618,133.6102469001534
5619,134.3918565042108
1960,155.33347537790237
1961,174.75450914180706
1962,184.2980190375896
1963,191.84890569435012
1964,190.54209139621133
1965,192.73176405813626
1966,189.0726278280237
1967,185.1928364164429
1968,183.14444080131466
1969,172.28900574106325
6490,56.72776100524709
6491,60.582714034862605
6492,60.97974557603951
6493,63.023403102316934
6494,65.99718575138903
6495,65.33568149284667
6496,65.73168528403866
6497,65.92609404556183
6498,66.65409312344
6499,67.49824713970385
1530,29.079540129336486
1531,28.60272471321888
1532,28.316301433924703
1533,27.321253613792493
1534,26.502312982968494
1535,26.51697700288284
1536,26.670670048536472
1537,27.292905422313286
1538,27.582673128431388
1539,27.478721963364
430,165.4065489945057
431,157.0867358708868
432,157.0818450783667
433,154.92403832365522
434,148.59769568926134
435,134.15146539460372
436,126.57529405808708
437,121.63748576860644
438,119.71533265608012
439,119.91107223090663
1130,-0.5014265012110758
1131,-0.5014265012110758
1132,-0.5014265012110758
1133,-0.5014265012110758
1134,-0.5014265012110758
1135,-0.5014265012110758
1136,-0.5014265012110758
1137,-0.5014265012110758
1138,-0.5014265012110758
1139,-0.5014265012110758
8560,29.468196754168314
8561,28.595586753314414
8562,29.0127818563062
8563,29.361806758583334
8564,28.347694389555816
8565,28.226637650707154
8566,28.353042335810212
8567,28.578560029059858
8568,28.86871282493729
8569,29.028799284052546
4230,251.3287888391808
4231,247.86380185196043
4232,245.53384769888817
4233,243.81429206561683
4234,244.86548223345977
4235,247.10675583551057
4236,248.7984240138403
4237,252.70272263341673
4238,257.39874025043895
4239,260.08507865974855
8620,104.39744966891226
8621,100.68050199915761
8622,99.43831288674869
8623,97.15277796935956
8624,98.09451110587281
8625,96.91050164909942
8626,100.68725934729332
8627,99.4889387541732
8628,95.21330510179172
8629,89.65020143893908
6930,113.50160178264981
6931,119.55634780584566
6932,122.62213975828038
6933,126.56315898561706
6934,131.20168438896067
6935,130.3235883278165
6936,132.6759551325423
6937,134.0362091902175
6938,136.8455781488813
6939,137.9083584959019
5400,15.13198956329618
5401,15.051567414242918
5402,15.332935215388286
5403,15.518794430859614
5404,15.6046972293177
5405,15.60841967709261
5406,15.247338854568842
5407,15.327150426353622
5408,15.097086558065406
5409,15.178544555538455
5760,77.78766092012548
5761,81.41846727489494
5762,78.06871650375165
5763,75.80982432397585
5764,67.57975831709491
5765,64.49550494013477
5766,59.8547661323302
5767,53.6178072300958
5768,52.66726177253189
5769,52.387394722514344
5040,15.34869635745748
5041,18.044550521381638
5042,19.925249807063423
5043,21.934524526421775
5044,22.38913986498747
5045,21.925212293756275
5046,22.061724954227905
5047,22.723826568818954
5048,22.951088672505882
5049,23.549537372493212
150,9.467043075073967
151,11.951922226242996
152,14.206769621772914
153,16.115096984840957
154,17.87357259962279
155,18.12536374403593
156,16.68558845926454
157,17.39783950749617
158,16.784502396975537
159,17.198106748008804
4610,18.205992459972077
4611,16.984055659621873
4612,16.358174597135882
4613,17.018057861914215
4614,16.992403581819072
4615,17.35634691526463
4616,17.383875681702932
4617,16.492078417015158
4618,16.550770605600206
4619,15.9704467547305
5410,69.1432925890297
5411,75.83088754570396
5412,81.954228709789
5413,85.78773238546628
5414,88.06425406417925
5415,89.31001705660319
5416,89.17396592741616
5417,87.44534731825895
5418,84.84768734282173
5419,82.9708168696681
4820,12.153164669620114
4821,11.969403485963198
4822,12.133750926435425
4823,12.287597329546063
4824,12.925108411279322
4825,13.582920996872854
4826,14.508123408791487
4827,16.030639850649727
4828,16.170650561703162
4829,16.179273355978083
6690,117.32525960526667
6691,137.89427850366937
6692,157.26243611010395
6693,175.8771427285493
6694,190.647674612027
6695,201.07602032349084
6696,208.97062584262213
6697,212.78498683711524
6698,216.7687930626364
6699,222.45605435166493
600,231.24340529690096
601,231.7710613335376
602,229.23179169616293
603,219.57697870993235
604,212.83876385602485
605,210.9531680175913
606,207.70154416874374
607,201.79360345177457
608,205.30741204320884
609,214.80954822760575
480,32.82842929867543
481,32.38052060370734
482,31.128664997773022
483,30.84163345400325
484,32.581527021845105
485,34.104507857927864
486,36.03135216863968
487,36.397783790046375
488,34.923927562514116
489,33.83767321053227
3410,6.63770133549559
3411,6.84362755325623
3412,6.979429504605966
3413,6.722451472058076
3414,6.94008144124413
3415,6.905530990643594
3416,7.0259346638860105
3417,7.200151437604969
3418,6.981836782067653
3419,6.982545206247481
1870,95.57097171205768
1871,104.4521854017532
1872,107.98909983336924
1873,112.58245642144048
1874,113.86595434174275
1875,113.9968833296848
1876,113.65293497467464
1877,113.06404682941016
1878,112.09070787044118
1879,111.41131580286307
5960,195.74740367908916
5961,195.26675075102142
5962,183.93106200195692
5963,173.42595933640166
5964,166.41929396442072
5965,161.72905610625844
5966,163.97771340432124
5967,165.00543262718162
5968,168.40642563178025
5969,173.0059720857115
9160,86.65979612030377
9161,88.23564824087372
9162,83.73090219737236
9163,78.41484777793691
9164,75.24286337799322
9165,75.55301435901076
9166,79.14490549499266
9167,84.70349714205094
9168,91.94962504525628
9169,97.22410371674628
8280,61.85500436995007
8281,67.11636474598649
8282,81.23788065891635
8283,84.99673675094942
8284,82.90336830196038
8285,77.57672795182017
8286,70.81801445923823
8287,69.40733419481481
8288,67.42606513102523
8289,63.83331811364367
5070,110.73694033839601
5071,105.52610893455045
5072,107.0519857064675
5073,101.35136524296979
5074,95.4435922839838
5075,93.30911711471649
5076,90.49948444161609
5077,90.34055246337027
5078,91.2399948499148
5079,87.95324660127069
8120,46.444313803415085
8121,52.8323215423476
8122,55.90368209029363
8123,58.7621313580114
8124,59.49773232834774
8125,59.44016923430867
8126,59.499513968587934
8127,58.402290824324055
8128,59.199656078540144
8129,58.63473772397441
2660,25.30291494743885
2661,23.72245635540621
2662,21.98844377772548
2663,22.511657671118773
2664,24.435987563396083
2665,25.835235732639525
2666,29.362625451907014
2667,30.040001230900057
2668,28.727484912375814
2669,25.6210465017719
6280,37.29517345135977
6281,39.41162792996805
6282,41.98619946769711
6283,41.46136957630066
6284,40.71495793469354
6285,39.18360155949959
6286,38.283861689426956
6287,38.76876091551217
6288,38.6689917955852
6289,38.38455070007237
2800,11.726980760421322
2801,21.568028400857745
2802,29.921374982691223
2803,36.421085187281435
2804,40.11022222176243
2805,38.94017196157476
2806,34.51994377504195
2807,25.82639828610912
2808,20.7026371572068
2809,16.83198563248388
3240,25.393324982821124
3241,39.69580198373117
3242,56.43212702193887
3243,68.59616313724248
3244,71.81446867139493
3245,67.74934985609879
3246,53.11162863475404
3247,45.97272251758676
3248,43.65787661676195
3249,45.271677565080125
3300,107.07510294395115
3301,113.99406118186806
3302,120.39337007373302
3303,129.73751370901783
3304,138.86473827666657
3305,144.83129746330005
3306,145.68569569084792
3307,146.05794719701876
3308,143.11907565379656
3309,139.97142664978563
1660,41.84054807267372
1661,45.68797797165424
1662,49.24139615615726
1663,53.79283559501823
1664,59.420920127673654
1665,60.0570835066961
1666,62.362984877003896
1667,61.49986875323869
1668,59.07339155530822
1669,58.55571077791814
2730,60.55649720185185
2731,66.89506420480956
2732,70.68096896931081
2733,73.00319671688105
2734,75.79456611921628
2735,76.61373029211725
2736,76.71633404115869
2737,77.32580810230402
2738,75.55189430227232
2739,72.93414673238193
3980,97.43015645870419
3981,83.92268423974062
3982,69.77917543091687
3983,57.412006607461606
3984,50.89993327400303
3985,43.82598825468685
3986,40.436527180843925
3987,50.227070940798086
3988,60.424105075301085
3989,70.53348180598397
7840,49.78130839315531
7841,51.41396929241937
7842,50.98701923713019
7843,37.4589190194719
7844,25.856863928225177
7845,20.266727202441878
7846,17.143460788490778
7847,16.498053982086656
7848,15.799369253147521
7849,16.39390275742781
3990,11.20001836113682
3991,10.680878362309166
3992,10.370072342088735
3993,9.94082769179443
3994,9.730692895632505
3995,10.889964918686857
3996,11.884137058909666
3997,12.109324280181998
3998,12.234729723082403
3999,11.22166396588569
540,23.801057213950667
541,20.99161773369294
542,20.777752038134903
543,21.400442571011396
544,22.865042586914768
545,24.302796692892912
546,23.16264488704335
547,22.64894351909866
548,22.893633098533982
549,22.59882541657033
2590,3.216630261411332
2591,4.306689725541499
2592,5.191830543053401
2593,5.070702740491408
2594,5.5159106624746155
2595,11.60748818659925
2596,15.241914709379841
2597,21.506025901193805
2598,30.174287501212838
2599,34.92385735773225
2120,18.64000931261255
2121,18.781407841746834
2122,18.439883352952776
2123,17.753526967333723
2124,17.408380769182166
2125,16.552154039064398
2126,17.045561368579754
2127,17.530294052453186
2128,18.33636270647814
2129,18.76184668505346
90,87.66262210614343
91,96.77634462168551
92,105.95827769264804
93,110.91978215501375
94,113.75234009138089
95,114.34101773394771
96,111.39624829654431
97,110.86480874054844
98,112.34128730442029
99,110.82703320729443
990,100.94468497891032
991,106.13680104722376
992,109.54302932067424
993,106.19156898899756
994,102.59528495769653
995,100.35851761443931
996,99.23961051092077
997,98.04099703531946
998,99.46486774367733
999,98.58045074893562
4270,53.13952942015881
4271,58.00757371693568
4272,66.14709380460818
4273,72.37608774560586
4274,76.52986335438966
4275,82.2572387490525
4276,84.50066518696043
4277,86.32924517470957
4278,87.89747496725886
4279,88.09954348277212
9170,6.515457949784354
9171,12.20816774633576
9172,16.4899319955929
9173,16.911968797083738
9174,19.027483929017656
9175,18.47910154362581
9176,18.306190688734617
9177,18.152965324788475
9178,16.995614577333725
9179,16.335550548599517
6160,5.102443940567082
6161,6.985097456434808
6162,8.68913381070805
6163,13.73937559631467
6164,18.29197186266762
6165,19.814327401177735
6166,23.098305404937435
6167,24.28714373250136
6168,24.697174082881105
6169,25.844608455387565
6000,62.900981256097936
6001,67.20864561629219
6002,64.96284433288653
6003,63.69565989028911
6004,63.94745033504604
6005,62.12508830562801
6006,61.83371366600734
6007,62.447441356524095
6008,63.18574975837106
6009,64.6530577086077
2130,54.21335558791436
2131,62.405091010151054
2132,64.62622463227825
2133,65.3534776953419
2134,61.62565855670228
2135,57.60035337081372
2136,59.48487645606211
2137,58.16469605287489
2138,59.41913043756091
2139,60.144312068378355
1830,77.3658406796888
1831,57.12247837031801
1832,43.27694157085844
1833,34.3728118325742
1834,33.139015033314024
1835,31.840481579915227
1836,31.471474511947335
1837,30.431112410950632
1838,30.745352914785357
1839,31.147210936636526
5520,-0.5014265012110758
5521,-0.5014265012110758
5522,-0.5014265012110758
5523,-0.5014265012110758
5524,-0.5014265012110758
5525,-0.5014265012110758
5526,-0.5014265012110758
5527,-0.5014265012110758
5528,-0.5014265012110758
5529,-0.5014265012110758
2310,31.20574089869318
2311,32.510370469581034
2312,36.22675194589442
2313,37.573182342534494
2314,43.11166353921092
2315,46.846845550651494
2316,49.26997518806341
2317,51.17567652083756
2318,47.7320637925408
2319,45.90502484720449
6800,39.67523729589662
6801,38.53934472346616
6802,32.750041735553495
6803,27.56386326729924
6804,24.429005366131484
6805,21.459259177102513
6806,19.630513514672053
6807,19.815125893801962
6808,19.837715377184306
6809,20.87670888898888
1460,37.11472820586684
1461,34.63968318331566
1462,38.70911294917397
1463,40.18079350420657
1464,40.521818192706405
1465,43.90071313965264
1466,44.03443945091355
1467,47.03509657473782
1468,49.099077576968455
1469,48.377441646150785
2600,18.540503213713208
2601,14.97876502910107
2602,16.570156451817326
2603,16.849099484200735
2604,17.24661816302948
2605,19.51143155301498
2606,21.207210844198997
2607,21.913597219410565
2608,21.38259091554476
2609,19.82702433227292
910,31.80976862503951
911,37.320050333495104
912,35.05356223797278
913,33.335289338946524
914,31.789896301734316
915,32.19227548128424
916,31.20012029178279
917,30.03415658827003
918,29.34180313119635
919,29.10879876102697
9960,84.31658756995644
9961,88.1462424333957
9962,89.92094624947916
9963,92.2443856139586
9964,94.76354506078724
9965,95.92001304629638
9966,94.22053052176207
9967,94.77045365979467
9968,95.76583653577248
9969,96.22142900030923
4110,82.53288228215753
4111,91.34692731652632
4112,95.76519716083976
4113,97.46928548466802
4114,95.76708642783964
4115,93.37287726390645
4116,93.3004650179562
4117,92.6887936362716
4118,91.79039285032572
4119,90.61837843935697
4770,178.9703349808205
4771,189.39267178707317
4772,192.49052082991136
4773,193.30444452948092
4774,194.59707698312124
4775,197.1414325226674
4776,198.52781090511627
4777,199.23202291499325
4778,197.23282414696376
4779,194.5815192487979
1310,107.51886419185361
1311,118.10666900363933
1312,125.50596674675771
1313,131.75081969396308
1314,135.53206752212193
1315,137.33039497845937
1316,138.84674033397707
1317,140.73203858503388
1318,140.2169955851759
1319,141.6088308783215
2110,31.687780215415614
2111,33.87912110378546
2112,34.77447453016744
2113,34.5075361087689
2114,33.66606161084452
2115,32.96885441270898
2116,33.80581294269752
2117,35.19683799197852
2118,35.86401761935926
2119,36.74922170505336
6660,34.507169514684826
6661,41.94144404501472
6662,51.97872427446402
6663,60.39064919005145
6664,67.65389019879669
6665,70.3286116428655
6666,70.00929408643715
6667,71.07084296247908
6668,71.4269712684842
6669,71.4835732564397
1600,18.913590224777018
1601,21.027914872949808
1602,22.524795981126587
1603,23.795881923641968
1604,23.67817397528495
1605,23.33434689065587
1606,22.919362264720817
1607,22.24371303283032
1608,21.92364299090189
1609,22.547213564550958
5130,23.719175209942012
5131,27.948265642223333
5132,34.061500353075346
5133,39.47719273727246
5134,44.305123247298354
5135,46.2113966529479
5136,47.76943418307427
5137,50.68216613164841
5138,51.705028190942414
5139,52.74692544512291
2010,117.76692549253066
2011,96.22634230820864
2012,88.61795947114118
2013,82.0988331163895
2014,83.45523619172015
2015,83.00222910952789
2016,87.93027805999654
2017,88.88681384783233
2018,85.76186257892127
2019,87.8407166767582
3210,21.79744808062175
3211,22.860994185427106
3212,23.664049462337836
3213,22.198948627511022
3214,21.388033618026462
3215,19.671252110145076
3216,19.63744715590748
3217,20.66892308816985
3218,21.321753742180093
3219,22.031185330506123
5860,75.51666479538858
5861,74.02204234945388
5862,74.14824147372113
5863,74.34702760478079
5864,75.46479101397708
5865,74.8005316639314
5866,74.70334593351009
5867,73.62452225947432
5868,72.98936431539535
5869,74.48330660709043
2260,128.14851532398987
2261,127.63646953318249
2262,106.0321469864888
2263,80.05872382700775
2264,65.06137783381769
2265,56.58516855443671
2266,55.08463395548591
2267,58.11590969560844
2268,60.2882589617544
2269,58.6765146314274
3090,19.999262392884997
3091,21.361486700475215
3092,21.703967342714957
3093,23.568985364122046
3094,23.65837428469198
3095,24.639847118741436
3096,25.83532576571177
3097,26.848661024417527
3098,26.975706060456226
3099,26.905893613307164
9980,36.232795824502205
9981,27.53658341159595
9982,25.697647932553544
9983,24.42463224342125
9984,24.708193404100776
9985,27.505382100681317
9986,28.13084795717168
9987,29.98261326598494
9988,29.59728217773776
9989,30.72969318892385
4050,27.134187979672156
4051,26.92698994306682
4052,24.010481012642042
4053,20.611366778598992
4054,18.869414881159635
4055,18.872130921283144
4056,18.873184131145038
4057,19.179728089854347
4058,18.313068340799973
4059,16.67212739542356
2360,58.85947556568088
2361,68.77314837408576
2362,87.73927900395702
2363,96.10664092862312
2364,92.31948865418005
2365,83.92522369843492
2366,69.62131316840173
2367,57.643675413347665
2368,51.579061519117126
2369,58.9980744025832
9020,29.4972655131377
9021,29.690721785655924
9022,30.650956219902213
9023,29.37982176430888
9024,29.5400924432223
9025,28.501525404172845
9026,28.01657384395541
9027,28.850192409360368
9028,27.473745139676815
9029,27.776718470823788
7430,72.26869989621164
7431,68.81849749372057
7432,61.88052288793938
7433,59.585343730903844
7434,55.51567534175142
7435,55.99021189439061
7436,57.79165569337527
7437,65.69883242020398
7438,70.16065729187135
7439,74.46065350723633
4800,-0.5014265012110758
4801,-0.5014265012110758
4802,-0.5014265012110758
4803,-0.5014265012110758
4804,-0.5014265012110758
4805,-0.5014265012110758
4806,-0.5014265012110758
4807,-0.5014265012110758
4808,-0.5014265012110758
4809,-0.5014265012110758
8670,4.433145348622112
8671,5.261659184675647
8672,5.598323643998543
8673,6.428969490628186
8674,6.676341464934123
8675,7.17201287338635
8676,8.135288469650275
8677,8.624800155852828
8678,8.096171594468379
8679,8.120147793574334
9430,104.3350092500387
9431,69.26535353228985
9432,41.552409834362706
9433,28.6973372616382
9434,29.171997322026865
9435,33.171556020216954
9436,36.319525040072534
9437,46.43675533302173
9438,53.529195044398456
9439,60.02842834448448
3190,71.5288265302315
3191,77.07156933301438
3192,81.45434012838797
3193,87.34252741694652
3194,92.04408785141837
3195,95.09838145021415
3196,98.36610825532664
3197,98.03013094110625
3198,97.54926482286069
3199,97.20416092529061
7500,11.66540449181566
7501,14.620175803058789
7502,16.837002449899693
7503,18.00192644056295
7504,18.514704782401193
7505,18.35604113274109
7506,17.411970173105207
7507,16.909666078561578
7508,16.955794690635273
7509,17.82726605813992
9350,13.251408553871213
9351,15.411000819393522
9352,17.25956386143854
9353,18.44842432875192
9354,18.764049456081555
9355,19.55505170367751
9356,20.2871869407401
9357,20.49047769896849
9358,16.954195972496265
9359,13.33701075163745
7780,78.77151068166667
7781,79.50706811711618
7782,74.6138302705481
7783,75.62605134605579
7784,79.21512211161102
7785,81.27328199201611
7786,82.63276358796645
7787,80.11895746426521
7788,78.76646186708592
7789,80.25926128802585
2240,9.599402792287858
2241,9.69737680114839
2242,9.650158842289011
2243,9.917227928739718
2244,9.583768026606796
2245,9.385938958517654
2246,8.73021468181004
2247,8.702804929490389
2248,8.261074236235567
2249,8.359464950166316
7510,5.994895801586072
7511,4.3165749444944606
7512,3.213970532490036
7513,2.2826486447492194
7514,2.066794706001384
7515,3.4394560114722683
7516,4.713345503855589
7517,5.8299152337156634
7518,7.359295623998355
7519,6.328424956729995
4370,85.77005690028932
4371,91.10039258206878
4372,91.7361300888642
4373,95.70692656226578
4374,96.10074442341599
4375,98.67997381347163
4376,100.63548121752788
4377,101.82125732209362
4378,104.28165555072108
4379,108.34802543257595
9910,61.524970385505114
9911,69.63186428807256
9912,72.9728766578711
9913,79.17423110623108
9914,82.36308101261224
9915,82.1619480538277
9916,83.36075527383771
9917,81.81218304631565
9918,81.10083900964389
9919,82.20925282501565
6750,36.192370548289404
6751,41.563688178015205
6752,40.01117546251428
6753,38.731062639800626
6754,36.981211586250026
6755,37.16945619859485
6756,36.6711445812529
6757,36.991861079690466
6758,35.869003235472384
6759,34.203551390216596
280,15.30396439239642
281,16.00622903538047
282,16.43820059480718
283,16.929332966705708
284,17.479387267200643
285,16.56843171420228
286,16.41563013747256
287,16.441100909915324
288,15.967713275008727
289,16.971422661389603
290,29.43694426812669
291,34.86154861020151
292,44.39883378548669
293,56.60624192988715
294,68.17270053132857
295,75.03763682360278
296,73.14546830874268
297,68.02199219682575
298,63.31915500435845
299,60.6612098569351
5670,15.843344770820913
5671,17.318483239378562
5672,18.587515977095535
5673,19.56614832213433
5674,19.730945990132234
5675,18.81608446648844
5676,17.42268847387395
5677,16.124076045773318
5678,16.005284695550607
5679,15.884047691775077
4650,154.9367709123507
4651,167.11417837127044
4652,169.27766905044678
4653,169.9064861614388
4654,168.00545823465254
4655,166.58738987351074
4656,164.04838934103168
4657,153.8267982635124
4658,152.85882541377316
4659,148.08569066279514
1970,33.21297520769209
1971,35.4848589701827
1972,38.63035122373598
1973,40.569314221006785
1974,40.93110838733945
1975,40.24378251117511
1976,39.973473281407934
1977,39.52656973878564
1978,39.79935094202757
1979,40.65485621977126
7560,12.435091032519605
7561,12.482264648701204
7562,12.682583960294911
7563,13.167510002725887
7564,12.438572623913448
7565,12.386504466029926
7566,12.225984349882527
7567,12.051927749492318
7568,12.510637720581784
7569,12.320667141921824
7700,15.358782604006858
7701,14.326945841683777
7702,13.579299597798547
7703,13.589847923189433
7704,14.03634349958304
7705,14.125457179282204
7706,14.527804520661617
7707,15.250379027850464
7708,15.301434935399431
7709,15.741321641356407
8940,58.13182478963623
8941,54.2723288519889
8942,52.83319842974584
8943,52.70380147681081
8944,55.40782866704169
8945,59.05017902253256
8946,62.44961442428301
8947,65.20717460118614
8948,65.22214132027904
8949,64.64050790205879
9310,22.280200916758147
9311,21.26468588350577
9312,24.176625609196204
9313,26.24858220023571
9314,29.42812048241721
9315,31.42051634385635
9316,30.5905247907586
9317,35.63366722589696
9318,40.287806314414404
9319,42.62508193929712
8210,178.5983347464381
8211,170.83978470673966
8212,161.21261488700586
8213,145.44350041703203
8214,136.9795205153431
8215,136.2023372282157
8216,135.19243974156393
8217,143.97426090878832
8218,152.28921722391857
8219,160.35594980617068
740,102.05025954015892
741,113.9871649260177
742,124.65820427675182
743,132.69813982060333
744,136.37204794202427
745,137.44420862535637
746,137.5497823699624
747,138.59370910288442
748,140.4535092101448
749,145.3716585488766
2020,151.81399778393686
2021,147.02899009097672
2022,144.6463801923206
2023,146.42415592440133
2024,151.62086357332916
2025,158.6311559584731
2026,167.5264347352329
2027,175.02948593490493
2028,181.45843375262882
2029,184.28736367656384
1560,58.00924103306924
1561,51.02389725979401
1562,44.89771235361085
1563,44.182323156119324
1564,50.56899980347559
1565,58.63555862218465
1566,68.11265920695924
1567,75.73170548793469
1568,72.47947730777597
1569,63.67094838469643
6310,94.05748920848903
6311,101.82712615436128
6312,105.75215615992582
6313,108.81640825703312
6314,112.13705683112998
6315,114.74550398154936
6316,115.91013020268942
6317,117.35145635930874
6318,118.71679571500806
6319,115.27686246814181
6760,261.3743173645152
6761,245.86010235537202
6762,228.00497092388588
6763,214.1491535789904
6764,211.51490067215255
6765,209.37635249689066
6766,204.7374670782907
6767,191.42132177396644
6768,197.12490794033226
6769,212.75573110285654
1950,67.9363614840272
1951,68.51675538313661
1952,68.55029112576091
1953,68.09971924769393
1954,65.96404815078881
1955,64.88298251142947
1956,65.49627278287853
1957,66.01329416579138
1958,67.04333385966636
1959,68.44539613897112
4940,32.468462837656425
4941,32.64043208872128
4942,32.57993081271158
4943,33.075800192190854
4944,32.73532489067481
4945,31.853610780099544
4946,31.61279466942004
4947,31.420382550571553
4948,30.707304804369365
4949,30.2641094713776
8150,123.89416835813915
8151,116.5505310782716
8152,115.47372157383796
8153,112.16075593392145
8154,109.49730879560879
8155,116.60498621117577
8156,124.66929421522967
8157,134.7065849271286
8158,146.22525476483594
8159,156.40352891267992
3360,12.225564871844302
3361,11.965895243524619
3362,11.7061460724297
3363,11.796342983362198
3364,11.68400969544959
3365,11.671200356317737
3366,12.088673771663057
3367,12.834891796214585
3368,12.94728089831499
3369,13.830569737501504
3800,-0.5162249766764434
3801,-0.5162249766764434
3802,-0.5162249766764434
3803,-0.5162249766764434
3804,-0.5162249766764434
3805,-0.5162249766764434
3806,-0.5162249766764434
3807,-0.5162249766764434
3808,-0.5162249766764434
3809,-0.5162249766764434
8300,40.994602524199664
8301,39.61312294299722
8302,38.84307264820501
8303,39.75650366524489
8304,42.25247611005159
8305,44.75633988105971
8306,46.982751733775245
8307,43.78955181585681
8308,40.69356715641801
8309,36.36305473072369
7920,43.08683851139082
7921,40.150800983244075
7922,37.1033579902939
7923,35.48871474303265
7924,33.847764133409825
7925,34.535962213426075
7926,35.27562804117535
7927,34.68203714965129
7928,35.84321889021376
7929,35.19114078722074
8050,20.33245393045751
8051,19.061802351039574
8052,18.140250939332006
8053,17.629786881380603
8054,17.94282348981294
8055,17.775464965295924
8056,17.546417850711126
8057,16.912053968589802
8058,16.48893120304691
8059,17.16135147331452
1410,32.65267985691149
1411,35.74547953732254
1412,36.59836190400759
1413,36.81421456097038
1414,37.43186837995575
1415,35.82915653721476
1416,35.702043936885175
1417,35.443935932977354
1418,33.01571841098136
1419,32.04726076597167
4280,16.418094156624427
4281,18.441670715825875
4282,20.21915350226362
4283,21.45823421168698
4284,22.740599410745215
4285,24.952391997343266
4286,25.269183536270155
4287,22.883697971100222
4288,19.25835472759785
4289,15.837060452666428
6370,5.800394708523848
6371,6.41396358373664
6372,6.883831253489767
6373,7.4631374910768695
6374,7.671372590437935
6375,7.851352261239219
6376,7.308521728078206
6377,6.9196025630753635
6378,6.849462899851934
6379,6.805329518086793
2980,23.809920956681253
2981,21.16616467982164
2982,19.90630432255285
2983,20.400753335487856
2984,20.604463341553696
2985,20.820153365115218
2986,20.914250224839005
2987,20.02469057240419
2988,20.00260898293972
2989,19.6062680461093
560,84.92969044806287
561,87.59831784797906
562,91.58564411693665
563,95.50848115630788
564,100.74711124927771
565,102.32242974446172
566,102.6384210582945
567,103.35111934687038
568,101.71976320558738
569,101.02262726847773
7850,32.60735976160927
7851,28.93447452572586
7852,30.42358573949916
7853,34.08723565946382
7854,36.78998590565541
7855,39.54536532641203
7856,38.75255891633847
7857,31.863994847345218
7858,28.735098229628864
7859,26.90504117691213
1790,58.34067221426088
1791,61.50955661456629
1792,59.55992246605977
1793,59.58677088165076
1794,60.04085861704109
1795,58.432830872754856
1796,61.09755913199392
1797,61.592489584078805
1798,63.615290896542206
1799,66.70740080493778
690,20.29223496965186
691,20.96354826090984
692,21.401725505793387
693,21.635840924447727
694,22.39699440264457
695,22.2891641926332
696,22.968385127534898
697,23.558230546425158
698,23.197765811346123
699,22.85912653367402
7020,133.37828098012585
7021,138.38721111158725
7022,110.00632730867802
7023,85.88291090832713
7024,62.53136080189747
7025,48.98498578767054
7026,45.30183130099816
7027,42.98899321430042
7028,39.99130418333011
7029,38.7711216755348
8030,0.8701687200696249
8031,1.5267044840814679
8032,1.7910980089944957
8033,1.9586864133101756
8034,1.880710099221211
8035,1.9237902385505672
8036,1.8894111867323335
8037,1.839680442253505
8038,1.926991869373548
8039,1.839680442253505
1540,55.17890281700828
1541,77.09647496913477
1542,89.30765937025112
1543,106.03850576495009
1544,110.43821652332426
1545,108.41695449817496
1546,108.82592726126161
1547,104.4577806745061
1548,105.77477217454464
1549,103.00563320207054
3250,115.64696149477004
3251,121.74389556701453
3252,125.4425021797482
3253,132.70727148618457
3254,137.5299409098181
3255,138.90901389737556
3256,143.82353368488617
3257,142.65093304899486
3258,143.04594249325928
3259,143.69688596982124
6780,10.400286394702697
6781,8.699264889468381
6782,7.488775655829842
6783,6.736238670932677
6784,6.6794398889778055
6785,7.953540433982427
6786,8.410560355897566
6787,8.482838181732504
6788,8.385654724275502
6789,8.060885785804748
4500,134.47416424752555
4501,140.04448354615258
4502,150.405586750979
4503,157.3085264205888
4504,164.83075352645136
4505,168.55373332255115
4506,169.75744617001357
4507,168.185447155482
4508,166.1624994954778
4509,165.15058172593208
9030,98.15658481481162
9031,100.30397413100002
9032,100.82249188078168
9033,101.21030895937258
9034,103.65483471960042
9035,105.60642477871397
9036,106.612441811434
9037,105.76320848287484
9038,105.93185743900804
9039,105.83787250205097
3530,49.028346527387825
3531,48.791392898711024
3532,46.750259888606315
3533,46.295696175243904
3534,48.66742157819308
3535,49.27346709912796
3536,51.19188587451107
3537,51.28595224344977
3538,49.09310201581603
3539,49.97783206358777
8130,164.3847067067337
8131,156.14131882333808
8132,135.58718305222982
8133,113.3254051465362
8134,98.9932197371941
8135,83.18446707881877
8136,76.76847528821327
8137,73.4276869987325
8138,77.31183474988401
8139,80.9574710392339
9990,95.9443289540905
9991,97.60079405373934
9992,98.24119549529738
9993,96.78576939321533
9994,95.21727700488087
9995,93.16278202932159
9996,91.70615377211209
9997,88.50761984417986
9998,86.00823312822084
9999,85.5448461706549
9700,142.79515804743647
9701,160.31684862262642
9702,140.66966539491517
9703,129.20755573275744
9704,113.7989420488878
9705,104.11592393308345
9706,102.97430542090119
9707,101.09672774465439
9708,97.09207454610375
9709,87.3461984479932
2270,52.011237447189686
2271,63.862642265723935
2272,73.26382687431325
2273,82.8239327884336
2274,91.1446247969788
2275,96.41630059554082
2276,101.00257528939758
2277,111.18213774692461
2278,116.13939872501257
2279,117.45402487823962
390,13.553700911179083
391,23.13392194296037
392,27.479544734676956
393,31.862913413626515
394,35.96230041008802
395,33.855183919374205
396,30.054333592864847
397,25.653368498250543
398,22.95186793324657
399,20.27154784681906
5050,132.05791702550243
5051,145.36178784097035
5052,149.83380876559278
5053,155.78445859564167
5054,159.85161749747942
5055,158.24381592357153
5056,161.57487408700183
5057,162.63491749028677
5058,161.30210556414636
5059,162.30571268218654
4690,-0.5176811037255213
4691,-0.5176811037255213
4692,-0.5176811037255213
4693,-0.5176811037255213
4694,-0.5176811037255213
4695,-0.5176811037255213
4696,-0.5176811037255213
4697,-0.5176811037255213
4698,-0.5176811037255213
4699,-0.5176811037255213
340,81.94356814409187
341,79.85421967832522
342,73.64503735555925
343,68.67760541199992
344,65.07450442985989
345,62.295374144570566
346,61.512702651922766
347,61.492497318487914
348,61.73055476064336
349,63.32881614838462
8630,123.1342898330625
8631,81.34283858435502
8632,59.29841257771317
8633,54.672501925134114
8634,61.62943079657363
8635,66.26546448144052
8636,66.64396366186173
8637,74.67437046283906
8638,80.53793309587809
8639,87.95246389820667
9520,28.68758598733887
9521,28.241867284003263
9522,27.000528364263506
9523,25.583608630047294
9524,25.18137513738255
9525,25.219570658074666
9526,25.34311250901693
9527,26.800528047352046
9528,26.130322759526525
9529,25.834276974886194
7370,18.090849697702808
7371,19.798758036866406
7372,19.938898405482657
7373,20.33326315092026
7374,19.804326357755482
7375,18.15916677641941
7376,15.288131506457056
7377,13.920403457344197
7378,14.190824076116762
7379,15.075607371625736
3370,35.10577677582141
3371,37.093505528636776
3372,36.933968551892576
3373,37.573989643599496
3374,37.50065617138866
3375,36.464883506518724
3376,36.38102674885275
3377,37.135828705229464
3378,37.1127612014117
3379,37.068890730288146
6810,307.1799758301543
6811,303.1486887468635
6812,302.58681327803316
6813,299.58113827447954
6814,291.2336519644963
6815,287.5917491596421
6816,288.9843857979722
6817,290.41621415921446
6818,291.13167414515027
6819,287.16767544194045
1840,14.666042477401593
1841,14.855398027900115
1842,14.171304067169
1843,13.145661699113424
1844,11.446376809817261
1845,11.513120231722077
1846,11.795043068975648
1847,12.997136355763725
1848,13.787612902012128
1849,14.040987893518633
1710,130.8186090188816
1711,126.7282889287024
1712,107.05094270537496
1713,97.2025198709791
1714,88.74093468272913
1715,84.69282322781663
1716,83.18791355237778
1717,77.77826061858414
1718,73.16560858703876
1719,70.9618588859774
2370,114.80135811991534
2371,120.57301164896504
2372,126.0829689140231
2373,131.95226578588986
2374,135.7624813378573
2375,135.02951293797452
2376,135.84006526412702
2377,136.84575595233713
2378,134.8274725612674
2379,135.4474176547497
4830,81.03029838408713
4831,87.42429544870333
4832,91.78829206326338
4833,82.8838445217084
4834,77.09032726344472
4835,69.94386971670278
4836,63.75402165628526
4837,65.05872125142065
4838,71.27448768942915
4839,77.1395732792549
3890,48.0454451315734
3891,40.93073287615337
3892,34.612382752484855
3893,31.762400858995782
3894,33.55601507112026
3895,37.05034971773135
3896,39.45453370292019
3897,42.25183774266542
3898,37.49847546420263
3899,35.39176292844678
7620,19.543313313571215
7621,20.033542272374046
7622,21.689409247588415
7623,24.710363640133128
7624,26.49804905026006
7625,27.17851539190852
7626,26.47711528724204
7627,25.36554660146939
7628,24.205473104926984
7629,23.179712346807612
2900,110.85835840143278
2901,123.61453567105278
2902,132.8280981762573
2903,141.32496430771107
2904,147.05799448058093
2905,150.76084430987515
2906,153.25100393811076
2907,154.89416403345746
2908,154.2705122917483
2909,153.90131969064333
4400,144.3013037337592
4401,165.19668141523658
4402,180.99816330306453
4403,194.42908300589085
4404,205.96748842724162
4405,208.98569536816728
4406,204.50576674993948
4407,203.93540232741003
4408,200.7670552651261
4409,200.0247969362086
6140,98.35979373413133
6141,94.75211255010421
6142,91.70643384859636
6143,96.95664351894797
6144,100.17782238063677
6145,104.05328617498958
6146,105.8831557850781
6147,102.37164850561228
6148,98.67483537644623
6149,102.25363527014301
8840,66.53258361907506
8841,71.89651478842967
8842,74.98948335161442
8843,80.84162569327569
8844,84.60673760748833
8845,87.8723185775078
8846,91.42845965251666
8847,92.7687839283809
8848,96.09276910692049
8849,97.36336863113002
2100,92.15907518809055
2101,101.63733057094399
2102,111.81876362783055
2103,118.5724515720496
2104,124.72187809008702
2105,128.95667285259682
2106,129.83356746622306
2107,133.1937415564054
2108,132.06148483567767
2109,129.83947985067596
8390,76.23151983430135
8391,87.38484497429056
8392,95.65005848308402
8393,102.43230988330879
8394,104.16661925455715
8395,106.740710689123
8396,104.02972796519836
8397,100.62531595633669
8398,98.40922994127388
8399,92.11717594627065
1920,46.681582502337605
1921,42.56840035436405
1922,45.78102261033461
1923,50.61630678113748
1924,55.21231617598936
1925,59.45032392922738
1926,56.13889358902132
1927,53.43413800610093
1928,52.501296749637646
1929,52.252349326748465
5140,88.22681631974362
5141,86.03878161995698
5142,83.54560789887785
5143,85.00370450220437
5144,87.30842767171453
5145,91.11854156665831
5146,94.95393011336746
5147,96.52527382042591
5148,95.13673082766329
5149,97.52285151056265
2420,46.87871380754372
2421,50.93264633919476
2422,56.90272923244011
2423,63.61005076669099
2424,68.5859262514846
2425,71.38540949612516
2426,72.19660963712829
2427,71.66795067627483
2428,70.0241843189449
2429,67.95504504929019
8140,50.574208563550876
8141,65.41463665247801
8142,75.36610944124955
8143,82.49179232171156
8144,86.3334101377165
8145,84.52802209379571
8146,81.73245606714133
8147,77.74486542784085
8148,74.46322309330313
8149,72.81650042443532
1140,21.554482245280543
1141,22.5628204382308
1142,22.878640453395136
1143,24.951006170641403
1144,29.058919057283052
1145,31.60282546318485
1146,34.765117281990335
1147,36.65070788993806
1148,36.39525197657681
1149,34.27997721843349
610,25.64049188854814
611,26.000023628488847
612,26.201328153112044
613,24.645634655670072
614,22.050058119841488
615,20.327088100470828
616,19.518676277055558
617,20.098038973874704
618,20.750366738280015
619,21.959774794869055
6700,155.64289910005482
6701,147.91423368234223
6702,146.96513172056478
6703,143.94752368062146
6704,138.4365669307424
6705,124.4654859059583
6706,116.44393379546226
6707,112.0640310498899
6708,111.57408688124552
6709,112.11126957476002
2140,22.96951640124712
2141,20.19137113790424
2142,18.169895278977496
2143,16.41018497389368
2144,15.494980206100752
2145,16.766991361632048
2146,19.63571188972967
2147,21.66427624002765
2148,25.82708506755415
2149,27.88637072128639
30,130.40717445272765
31,132.7981497111378
32,135.5686159577946
33,137.4202745605576
34,139.06781321447346
35,140.09145916206538
36,141.62112783054735
37,142.76293607931376
38,142.20720467894606
39,140.87330926199076
2480,23.763424169580272
2481,26.812728439025022
2482,29.361029126976106
2483,30.44559703214317
2484,33.76075223389252
2485,32.35368376786758
2486,29.541167962718298
2487,27.962402435893345
2488,25.764717926407236
2489,23.786815786732703
7890,31.65530605979741
7891,22.666651896332432
7892,25.509364885473346
7893,30.38709770972385
7894,32.458448003898766
7895,37.186598535019066
7896,40.676872671594666
7897,42.475841891433234
7898,41.743216997104504
7899,40.28782662492408
5580,132.0082258737816
5581,127.13878695681598
5582,123.79008798726036
5583,118.31358351158678
5584,118.10970685935538
5585,119.60562101981859
5586,118.75528770577921
5587,120.04231804273522
5588,121.80161507736798
5589,121.84930693644661
5740,158.02631525658637
5741,164.73719900144178
5742,174.62672271992028
5743,178.94601073308135
5744,178.32090056381858
5745,168.72331719495773
5746,160.03585078570907
5747,148.37705731528564
5748,138.7432965655335
5749,135.2820636336705
7000,16.27812619121015
7001,17.273283690295752
7002,15.259599749270173
7003,19.765262080369368
7004,23.530981650307957
7005,26.259982817543182
7006,30.07853558788498
7007,32.03595851841919
7008,33.61109170739864
7009,35.226302883570284
5020,228.37973871170297
5021,218.890374152917
5022,208.33402081475137
5023,195.97396672614195
5024,191.27302668581933
5025,188.3077622253028
5026,193.00409929574604
5027,195.18079106375052
5028,195.17727080142313
5029,195.4055909356158
8290,11.705004258217315
8291,11.367665635422753
8292,10.91459931683486
8293,10.850942004969014
8294,10.291216475011005
8295,9.703672950117832
8296,9.692576412226693
8297,9.488902978119771
8298,8.600781115214168
8299,8.825584474781664
9560,55.52989023550688
9561,89.79146448875147
9562,108.7699404533507
9563,138.9133051580728
9564,162.58768653745688
9565,164.33955802042212
9566,174.4304837147187
9567,175.34035713666177
9568,172.40243409622315
9569,181.57008653169362
7380,81.27116875073587
7381,98.58102935015019
7382,108.9687800139234
7383,116.81097810093087
7384,121.2290494664982
7385,121.29859344635311
7386,124.12442172202549
7387,124.70237199624016
7388,124.66249525190452
7389,122.19554434285908
8470,97.4374618925696
8471,113.80815161266774
8472,127.75817439936532
8473,142.5476188370613
8474,149.05331183761814
8475,152.10487109903187
8476,152.0916486636175
8477,150.38155400740686
8478,146.72437027821343
8479,146.85388491954302
9570,77.57730075026763
9571,78.89593077953916
9572,81.09826350206697
9573,49.93789195871757
9574,31.694196639576575
9575,28.63330773125832
9576,28.321427610445873
9577,32.91976042387358
9578,39.748078292438876
9579,39.879201773860544
5220,27.277704338056854
5221,25.886032254246494
5222,24.47830383563594
5223,23.66701972216297
5224,23.66111047902883
5225,24.315459250585626
5226,23.64906506415018
5227,22.74762331236159
5228,22.56689497554521
5229,23.15898144366706
9710,27.047608136056905
9711,27.624608577311264
9712,28.1138464941179
9713,29.324941742842945
9714,29.16267118844081
9715,28.740345442053275
9716,28.939518470889983
9717,28.410912682568796
9718,28.262671801945043
9719,28.297584536306736
9920,78.92789953796112
9921,56.24780098947316
9922,59.034944496460874
9923,56.12718178528743
9924,55.22950071496123
9925,55.13959824399668
9926,51.283521929747934
9927,53.4925300311386
9928,56.85683682576148
9929,57.79450758942161
2610,18.26536189688526
2611,17.916771442899798
2612,17.458375926021212
2613,17.641390838372434
2614,18.537734127191676
2615,19.197673088506267
2616,20.909708096571254
2617,21.615185957507414
2618,23.12151370795882
2619,23.22367189582306
6110,144.06998007420853
6111,128.77025898057065
6112,118.5214952795844
6113,111.03129801172142
6114,104.5624970905257
6115,96.72237760059951
6116,92.0828104216563
6117,99.18430261806304
6118,102.89119081620328
6119,103.68219443137437
6910,17.129949903092335
6911,17.33282202220239
6912,17.14595835196081
6913,17.162981755711442
6914,17.602166232061723
6915,18.733138526191738
6916,18.781424438319277
6917,17.717274366055907
6918,17.681604110731666
6919,17.042591237547153
2740,44.03803227957259
2741,58.27191733881227
2742,71.37684145405106
2743,83.83922468997076
2744,93.20924739037744
2745,93.27221981946366
2746,91.78381609367769
2747,86.29837226496164
2748,80.82246341545525
2749,80.77611713864181
1320,22.36113211181151
1321,17.53666012585613
1322,19.121789922682378
1323,19.46023909851112
1324,19.75574641011351
1325,22.88372330739385
1326,24.741902583252827
1327,26.354498195122744
1328,24.906381484648065
1329,23.797178862889588
9530,65.27110676213246
9531,68.59019292456614
9532,69.0655390285887
9533,68.96618414581413
9534,68.04462200245032
9535,67.80715982554082
9536,67.90032722145484
9537,70.13838879995515
9538,72.47110249638028
9539,73.66262715732323
3640,21.30965994610741
3641,22.165877829953516
3642,24.977111387636747
3643,26.258353926318765
3644,26.493811785614987
3645,26.321285724274787
3646,25.5979110802105
3647,26.606373929598934
3648,27.18304013014393
3649,27.8494304727644
7390,11.561894246422497
7391,10.66854048141986
7392,9.895081763286772
7393,9.15862028638016
7394,7.590291278117068
7395,7.431963861441231
7396,7.905333548684553
7397,7.9429989359852495
7398,7.52175795923953
7399,7.353540373003398
7090,176.97962402430727
7091,175.1609173134575
7092,162.40076466203567
7093,147.936268834037
7094,136.32822332755097
7095,130.82222563125057
7096,127.8032967759573
7097,126.11633190979119
7098,126.32303378005292
7099,122.61457429370007
9130,-0.5226272786346169
9131,-0.5226272786346169
9132,-0.5226272786346169
9133,-0.5226272786346169
9134,-0.5226272786346169
9135,-0.5226272786346169
9136,-0.5226272786346169
9137,-0.5226272786346169
9138,-0.5226272786346169
9139,-0.5226272786346169
3770,119.28542836483317
3771,130.53875887421515
3772,138.6681648155499
3773,146.26965289659648
3774,150.56335043302482
3775,150.84332822823012
3776,149.8089061360351
3777,142.79640235329873
3778,138.0853021035992
3779,136.69070691476236
9810,24.132641376466665
9811,26.034077042535735
9812,28.56564121534606
9813,31.00712540383921
9814,32.315519287510575
9815,36.996675452324546
9816,40.66660516227075
9817,48.86649662215428
9818,55.85895727600452
9819,58.40748778943289
6170,114.91377984185497
6171,113.15042770105242
6172,113.80388457188181
6173,115.87787129763198
6174,122.76045931641471
6175,127.80106271528388
6176,135.01453312536037
6177,138.4319212316061
6178,135.48990619622322
6179,136.49785216832512
830,14.886608395370022
831,13.833610374565232
832,12.984612697837395
833,11.451726473853011
834,10.56376955428723
835,10.248189916121355
836,9.251233173815798
837,9.08820196040888
838,8.821588276814996
839,8.54067087390169
7440,131.85760832652585
7441,146.86523167118662
7442,160.51822019694816
7443,173.45598743556894
7444,182.24284015485122
7445,187.722620816061
7446,193.16891432205847
7447,196.67478097389414
7448,197.9521759406909
7449,202.25733425204686
5030,32.426451662751234
5031,29.131869597858525
5032,28.164830629929885
5033,28.953351786600752
5034,29.80039453873512
5035,31.247263889414057
5036,32.55363960250324
5037,33.599273276568354
5038,32.53228487678188
5039,32.48984616249655
880,7.400806813737788
881,7.853861724372308
882,8.054441072154074
883,9.598886776197817
884,10.858867848640246
885,11.928845297354982
886,12.545466544302869
887,12.641574298287432
888,12.646124672612919
889,12.041071178436173
7250,131.02097721647675
7251,135.84162798232893
7252,125.78750924716934
7253,100.22144201303212
7254,83.92234187691967
7255,63.73869838459696
7256,53.614995242446916
7257,53.753915369935505
7258,58.07963304188297
7259,58.517420485203886
7860,17.690500591161204
7861,21.825831299824422
7862,27.316619643189544
7863,31.73937644290003
7864,36.148089781422
7865,34.641978029011604
7866,33.53188133449429
7867,34.15514957496556
7868,34.08605281978606
7869,34.078197960586145
1420,147.5508484607422
1421,162.85834727355885
1422,170.08219818976158
1423,182.9252972377296
1424,192.05937002809247
1425,192.35664291941475
1426,196.74348973590375
1427,197.25150493638768
1428,198.4467584693309
1429,197.85449607569797
6710,41.4594102184101
6711,42.34940343783885
6712,41.70524452802893
6713,39.84987978166603
6714,37.60162828115163
6715,33.9455166046196
6716,33.113766735218746
6717,33.65070313802572
6718,35.838728983930096
6719,38.84803759505736
3730,47.34116310412665
3731,33.760882320148006
3732,25.055920730687497
3733,21.13834714730123
3734,21.479338115127156
3735,21.192756203576582
3736,20.757996694455784
3737,20.061407966243713
3738,21.436107354236185
3739,21.086906753794835
5530,199.12796416824648
5531,214.20818579643046
5532,233.8267401774953
5533,230.7076325975552
5534,217.40686847264612
5535,204.50791060836823
5536,190.38716050454474
5537,177.14844796967682
5538,175.1209582416551
5539,174.35299952747408
730,63.10959185164768
731,62.562027315626494
732,62.544378870504275
733,62.553999012266594
734,62.044937426313794
735,61.56276000185892
736,64.07144442234473
737,65.6286423724963
738,66.66432427832504
739,66.49050403154678
9210,18.055220561937503
9211,17.498177420104625
9212,15.720357272217527
9213,13.93789887017913
9214,13.468867976154328
9215,12.727433265555293
9216,12.648499014124626
9217,12.461270561891467
9218,11.380784406623302
9219,10.157020274790986
3750,7.615608510529162
3751,7.548857881192735
3752,7.1478424827237355
3753,6.80679291352407
3754,6.7010944613502765
3755,7.1036752257182005
3756,7.788236371018522
3757,8.28842037737838
3758,8.304041614410295
3759,8.155119561790384
1670,103.02847374495002
1671,103.30988891337127
1672,104.01835100682527
1673,109.4320160262547
1674,113.44469143923794
1675,116.65857471980969
1676,119.39889487032603
1677,119.38808965385155
1678,122.96631911598955
1679,125.39379380965639
5260,118.86917166922245
5261,125.35175652274276
5262,131.87990215902073
5263,135.92107079927717
5264,139.71459126404002
5265,141.6880970728028
5266,143.28318562399477
5267,143.95181087058202
5268,143.53353173698105
5269,143.87218302083667
8810,8.360903637838236
8811,10.36567233091925
8812,14.011663306968849
8813,17.678667055575133
8814,20.349636502988844
8815,22.888667143359935
8816,21.62310205348205
8817,20.72689193925126
8818,19.32778624874446
8819,15.775929319919342
210,35.948423737084966
211,34.246673972451816
212,32.59053781959458
213,33.47145465365292
214,35.64792377419486
215,38.655713740787895
216,42.13689014840878
217,42.51342419270664
218,40.61920897796726
219,36.054421781899755
3580,139.88429235625708
3581,152.57728538087693
3582,170.79745057811942
3583,185.18586512106498
3584,189.308824457734
3585,188.5169169148894
3586,183.05954450326095
3587,169.04479639372587
3588,163.24090243755492
3589,156.86471790811328
3500,10.943234905280903
3501,9.664177390536821
3502,9.316738657448617
3503,8.131477306738015
3504,7.981496544269376
3505,7.8669656022929235
3506,9.086752222879191
3507,8.758406180818852
3508,8.924176513303774
3509,8.247103048747384
8160,15.377496510012154
8161,16.128020428397967
8162,16.94623687592302
8163,16.73921750246229
8164,16.47457750439943
8165,16.518897844728613
8166,16.52325027901028
8167,16.613255383171747
8168,16.577075700987702
8169,16.330501967144656
3430,32.30562933248624
3431,34.10396972229411
3432,37.57261509970295
3433,37.0665813709919
3434,35.97217894562146
3435,34.84952314611358
3436,33.60983850540574
3437,33.11649943031007
3438,31.792980559289333
3439,30.06035500257972
3700,3.3105681491822354
3701,2.5634024699928633
3702,3.1330839016889254
3703,3.735086487582098
3704,4.727875271414051
3705,5.413315627729981
3706,4.77141262858481
3707,4.844573095877449
3708,5.45331913953774
3709,5.395185815049151
1300,47.66781298763774
1301,55.15056204618763
1302,64.03605155803574
1303,70.23217936837302
1304,74.08492622020908
1305,76.28483732749048
1306,76.72283352876633
1307,77.6037076021158
1308,78.57775013997568
1309,79.47527634479553
9040,10.218791832219495
9041,17.873659528936066
9042,24.10701165348392
9043,26.445816861409366
9044,27.3538711728907
9045,25.52618314099867
9046,23.35618295206936
9047,15.574981529099666
9048,11.750809817405528
9049,9.23675495340288
6090,74.6288205905069
6091,81.36930658606741
6092,89.87096947226536
6093,95.6628662996981
6094,101.03883993438929
6095,105.35857696089374
6096,106.99192023801704
6097,108.01857095001671
6098,108.31744241974097
6099,108.80903505514428
2380,65.0034762081084
2381,71.0333145536932
2382,74.02182888407684
2383,76.41073823955468
2384,77.44533203557612
2385,77.34989116809228
2386,76.01680429014704
2387,77.4305588895894
2388,77.530620814817
2389,79.41525728033739
4580,34.62431739718164
4581,37.61436847208337
4582,40.34542450007251
4583,41.547262659645774
4584,42.51449687887969
4585,42.11223760883264
4586,44.10886634349218
4587,47.871188367753845
4588,51.39571754486458
4589,52.96296270546442
3610,65.55509696439094
3611,60.29244956171053
3612,58.30553844785463
3613,58.012271995858406
3614,59.54135388010401
3615,59.86817514255258
3616,59.28961761942174
3617,57.18859604668648
3618,54.99050257512879
3619,52.33523305042412
7660,15.644746041094173
7661,15.84351906323208
7662,15.791108393664114
7663,16.20601764910784
7664,17.901367904745648
7665,19.608515553973326
7666,21.730935417853974
7667,23.080032106333498
7668,20.749243389482267
7669,18.01795126274137
3270,115.90639460529881
3271,131.00846418338415
3272,141.24444618175528
3273,149.07474097765788
3274,152.22737244912858
3275,151.4447276194108
3276,149.95775729922735
3277,147.38205171429286
3278,148.26633570036793
3279,148.5980554046447
4250,36.150557301753146
4251,34.379117041080924
4252,33.47215652695748
4253,33.49745673487122
4254,33.879357149747335
4255,35.020366201407775
4256,37.79233259165635
4257,38.20913806208618
4258,38.567282411872505
4259,36.42959091084094
4290,5.787667503628997
4291,7.5174908869114105
4292,9.100186570158748
4293,9.23917788880948
4294,9.235922746750685
4295,8.79643478715235
4296,9.4758364340168
4297,9.81493227762125
4298,10.477203816675472
4299,10.5176876720502
7520,87.14960916818107
7521,86.80401262595498
7522,88.08042010882146
7523,87.86424862501556
7524,89.19226094109796
7525,89.23498579051954
7526,87.5898534330387
7527,89.58364649134207
7528,90.53952282375869
7529,90.48039303843122
4700,132.21436065918806
4701,146.3833156548735
4702,153.85523152883488
4703,161.4382675491977
4704,164.72325005202646
4705,164.06357384675636
4706,161.8567854448881
4707,162.87277283397611
4708,160.52791892220725
4709,162.90207465044892
8880,21.575988975801955
8881,22.829379827728822
8882,21.973085303985727
8883,22.176501657586403
8884,22.86284649566905
8885,24.01641074265939
8886,24.424069574894062
8887,23.869058969285348
8888,23.2453816409382
8889,21.919799116990184
5810,78.20315269961714
5811,92.38891718508988
5812,120.18226406572623
5813,133.26009882856528
5814,126.08783139503737
5815,113.11147333395968
5816,94.72572285743531
5817,87.73732930497137
5818,84.92036820721731
5819,80.79722184554494
7970,194.2885731054914
7971,196.58359513123452
7972,202.3184449560689
7973,211.90295255460262
7974,220.54972089414696
7975,227.05794830864093
7976,232.08617079038885
7977,230.16467311683826
7978,232.29664575089646
7979,231.4586201730926
6640,20.405683743502042
6641,22.133562331596117
6642,25.25747138404467
6643,27.86700114580966
6644,30.470647524043365
6645,30.389121216774555
6646,30.053682994639317
6647,28.89654465840001
6648,28.92906290900557
6649,29.434832318946953
440,44.1854899220919
441,45.48224746493332
442,46.6059453230601
443,45.4623906940959
444,47.283131584612036
445,48.38388711243188
446,48.501793947963485
447,49.34604348872327
448,49.13732711740427
449,50.143656851774104
4660,45.1343565923616
4661,45.98389631717936
4662,45.835993769599035
4663,44.800603426642056
4664,42.88607106582894
4665,41.54110405756724
4666,41.19630601081451
4667,40.36411592804698
4668,41.24719600350363
4669,40.093562903545944
3810,7.069750339829319
3811,7.586325577049747
3812,8.084818531997719
3813,7.39745718601638
3814,6.1671746881493945
3815,10.913810527848138
3816,14.720722251382703
3817,20.77299138516749
3818,27.48262424765695
3819,31.433743020002325
8950,18.05710463475675
8951,16.617582951507956
8952,15.110427104643641
8953,14.024506805499543
8954,13.520310673338967
8955,13.494061180343518
8956,12.601671232633038
8957,12.464674588344996
8958,11.701960151960513
8959,11.155339987012713
7450,124.43286850082035
7451,132.592830645897
7452,138.47705550929078
7453,137.4979167252534
7454,130.02408607481289
7455,127.00776861727044
7456,124.11077544334614
7457,124.61420054444483
7458,125.81982489451369
7459,128.05350966500623
550,23.580914509730285
551,31.22054241165671
552,38.0146592519027
553,48.813781801028625
554,52.93265946573203
555,56.28250038214719
556,54.68052440792785
557,49.29872671760752
558,47.00118467893986
559,50.14763446229395
4300,121.6510783292378
4301,127.21609762971929
4302,136.29188530282704
4303,141.4989185219223
4304,146.8219665557722
4305,149.10606864385898
4306,152.4028010498049
4307,152.44598758391015
4308,153.82241251784365
4309,156.56645686298856
7790,63.304957458286665
7791,63.6157850617342
7792,58.56093388743756
7793,53.58071270655941
7794,50.236062636860424
7795,45.73668688276385
7796,45.23974673360058
7797,45.72231563812112
7798,48.50347060304517
7799,52.74655011351378
6610,12.119232203744739
6611,14.823313942309351
6612,17.560273006394375
6613,18.650738976419674
6614,19.94422307388688
6615,19.49696725175257
6616,18.460026989287194
6617,18.227392005572007
6618,17.884923637064567
6619,18.16950576863112
9580,31.695035223526844
9581,31.80178540608972
9582,32.103489020878285
9583,30.047878468298542
9584,29.430431896022714
9585,27.207244328410688
9586,26.309409161382806
9587,26.886511892371924
9588,28.21898054468541
9589,29.52192816278204
3420,72.76614764777234
3421,63.39494771224368
3422,56.12344974237811
3423,46.94206324726648
3424,42.228461338259116
3425,39.18012021666473
3426,37.55269400231304
3427,38.12435824118242
3428,39.50168415577896
3429,39.37483946643457
5110,72.71216804903409
5111,89.88395540892483
5112,109.04856498995684
5113,125.73109886890927
5114,123.39616355697562
5115,111.98264198872005
5116,100.67069174147413
5117,85.42809109538868
5118,76.35246023202615
5119,71.8537836844714
7460,7.718666888848109
7461,7.346912186797784
7462,6.7489162753801875
7463,6.723954556736721
7464,6.588755287085683
7465,7.868161835167566
7466,8.821509931347594
7467,9.183587630601
7468,10.582669351091731
7469,11.090387183287486
1570,71.23006680097538
1571,60.81418007625753
1572,57.25046425450557
1573,61.461898883142204
1574,71.24895557664107
1575,79.31500699212413
1576,85.62060098913426
1577,85.54425272301697
1578,84.53065445660353
1579,80.76925341301546
5270,13.994780831040293
5271,13.022513511879273
5272,11.291419842717792
5273,10.025524353402318
5274,11.360227803464094
5275,12.676023388923628
5276,13.816104445262319
5277,14.24100144762172
5278,11.840217852084487
5279,9.658026009800036
7900,17.652338801827817
7901,19.324303251877502
7902,20.062148039144862
7903,20.165840933159544
7904,19.40873366385337
7905,19.089068932204697
7906,19.42887498038459
7907,19.90810543054787
7908,22.366739833738386
7909,23.185037800597414
9420,35.689293226942134
9421,39.364493046863615
9422,41.44976343510711
9423,43.33235185104552
9424,46.84751947635877
9425,46.99434446657678
9426,48.89603204384039
9427,50.27692589696865
9428,50.13098740815663
9429,49.806137012429275
7220,191.7849006735234
7221,190.2728646882024
7222,196.14738910060368
7223,203.49882924277432
7224,213.01133459734493
7225,220.36680364568906
7226,226.14468441637294
7227,228.52708641974226
7228,228.6616264115528
7229,227.83201334639355
950,79.28785419388899
951,82.5084973285065
952,88.75353744332091
953,66.20765843367495
954,45.92191617580529
955,39.36180862243633
956,34.95837073154598
957,36.657450009839025
958,35.36008243464852
959,31.32212752937064
9180,77.37609468717343
9181,77.14395106367583
9182,80.77111067267691
9183,85.93530572782315
9184,89.35107492617594
9185,92.47064623569304
9186,93.34188389216371
9187,92.1812767963065
9188,90.01765783139896
9189,88.36834208516562
6790,15.541242453073313
6791,21.01579841386807
6792,28.728040070704573
6793,36.20521615225268
6794,43.152676690395474
6795,43.342204840033986
6796,42.4806567611724
6797,42.667576341312945
6798,43.305923263347935
6799,43.856456969806146
8240,49.748559050023346
8241,54.39504393788642
8242,56.78339144181916
8243,58.49819505785678
8244,57.72594354950913
8245,57.47995758460945
8246,55.65266155199201
8247,55.2584146049647
8248,55.67452118768384
8249,55.39412732789003
6420,1.7600592527188867
6421,2.2615245157102724
6422,2.2979975196733298
6423,3.1161180344234936
6424,4.139239142470361
6425,5.128248772947625
6426,6.4165292588689855
6427,7.823766590335513
6428,9.252594962025213
6429,9.886583749687183
9660,4.039855337621976
9661,3.290254463107967
9662,2.7631342775998973
9663,2.814303726258985
9664,6.478381468236064
9665,12.921503128543836
9666,18.96007662456734
9667,27.80003271894863
9668,34.37921984834991
9669,35.384991675374025
9000,128.16564577216022
9001,103.30383537771345
9002,80.90652062160572
9003,65.55906757241912
9004,55.611220780825334
9005,51.122880516903834
9006,44.55874532516589
9007,44.4059397665068
9008,46.95082918989278
9009,49.44451828808521
1610,68.74360561543088
1611,74.15304079323396
1612,79.51146381739963
1613,83.92084510466208
1614,84.93403681301714
1615,86.02750661484428
1616,86.76050126652345
1617,87.50060353198751
1618,88.85840214837026
1619,88.71950620559726
500,92.02073458613243
501,107.6225616300026
502,119.41861482881247
503,127.12928251504655
504,132.65102021104897
505,132.34990231329778
506,127.77269633787279
507,124.64045478139194
508,121.8875300074562
509,118.84794505225915
8890,59.98000817796128
8891,42.11410183643081
8892,44.98169254745025
8893,50.456007375224985
8894,54.79137644032113
8895,67.0609317615995
8896,74.9942665992117
8897,79.57600361501281
8898,79.52032709479234
8899,74.81883632945596
8510,11.014424122508888
8511,10.535233296936632
8512,10.409298990068619
8513,9.571533951617663
8514,10.554643779972135
8515,11.179037975127244
8516,10.952286219342003
8517,10.609158770066777
8518,10.999499335937395
8519,11.2092673448215
2620,92.86747879373648
2621,99.53303434760122
2622,86.81912268513202
2623,62.61886244426595
2624,49.79677177233407
2625,40.49411507024029
2626,37.170303953541776
2627,36.87238534266915
2628,36.560219135758715
2629,35.15620635111241
2320,16.36601501907576
2321,15.934779347137901
2322,15.856123020770848
2323,14.61286353356018
2324,14.458033627766856
2325,13.719387897831558
2326,13.128813746019471
2327,11.901675966860314
2328,10.963212290592377
2329,10.451732390537506
7590,52.71768730809687
7591,53.63693065458771
7592,55.376709800292716
7593,42.344682921962345
7594,31.453312256260617
7595,24.839602286785258
7596,20.96074369556834
7597,20.00163102229606
7598,19.623620762843778
7599,19.705054840167715
4950,12.5962569511074
4951,19.020996130967255
4952,21.5733626419485
4953,27.16680472508176
4954,32.16455310635807
4955,33.856568248030015
4956,34.785173191141354
4957,33.002641014533026
4958,29.580033864369227
4959,27.87886853448861
8060,19.125388207800345
8061,20.09012712658221
8062,21.63743543581186
8063,23.80202672036178
8064,24.908944196458584
8065,25.636577253324532
8066,26.053996928594938
8067,25.500648317096907
8068,24.828451335504425
8069,24.466117254778133
7750,51.803116216072745
7751,60.313102308153645
7752,66.31808970423258
7753,71.0222494683916
7754,74.82222171762479
7755,75.5314067593301
7756,74.03759722541392
7757,73.11544192766875
7758,72.17834434056854
7759,70.24834638687102
2150,72.7867137809534
2151,60.97383752449858
2152,49.196158854786994
2153,46.01582020072283
2154,45.39326913273438
2155,44.307530487489686
2156,48.35603550883127
2157,49.011645401312606
2158,49.94751989429325
2159,50.41065564327954
9440,20.336027467651313
9441,23.60695590553302
9442,27.458346286630253
9443,30.573700146359553
9444,34.97243088043953
9445,35.686417333055246
9446,35.994882564322914
9447,35.40996364503642
9448,35.59261306940051
9449,37.36716341395076
6220,67.810259643997
6221,66.2493512962381
6222,65.82143192923911
6223,69.84895591450446
6224,72.43219833865315
6225,75.49919544349352
6226,81.34288395743141
6227,83.7698169348563
6228,81.40233615596566
6229,77.64916907671922
5470,48.37220719531949
5471,47.71582409650523
5472,48.28700322324377
5473,46.22441451474901
5474,46.38440714589978
5475,46.65339856804853
5476,45.32887415384393
5477,45.101381215631754
5478,45.20485738077216
5479,45.58477948168899
9070,59.17312278040379
9071,60.0162077338834
9072,60.75919655777434
9073,62.93816932553423
9074,65.89362786597778
9075,67.28572389739595
9076,67.12187868963227
9077,67.42978860192062
9078,66.14689634619131
9079,66.89616861266632
2940,22.884959301740377
2941,23.99531492273897
2942,23.999856197255816
2943,23.5670026109772
2944,23.27415473830015
2945,22.52209606788642
2946,23.14940835929346
2947,23.05026831799043
2948,22.764356057524587
2949,22.812771719868216
1050,79.33154716064888
1051,91.10334213253216
1052,90.8285801915851
1053,87.5537063343246
1054,87.00594799344891
1055,81.07819893017066
1056,80.8293750822605
1057,82.2865885775319
1058,80.97039730366608
1059,79.74326042022975
4460,30.406907532663695
4461,32.22890261442366
4462,30.049196839086214
4463,28.71465198480475
4464,27.725371886888063
4465,27.083123587416917
4466,26.350309517634372
4467,26.349958189378246
4468,25.7572166399452
4469,25.384106660968435
9820,22.523313373969614
9821,24.78911736314603
9822,26.387301417403396
9823,27.579159995962286
9824,29.861319044631326
9825,29.923846748362738
9826,30.564666073573292
9827,31.43404711395388
9828,31.89915800337701
9829,31.882745874314317
2990,83.2753344821631
2991,88.77871025683781
2992,93.17367348438594
2993,93.42283740269991
2994,90.85328218592312
2995,86.64346676305432
2996,84.80006938943916
2997,83.3461010720275
2998,82.1527021874125
2999,81.52007631195956
4710,17.386388428244786
4711,18.976339132171262
4712,21.185810890396194
4713,22.617251021496877
4714,26.84116288719146
4715,29.87100565192796
4716,31.31943159411282
4717,31.40727298588825
4718,29.49686474148145
4719,27.13771716972287
8650,11.990685200280751
8651,11.985668442411306
8652,11.694043165677408
8653,11.906864812814025
8654,11.924509340114584
8655,12.626758852684384
8656,12.895487633274872
8657,13.275023350443675
8658,13.73884695876114
8659,14.15507896708817
6380,70.12905946203976
6381,71.22995117580092
6382,70.55562879790239
6383,73.80352603711064
6384,75.51415214852285
6385,80.14898437730476
6386,82.40687891835816
6387,81.54406041190168
6388,85.16794943644894
6389,86.16671502137677
3650,24.39353125016238
3651,25.652468230638682
3652,27.646532827596666
3653,31.11024273767157
3654,32.46485616205694
3655,35.55822898869745
3656,35.73428920596376
3657,35.44060321960215
3658,38.1035182252852
3659,40.85990087123355
2180,72.90884875113535
2181,80.70216361330621
2182,86.8518246206911
2183,92.91044212834852
2184,100.12811212543889
2185,105.37000862228109
2186,109.40532460703179
2187,113.33828822494216
2188,114.85607616291315
2189,117.83987876256707
9220,19.460335807951424
9221,21.85438900216355
9222,24.17340832405256
9223,26.131994360390756
9224,27.159283831812626
9225,28.196031260471564
9226,27.863287453636232
9227,27.542899233524103
9228,26.849760979361122
9229,24.327876467015017
6240,232.7787264937512
6241,237.32447302955035
6242,238.11448418430473
6243,176.74340385476575
6244,134.40125407878529
6245,105.13891993881019
6246,86.6061666484218
6247,78.7883405507187
6248,64.9189233777011
6249,59.36443608433542
4310,38.465723587283144
4311,36.29134116559929
4312,41.88868427001169
4313,47.801920242877074
4314,54.73980008534449
4315,60.0064317170998
4316,56.73569058333064
4317,53.444081976662204
4318,51.53906536641972
4319,50.68324394375488
5090,110.95722091510541
5091,122.70113495879504
5092,128.21632409161742
5093,130.28735298395006
5094,131.60316113559568
5095,129.21819586465787
5096,126.54941246109101
5097,127.34289319018268
5098,126.94535282974374
5099,126.88025051679023
6430,44.79396919952676
6431,32.574063186642555
6432,35.308049978355385
6433,40.73602765502144
6434,44.13371926116827
6435,52.502084641947064
6436,58.85820073587689
6437,63.12440963732209
6438,64.01693263238813
6439,62.067723261829144
3690,21.17188787916377
3691,23.35336196251025
3692,25.166230578342194
3693,27.272761085404706
3694,25.816917689807177
3695,26.344845310378908
3696,23.741923202873124
3697,22.51827222633404
3698,26.76029738736435
3699,29.846059087109367
4170,118.86033377028585
4171,122.83338236421764
4172,123.85558321200601
4173,127.25680307267197
4174,131.7639509801186
4175,137.98796631019607
4176,141.69812669540548
4177,141.3232835504844
4178,146.20136251408235
4179,148.4333566739595
8710,31.329618816715723
8711,28.831241806824078
8712,26.13141429305103
8713,24.58089280210644
8714,24.17053818691096
8715,24.119973247807575
8716,24.013001618413835
8717,24.395777707846413
8718,23.965351833445073
8719,23.59921975210479
7290,125.10433380514425
7291,110.75793795426733
7292,95.85612753063009
7293,65.97263010808828
7294,52.87464484045556
7295,47.50846312182941
7296,48.82464606567885
7297,50.66339683546835
7298,56.80121169397925
7299,63.594033039570945
2430,69.10429433571886
2431,85.68470912764849
2432,100.92911639817092
2433,113.14739355644093
2434,121.6265775137129
2435,126.12836010734159
2436,127.11682020165975
2437,127.95199183936651
2438,127.31186131491711
2439,124.98913057359388
8310,22.865166835880768
8311,24.4030218614474
8312,24.469645066134884
8313,24.29554615146099
8314,23.65851180032585
8315,22.47427248852143
8316,22.68367855093102
8317,22.860026876403687
8318,22.787791565602667
8319,22.804907071300054
9190,41.18173722561754
9191,65.97478306625152
9192,93.25820057774638
9193,116.95034387542435
9194,113.9248802651662
9195,98.4348503912214
9196,71.81524926789925
9197,57.47673948632685
9198,52.01238475285697
9199,49.483235558372314
5720,14.895832880450904
5721,13.948563881255737
5722,13.607791879563313
5723,13.404444900306805
5724,12.12410433331378
5725,11.771928822787224
5726,10.857981659321224
5727,10.924101157301315
5728,10.951825206497968
5729,10.345112211734868
8480,30.94224934443585
8481,37.21114035706345
8482,35.79892051897635
8483,34.794188991727786
8484,34.293292836652185
8485,35.11957538298016
8486,35.09289574187639
8487,34.513738210719914
8488,34.028758596326604
8489,33.392321425940665
2510,23.77856682126363
2511,21.885120708246482
2512,20.42852395924653
2513,17.709005458657884
2514,16.65985775664757
2515,16.156100341456714
2516,16.238506192716887
2517,15.82069926299155
2518,14.787334030442263
2519,13.968611265784563
8100,85.68572611055747
8101,93.82511055283337
8102,104.60361683870715
8103,110.17025510121967
8104,116.66178424543679
8105,125.9481822103789
8106,130.05066645511354
8107,127.97233137088728
8108,122.55221057145846
8109,110.60332512942108
4120,14.627169215201736
4121,13.855149624817468
4122,14.047636157328819
4123,13.599132341358658
4124,12.984334439016191
4125,11.70937854169063
4126,10.9703582284004
4127,11.09244541222401
4128,11.970492262636274
4129,11.945321557094577
460,17.07038229526261
461,17.945681733467115
462,19.416179566999094
463,20.67031007819541
464,22.390646467942755
465,23.23680406618317
466,23.52178554758702
467,23.61285814247188
468,23.562960460641516
469,23.543132725768558
8820,139.39884245190808
8821,150.11438929981
8822,153.66893580376768
8823,157.36117263791994
8824,163.71891203323688
8825,163.429236681477
8826,160.36116769812855
8827,161.2808157548666
8828,160.48139766432425
8829,158.5115591627494
5170,8.87075929546803
5171,12.621149727644061
5172,14.819572924642063
5173,17.40492510397985
5174,19.043032487414532
5175,20.52690597482099
5176,20.96245677265054
5177,19.846793885359823
5178,17.637793592509308
5179,16.737252206121656
6150,28.553020217352618
6151,28.685740486021924
6152,27.59279835860232
6153,27.092246914029317
6154,26.2736598692472
6155,25.95830229239062
6156,26.012031878611317
6157,25.668164284384456
6158,26.12612704462586
6159,26.006808734285215
9050,117.44277273270637
9051,123.40137588412634
9052,126.99906000634539
9053,131.12236893531323
9054,135.53296318042135
9055,137.9616063876141
9056,139.3337364672098
9057,141.65355558828315
9058,146.43188804265174
9059,150.10806562831706
620,149.4587966985955
621,168.1394115819389
622,183.70676785753122
623,193.29266513267106
624,195.81619058538345
625,196.20791013780496
626,192.43971181439014
627,187.61544837176484
628,186.3569820010299
629,183.75045963478107
6880,79.34307692644836
6881,83.19405851085324
6882,85.26192616082439
6883,76.75701337370107
6884,69.33821839657098
6885,59.30323381721924
6886,53.92833719550349
6887,48.10727524650224
6888,44.6420813611636
6889,46.81937081612311
4590,48.46034097416435
4591,59.94341666255275
4592,74.5017431656646
4593,87.32883219075391
4594,96.91252937520672
4595,104.06364851033382
4596,106.07602029972287
4597,104.5000078151977
4598,102.86840054759055
4599,104.51978418334558
890,29.61043898613305
891,29.84599136080112
892,28.835311880947096
893,28.039900824815845
894,27.119602256909577
895,26.139939138588346
896,25.603509006638575
897,25.23515674484662
898,24.460028254746533
899,23.681208345203313
5650,26.23820686343427
5651,26.859983249864495
5652,26.184696106289856
5653,25.51329895126804
5654,25.081203691432453
5655,23.959933087644657
5656,23.416673688680554
5657,22.967842450880095
5658,22.635604289738662
5659,22.354926532111644
8860,10.522205867311172
8861,10.150391976144046
8862,9.61594271143181
8863,11.457642432990236
8864,12.299869704605328
8865,14.970327392011427
8866,16.919987439421007
8867,17.626318032697327
8868,19.155071463093236
8869,19.34472239892701
6080,12.66632121307837
6081,17.332691326102253
6082,20.34512404237867
6083,23.21854784267707
6084,25.234398493311076
6085,25.32295170513953
6086,25.023256599254793
6087,25.923053501078662
6088,25.988462454744916
6089,26.013007768401714
960,176.4950604868806
961,148.2825768140522
962,117.194557334329
963,87.89265080278156
964,67.1372748234132
965,75.35964895863235
966,84.82618618566121
967,93.46213087895882
968,111.2312744391468
969,119.19181681378993
5820,74.32476056074488
5821,76.25968178970456
5822,76.78562313594264
5823,81.98878137601771
5824,82.42134598173874
5825,82.07811696465673
5826,80.3493521422675
5827,73.52432246498907
5828,70.81191816212383
5829,75.01318053478316
100,7.406897250827306
101,6.733311556985319
102,5.88117790808149
103,5.890260365421991
104,6.858317916331231
105,6.959890565724402
106,6.290694294938589
107,7.3765537527687925
108,7.929920436025963
109,8.896753652499662
5320,189.459545318849
5321,195.48541585898963
5322,206.21413730232325
5323,217.55160290835067
5324,228.9915024030529
5325,235.29859431926147
5326,241.36231697424097
5327,244.13463601260963
5328,244.99619097249627
5329,246.36691775410532
9640,97.56079121466
9641,99.53484691042584
9642,92.77433257173158
9643,88.51242640275288
9644,82.50967248548751
9645,79.13659368576388
9646,80.81459632877849
9647,87.1283289013154
9648,92.11320427610693
9649,96.5492924426078
4080,103.89493030017043
4081,111.71038607153206
4082,117.00816402883964
4083,126.40581357418213
4084,135.1103351515187
4085,137.95700409263898
4086,141.87188233405226
4087,140.9770717268346
4088,137.42851705868358
4089,132.68762076753956
4130,81.88642565048279
4131,94.74380495610835
4132,106.94885339520107
4133,117.38847669110675
4134,123.52466420005406
4135,127.17909458429904
4136,126.91899765842629
4137,121.29682929791683
4138,108.18006589180206
4139,85.46380925900225
3030,27.81174892668875
3031,22.478440064024234
3032,21.442726593617998
3033,19.44656992711521
3034,19.72799440780003
3035,22.512706168788867
3036,22.69205883650202
3037,23.366793281810192
3038,22.575833997103658
3039,22.812911595137656
8170,70.63838647876798
8171,75.27872730926717
8172,76.85384759125712
8173,78.09231037672335
8174,79.27163662800858
8175,79.30918789045111
8176,78.40065291683693
8177,78.85656919404293
8178,79.36005667597193
8179,76.31609775609101
6180,34.49653837517246
6181,36.321397649378795
6182,39.815523309896996
6183,43.36255511559501
6184,47.33212791936463
6185,51.17469971546975
6186,57.19742604646889
6187,62.370453709838486
6188,66.23448180630494
6189,66.58153396630196
5870,36.848745916840414
5871,43.04525700067375
5872,52.076604213730654
5873,58.81383267316684
5874,65.38621314744086
5875,68.49787592231866
5876,69.41908372588631
5877,70.32601500214396
5878,72.40819028973134
5879,74.04047236909716
6440,95.26218595737848
6441,109.14714991147454
6442,120.48743701675997
6443,133.29069779634887
6444,139.33014642440412
6445,141.69486487884893
6446,141.25548498524995
6447,139.1528140591012
6448,135.68140363478247
6449,133.42863163822864
2700,17.759740591443705
2701,17.36674834166911
2702,17.26840405979941
2703,15.747681336929347
2704,16.36710929214219
2705,14.004922670726287
2706,14.032612983686183
2707,15.298193302033045
2708,15.25489425194229
2709,15.886460655030305
7870,6.999800316809111
7871,6.694304446936355
7872,6.859685523265956
7873,6.263647024566424
7874,5.307671816493558
7875,4.582601754078846
7876,4.632952605821901
7877,4.68925825701187
7878,5.763593042067941
7879,7.290749778485264
4420,63.61779039008263
4421,88.78640797550827
4422,111.49594074819959
4423,140.77776985600173
4424,156.4257590598384
4425,159.53063418556985
4426,160.1055468509289
4427,152.23807710637337
4428,150.02611117962044
4429,139.51122066745603
6530,37.82653884223683
6531,35.722937203561614
6532,33.625918278284935
6533,31.705184308079332
6534,30.72483213461073
6535,30.02167110179314
6536,30.338042575535933
6537,30.211976549578907
6538,29.31629755586038
6539,30.03430868355212
6670,84.43529415695328
6671,85.12823495204401
6672,84.78775556878695
6673,82.36376875645898
6674,81.47576630582678
6675,79.04463773257916
6676,75.78246490403743
6677,75.61545518438035
6678,75.31624115792084
6679,76.04370291755194
110,39.18160369857097
111,41.9628630519213
112,44.109973813591694
113,47.243246729344044
114,47.842760714175505
115,47.6514258219307
116,46.63948412844364
117,47.12382691125483
118,47.99131832353551
119,49.37298322377532
4430,54.775739168756076
4431,56.779032243721474
4432,52.653908491558745
4433,46.86707347258312
4434,43.22738732060398
4435,39.6589411292495
4436,40.003349236033586
4437,41.07093297675117
4438,41.325943831012125
4439,41.25066506790842
3590,74.75090871036556
3591,79.53265667487335
3592,84.53158587711229
3593,91.20276923861863
3594,94.85395932403935
3595,98.8742707638215
3596,101.42169862282395
3597,102.14728991819428
3598,103.31212923079758
3599,105.81810071214584
9080,19.544471361897514
9081,19.50110694364279
9082,22.065863412995135
9083,32.249376325350845
9084,38.276918661307214
9085,44.530895255903594
9086,51.32452805125006
9087,45.60125654911191
9088,39.66250314545392
9089,32.79496985857441
5060,23.653093560122414
5061,23.164979380863336
5062,22.333141130593212
5063,21.560093299486383
5064,21.434936975230684
5065,20.036206876781524
5066,20.45479479230731
5067,19.79327664750637
5068,19.507308996257187
5069,20.02817656406015
9720,31.962889359293627
9721,30.50024226285771
9722,28.85365368010502
9723,25.821966142387232
9724,25.08990909407489
9725,23.61189877999605
9726,22.044797876336567
9727,22.947944760066804
9728,22.85054039841533
9729,22.68956213866806
6290,18.14215811524791
6291,19.190174965410648
6292,19.83005634555074
6293,20.1427338163688
6294,20.735314091684767
6295,20.53059045094286
6296,20.93489463905696
6297,20.628816350009437
6298,19.91236178515463
6299,19.79753530570951
8400,55.87808145825763
8401,69.01090657162597
8402,79.86527991315104
8403,87.88689535274236
8404,91.38616947078921
8405,91.21287605003084
8406,90.66774844648126
8407,93.00723184332267
8408,97.21993591549986
8409,95.18075496126232
4510,15.527575478327954
4511,30.296896462969766
4512,42.53850068225593
4513,52.991927742807015
4514,56.876750120262265
4515,56.437479461999125
4516,53.43018144776261
4517,49.05405783644997
4518,44.43257673400325
4519,40.57761672089366
8320,55.69313360282571
8321,55.71210235831093
8322,52.14083654412363
8323,46.96834357262603
8324,43.70893998831839
8325,43.55347804253266
8326,42.24733917193728
8327,39.02312850700304
8328,37.47947884037351
8329,35.07307828237527
60,143.55321751227652
61,151.35631684089222
62,159.8454039357318
63,170.135657177454
64,182.65455529779553
65,189.65716220234776
66,194.5743880533509
67,194.91359292756425
68,192.9640638739375
69,193.57310518960838
2450,94.4932737284407
2451,104.05192333801116
2452,112.41147277921009
2453,120.46418333258151
2454,127.25065433652637
2455,133.1593941497559
2456,134.53522586714178
2457,134.53147759791568
2458,134.19920505352073
2459,133.5866698030709
3380,34.54140055128323
3381,34.87048324847893
3382,31.040711060999215
3383,27.69663739114857
3384,27.266236218563304
3385,26.266608341079735
3386,27.664682756920197
3387,29.54692169226436
3388,29.529769838332
3389,30.03590330507953
8720,294.7682273093267
8721,320.06785817248465
8722,312.1480884808216
8723,244.53568129197697
8724,178.57506966860313
8725,135.44914730391417
8726,109.96835234478483
8727,104.72332004895927
8728,92.86010157656743
8729,90.02062794160757
470,15.973342571960107
471,14.627506461317356
472,13.732416118996891
473,13.369169600681136
474,12.660601748661321
475,12.24535850828223
476,11.789315121843185
477,12.124298502300174
478,11.48390075897009
479,11.335821615292563
6920,72.63778411419383
6921,74.9619749421688
6922,72.3259152213748
6923,69.35621665566956
6924,68.15072221338178
6925,67.03157385975251
6926,67.04774062822833
6927,68.77107280623841
6928,70.32572830406326
6929,72.35471982290531
4990,54.45863812237212
4991,60.008221083359295
4992,66.5656555119773
4993,70.49961615637773
4994,68.85314236607834
4995,67.90586655031923
4996,64.65679593937742
4997,62.03497925059103
4998,62.46948775055001
4999,61.58777801882674
5330,26.72644936500415
5331,26.773861140001042
5332,26.62798213878323
5333,26.30635996866755
5334,25.516709163400613
5335,25.4584258016599
5336,25.32148562352567
5337,24.61380501769876
5338,24.56568210612982
5339,24.27691497626508
6250,93.84098392204959
6251,88.11592759707737
6252,81.23866865428002
6253,64.95690866626869
6254,55.22968296516605
6255,51.36889461138594
6256,50.98209875572912
6257,51.16148084567668
6258,53.1440732878643
6259,54.71533703986391
4780,169.7309979020167
4781,147.34421497190482
4782,117.81796357689481
4783,93.38672337731771
4784,86.91280688738327
4785,78.78559562982115
4786,76.75613342446584
4787,74.12280779009639
4788,80.54342554105685
4789,88.38795281083137
3100,52.86600865433218
3101,50.10049565793281
3102,47.58488201298147
3103,49.68886074409456
3104,51.610309419098655
3105,52.13379649248282
3106,54.97028659297369
3107,57.137984677145994
3108,57.21314722942005
3109,57.161158320216884
1980,161.7862090919494
1981,172.32693476041473
1982,170.23116282102472
1983,167.29291139499884
1984,158.73217443882913
1985,156.0971089682032
1986,148.7394490817744
1987,143.22329726433134
1988,142.70434274909655
1989,135.33826372234324
6450,64.38928602312313
6451,64.05710199711554
6452,64.354923373406
6453,63.563046250932416
6454,64.59892154556577
6455,66.02236175860713
6456,64.2363810149696
6457,64.10476152819159
6458,59.62965729214172
6459,57.9305509998682
1740,27.888836164739203
1741,35.75251196856124
1742,42.63216920806514
1743,48.27335953338864
1744,52.55288884391619
1745,53.603759122038554
1746,55.75831364871584
1747,53.48977776391489
1748,49.126344648184734
1749,45.390683983534366
1150,51.76582456173617
1151,58.909802764779805
1152,70.94892243302887
1153,80.46808222544183
1154,87.89913120102263
1155,92.84058662818674
1156,93.28500611087563
1157,94.39488274559402
1158,94.15557315078556
1159,93.80309623421182
8330,140.40253169622923
8331,141.4742328938043
8332,146.3205458449927
8333,139.2045474650721
8334,128.6366575511507
8335,119.21970225451525
8336,109.83155622678818
8337,104.44283011102844
8338,103.70171277628026
8339,103.91334593793468
2440,56.588247812056125
2441,61.218788712269344
2442,64.0540681907427
2443,65.26938165557812
2444,68.5195506850715
2445,82.2845870174535
2446,90.4957250000277
2447,96.16421742575041
2448,101.18595758864994
2449,93.13797701825129
7800,104.86684215488806
7801,108.62745481682492
7802,115.08799265415365
7803,118.37318581665852
7804,122.99109709481439
7805,127.11984173257713
7806,132.03874141459357
7807,135.59285326251418
7808,138.3687266761751
7809,139.0492295674106
1880,64.57800751511813
1881,67.41770472136307
1882,69.28052001209376
1883,72.0855883518197
1884,72.85179823431235
1885,73.08025393000214
1886,71.29575608719968
1887,66.06663891133988
1888,61.36707332982708
1889,59.34726863818195
7040,16.528144086436676
7041,18.752666683049295
7042,21.146166411794702
7043,22.91098252100481
7044,24.982579402038375
7045,24.68364655047801
7046,27.450826734997477
7047,28.008616128426127
7048,28.26077099865546
7049,27.271342044919333
3160,150.96344307922544
3161,169.60964591569171
3162,177.46619178284038
3163,183.158691534014
3164,186.46183298514583
3165,186.91204557935757
3166,187.27839611682907
3167,187.6720318229368
3168,193.28503105490574
3169,193.5903451693902
4730,13.70234180989779
4731,13.60924002352464
4732,12.780105185201197
4733,12.748573241990837
4734,14.441370720414703
4735,15.594805225594271
4736,18.137789268168667
4737,18.10493574595363
4738,16.35010029673998
4739,14.527139063567763
630,25.981752651136475
631,23.587795014808236
632,23.111684902195154
633,23.48569861879935
634,23.627678184289188
635,25.480477450771094
636,27.312866203700295
637,27.811003938719793
638,27.723934243577904
639,26.482190062178972
7940,193.134673198849
7941,191.2480787072951
7942,190.57749688077558
7943,184.04704153465684
7944,180.98422210049884
7945,181.15736167915333
7946,182.84359119407625
7947,187.7261813711215
7948,195.0722896924639
7949,196.14731227403257
6010,13.769582874053754
6011,12.819114005310201
6012,10.931347067518013
6013,10.126435800867034
6014,8.871088483089078
6015,7.809946387457909
6016,8.490294472240588
6017,8.445542393103437
6018,8.413857770000998
6019,7.662545914709044
2190,60.33901231444117
2191,60.231883148070054
2192,63.408731847142775
2193,62.96098013555523
2194,63.491637195341355
2195,63.9978655082773
2196,62.38462486184602
2197,62.091073131344515
2198,61.5565418278388
2199,61.55678027819703
5890,65.91396264600881
5891,69.25172125049411
5892,75.25109835000062
5893,79.25969441635027
5894,80.00936990612105
5895,81.03247748741555
5896,81.76814985895298
5897,82.68554728303705
5898,83.44813976282595
5899,81.84334321196997
4630,2.6404365117284123
4631,2.714363214336495
4632,2.635162287713237
4633,2.768337656279267
4634,2.6995467023242647
4635,3.171523019344832
4636,3.3008257591137555
4637,3.1072289388249805
4638,3.1078164893969884
4639,2.841663194033643
4750,8.410660143868835
4751,8.742180534529648
4752,9.067170810064697
4753,9.07011069432517
4754,8.89359676818268
4755,8.924208472408003
4756,9.186395379263459
4757,8.71133649210771
4758,8.279740412793341
4759,8.502527969979445
8900,132.7358390974121
8901,134.61133807813786
8902,132.81452355282346
8903,134.05460343440373
8904,137.22226505453708
8905,136.3613448950029
8906,138.44658704090995
8907,140.03874454301155
8908,144.2167249716714
8909,146.0654645333178
5770,13.428892930219728
5771,16.876319929003166
5772,20.000465682638843
5773,22.684500339446963
5774,23.638317355819883
5775,25.69705112712918
5776,27.429701289719027
5777,28.157353558085703
5778,26.245462109688727
5779,22.500844533492618
7050,82.28845456731459
7051,92.23321025133016
7052,101.81641162218261
7053,112.05703767058155
7054,118.07456331489492
7055,120.94011356826104
7056,121.3865563774797
7057,120.73027147101158
7058,122.44831068345506
7059,123.08569116919908
7330,44.293566898135786
7331,49.681017281914166
7332,53.98543177575062
7333,59.4102341050435
7334,63.86954379207006
7335,66.07030750790092
7336,66.11141123181977
7337,64.64221453324288
7338,63.02841129658158
7339,63.994165234996686
3540,11.116820350561646
3541,10.391041284145587
3542,8.959022203274401
3543,7.398869441033138
3544,7.353239671267751
3545,6.94132594521931
3546,6.802833839956049
3547,7.09394081704011
3548,7.081276434692517
3549,7.562120472688308
9230,169.6703025223074
9231,172.4827974146829
9232,178.2217270110035
9233,186.7091578197444
9234,193.71659023560034
9235,200.73517724952274
9236,206.84441793709152
9237,206.70783600813263
9238,206.67515044000305
9239,204.49212583091685
3560,89.66767289867576
3561,100.45835372442765
3562,113.79876697088059
3563,120.39297575010985
3564,123.93443710549653
3565,118.26085280528537
3566,112.06548321715627
3567,109.07568632592151
3568,105.14870816687466
3569,103.43726375178828
5460,62.01658230761016
5461,64.52252343761457
5462,65.56940882106935
5463,66.30542385408455
5464,65.49655172665578
5465,66.63174602584576
5466,66.52546117610542
5467,65.48069851031939
5468,64.14057841689541
5469,64.8249041928206
3760,64.59508394733967
3761,63.36057624737177
3762,62.00226925219039
3763,58.91434480386012
3764,56.79625343315602
3765,57.27932996598284
3766,56.254241632368185
3767,55.93328478537671
3768,57.33350294136065
3769,58.6672450133639
5500,24.847968280292392
5501,44.426458855781945
5502,63.47692656945574
5503,79.27302033599275
5504,89.52512897625364
5505,90.33335908282413
5506,81.6286656976665
5507,75.81220832720209
5508,71.26666768986335
5509,67.80348893223297
1620,52.923351267088115
1621,50.23768836547607
1622,41.18879171133774
1623,34.927138010239396
1624,32.592663197677126
1625,33.21477698335388
1626,31.722864762435712
1627,29.334818354615287
1628,27.30634210145393
1629,25.294324934007555
4380,134.6969771307696
4381,145.17908709308097
4382,152.08677375507668
4383,162.1580176498237
4384,171.33899721426206
4385,176.83710809649455
4386,183.98064828176274
4387,187.77189501609354
4388,193.37916299416764
4389,198.68560722160112
9200,74.83087859821217
9201,77.91112845003238
9202,82.89944255585846
9203,89.4548095737715
9204,93.09341835105222
9205,96.78682255408108
9206,98.61246948948465
9207,96.46539075187712
9208,94.31897891659402
9209,94.04238693364769
7760,66.70299994083364
7761,68.83014106667426
7762,67.61776166553025
7763,66.4453213896413
7764,65.98808193509156
7765,64.38228764121173
7766,65.67891533473049
7767,66.66591706018399
7768,65.57546878736937
7769,65.88350019613308
760,63.202837916793115
761,59.699978597104284
762,66.08247625452793
763,57.07107828659639
764,53.06977080658077
765,47.917290084823286
766,44.28362571149428
767,45.943014071823995
768,46.474896770148355
769,48.42415561650736
3110,63.04317669115126
3111,65.67783973061464
3112,68.64802711015503
3113,67.98005958350674
3114,68.51322794458827
3115,69.24872081797821
3116,68.97162642682599
3117,71.15499674259901
3118,73.70160327875891
3119,74.14536857102682
3060,31.45419459297497
3061,22.07459750083076
3062,26.50632050020052
3063,31.986411755238777
3064,34.92085612982758
3065,41.4405659862362
3066,44.55995455594822
3067,47.304215997766825
3068,46.74139999008817
3069,45.10451500792676
2810,12.300778003479648
2811,15.443005378363075
2812,18.019831685000803
2813,20.478373650765697
2814,22.620485785178396
2815,24.522038135142857
2816,24.895251075213828
2817,25.83308435265289
2818,24.89737907027
2819,20.545697573805953
2560,211.86293165140228
2561,115.3359777338352
2562,82.68720855417115
2563,72.42938235925628
2564,78.22656311238723
2565,87.2278299076062
2566,92.6467539608075
2567,113.03342676516894
2568,131.0086879858839
2569,144.7088965345895
3120,12.635496937130354
3121,13.140199248216518
3122,13.495494834860263
3123,13.446033982348581
3124,12.233063927332003
3125,11.638684720935439
3126,12.159766612541482
3127,12.00360073627719
3128,12.995713764989468
3129,13.430307421748873
650,102.72048671862848
651,106.71360816686396
652,106.57124499685224
653,107.53349768196867
654,107.28109031961856
655,104.6711684276602
656,105.57285207606272
657,107.84157810546927
658,110.6583726109125
659,114.40924113913587
8580,50.42532162198344
8581,48.74706281970352
8582,46.14655117149827
8583,43.099358430959946
8584,40.143102264030965
8585,39.47064860917556
8586,38.23875327998989
8587,40.240934649344496
8588,39.71559462143054
8589,38.695585771654606
4260,31.5098310019194
4261,42.29329783327736
4262,49.73747688242004
4263,58.32051628979117
4264,66.55852087735133
4265,69.57564405346031
4266,69.21307203951093
4267,68.22556521569041
4268,63.76934063529275
4269,62.19407805353513
8770,113.93830120647391
8771,121.55954505025781
8772,125.42888314667164
8773,128.2987755975685
8774,131.71756644964455
8775,135.88892630242216
8776,137.93577014895345
8777,135.84214331923178
8778,133.0522102895177
8779,129.04916519363493
9260,13.092370027065929
9261,12.351177749868054
9262,11.936333684039145
9263,11.763665126136912
9264,11.55803073998974
9265,12.031096619486275
9266,12.017760237171636
9267,11.341572102356622
9268,10.279804560157288
9269,8.56959573581147
6840,139.60775563404988
6841,146.67674901270095
6842,154.45025128171937
6843,164.58972606392567
6844,166.8511063521497
6845,170.71809791175195
6846,167.6875419449603
6847,166.49639741818362
6848,163.26962373434233
6849,163.3706626761713
3170,95.24317305985244
3171,93.06668451285292
3172,91.86146610770147
3173,89.01014816427548
3174,88.203040733079
3175,88.71524982922483
3176,88.906981599842
3177,88.93578985993688
3178,90.1618356153248
3179,90.34310800542536
9940,112.86139685933108
9941,116.58620256908401
9942,122.66717953529258
9943,125.58794996893752
9944,128.3767685435141
9945,132.91478129759548
9946,137.64594228636176
9947,142.1519083328874
9948,148.51519246408364
9949,152.18353089973797
9670,106.88098065885652
9671,112.78179595408997
9672,114.03704563105474
9673,114.03083213134568
9674,109.40208719446161
9675,106.38682784068547
9676,104.66087719220351
9677,105.93459931385227
9678,108.98337860897988
9679,111.46702166858118
9830,106.40302013165682
9831,78.76413146093066
9832,63.847935181674586
9833,62.49901155562327
9834,68.32055605523463
9835,70.86400979140656
9836,75.39853023561587
9837,83.93270612408104
9838,89.8644222188305
9839,95.48669992923365
1160,4.063979323901914
1161,4.67928422136878
1162,5.239294750410891
1163,4.5987338202603345
1164,4.504400097989149
1165,4.211861275591085
1166,3.5962598358805504
1167,3.4141883284849373
1168,3.071195483251773
1169,3.2854797109171665
970,98.32022018489809
971,98.42769990215973
972,98.66839914671813
973,96.3743724694252
974,92.84265927169483
975,90.45856792220731
976,86.55524568203457
977,84.65449375932599
978,82.05716602595318
979,82.11553978361349
3780,114.61038323127832
3781,116.38136648554035
3782,102.75058647103191
3783,90.51428760505829
3784,76.34364562889617
3785,75.39768599054167
3786,74.58627074319242
3787,80.07505201996928
3788,85.0993882800847
3789,93.62756978402427
3040,24.3782322975649
3041,25.939724324695145
3042,28.06670157558883
3043,29.390829656884847
3044,28.736399280399198
3045,28.706220513126496
3046,28.48834753619881
3047,28.580414701462544
3048,28.846679503513705
3049,28.336356785488086
4390,91.44033901101673
4391,90.56961483067838
4392,89.97190008357725
4393,70.69396376099738
4394,63.55143374332252
4395,55.44931420781331
4396,50.2686450557123
4397,48.995634843773466
4398,54.956690345331126
4399,60.1253151533033
6470,50.64976790154239
6471,49.63482199306509
6472,49.50729107279544
6473,48.47121108282943
6474,47.10745262152789
6475,46.522377070180895
6476,46.37392339831951
6477,47.19072683324573
6478,47.83407999516521
6479,49.030049865800464
2520,228.0080022350245
2521,221.75640636898157
2522,217.79796042332748
2523,216.81387583354575
2524,216.99891430706714
2525,218.70183187041644
2526,220.97167354161297
2527,224.80861599190797
2528,226.95109548261786
2529,228.889231266256
6020,29.126444805617282
6021,39.25133347237659
6022,44.32157231597509
6023,52.154965254895515
6024,58.961529117447455
6025,60.52032876323861
6026,61.223721411024684
6027,65.09327169087334
6028,61.9077892202878
6029,61.44299527576365
6960,28.852375139957104
6961,30.260821587952734
6962,31.024556225158335
6963,32.932720415470456
6964,34.82022078947627
6965,36.27222117113823
6966,38.00740378573762
6967,38.656908156642956
6968,37.63616864948587
6969,37.15429785589747
9540,22.17760922246165
9541,20.977352034297823
9542,17.39058510441275
9543,14.499518382015513
9544,13.627101675038398
9545,14.313205481550849
9546,14.968264062075889
9547,14.577814087925532
9548,14.057762047541978
9549,13.932887993534091
9380,16.372910190639605
9381,16.012144566035172
9382,16.538493355970893
9383,16.858883995111718
9384,15.892445602355252
9385,15.406920470154905
9386,14.79186697677565
9387,15.07650275175877
9388,15.018731192730176
9389,14.861706120976862
7120,92.19312429921965
7121,99.9363490414733
7122,112.67471507699368
7123,113.2348894077811
7124,108.22151518629153
7125,108.0336954592513
7126,105.31645418174134
7127,105.9321644377163
7128,109.51356704934605
7129,110.45477096862874
7950,66.91845510112576
7951,53.197317947586896
7952,46.39581596815408
7953,39.96821215419066
7954,38.14069944676524
7955,38.68249259559614
7956,37.78303168648078
7957,36.72263014494597
7958,36.76263330955588
7959,37.484906260817645
9450,168.2646262033881
9451,181.08535302820766
9452,194.48612105649298
9453,202.55962169489774
9454,208.92644118736
9455,212.0267448545484
9456,214.43007447730662
9457,213.51436753939674
9458,211.87283185265233
9459,212.13890333547195
3070,4.595247834084072
3071,4.807419510608344
3072,4.854192667251567
3073,5.2698136291002005
3074,5.167976363620888
3075,4.357146748178338
3076,3.5054298473942698
3077,3.1493935618256153
3078,2.5551786782168717
3079,2.483204135878008
2390,32.69986162404156
2391,36.44651838915737
2392,41.75733558274577
2393,46.23274058458817
2394,50.4093290164175
2395,51.07938987649158
2396,48.8519430925775
2397,49.87616687900736
2398,51.8814521516061
2399,52.30107373980261
8450,120.63744257634244
8451,139.1058794165937
8452,155.72196992717522
8453,170.8290200269584
8454,179.56897971072922
8455,177.85679732073007
8456,175.3526567230101
8457,174.84783610303535
8458,170.01347912622782
8459,169.26735390749673
6770,65.01244039111873
6771,73.50220961118356
6772,79.38345098238995
6773,83.07232887668721
6774,86.53261497868485
6775,88.78927319628849
6776,87.2081664500399
6777,85.38703703027267
6778,81.20430984898819
6779,77.76476827189254
3130,10.80751229309086
3131,9.74021546786852
3132,9.32333188085708
3133,8.519837897679253
3134,8.750026687565096
3135,8.574351009105607
3136,8.301345251528062
3137,8.910120139757632
3138,8.941352696890878
3139,9.504680486725082
9860,53.06266714196943
9861,56.10807037029838
9862,61.35231968850931
9863,63.36632073883348
9864,66.84725603362936
9865,68.54541000153468
9866,67.66729272797832
9867,66.60715939154024
9868,66.93053207910825
9869,64.98955736779556
3840,162.08313226341835
3841,152.55600485361612
3842,107.72522616371562
3843,75.3251584799915
3844,60.1361579636414
3845,48.27477104644421
3846,47.56793545456054
3847,47.414350285617175
3848,46.084537435419435
3849,46.32066562363734
8420,32.29495768676884
8421,34.94125082095427
8422,36.52333212507401
8423,35.868440993967766
8424,34.71346297985105
8425,33.35226163148248
8426,34.032236175911805
8427,35.58435215046871
8428,36.772639521288426
8429,37.492702508270014
4000,3.832949362426813
4001,3.0731998714286615
4002,1.8962212067098676
4003,1.2551739017850863
4004,0.8262152800024567
4005,0.9276656130896015
4006,0.8442658908583458
4007,0.8839282556265697
4008,0.8910887198308335
4009,0.9396705126890215
4190,174.65965192377115
4191,121.33242587477247
4192,77.6248807063642
4193,52.287317288774716
4194,50.7186078449777
4195,54.771238016949425
4196,60.08093164856733
4197,74.49697104300103
4198,85.20737961414785
4199,93.17463091809668
1630,10.056164073596097
1631,14.608058571842076
1632,18.48672163058398
1633,18.250840754669554
1634,21.11031773943775
1635,20.881643698971327
1636,21.009030304468787
1637,20.476292655194943
1638,18.013319200708487
1639,16.925205115139057
790,14.342289398809903
791,16.552646590234414
792,14.701530756589488
793,13.82299771628681
794,13.13819815027199
795,12.253826860483134
796,11.116936957932497
797,10.752852521561465
798,10.964081928174567
799,10.873934235634065
2070,35.097867598767785
2071,27.755617123319794
2072,25.89578565630869
2073,25.19009892119223
2074,25.93678620821332
2075,28.280935371400552
2076,28.842599806105163
2077,30.07426473013731
2078,30.000578365689194
2079,30.017344842378463
6720,13.731793106367181
6721,13.330700919931985
6722,11.991154977753684
6723,11.727820755922778
6724,12.060406315464085
6725,12.902335946922603
6726,13.536079342134398
6727,14.429412181981062
6728,13.92029195028566
6729,13.388857269232645
6300,176.9845121237396
6301,180.9527699676064
6302,178.90678314589312
6303,173.53731270149683
6304,169.29450346646027
6305,162.77517436212668
6306,164.0754700352353
6307,166.20362328343072
6308,168.01690813944055
6309,173.74678670789993
6730,35.282790158097626
6731,36.749242561895926
6732,36.81896523125521
6733,37.43256652472816
6734,36.59193020748733
6735,36.54371683113909
6736,38.05590154346518
6737,39.33762954244579
6738,39.0909621500797
6739,38.942114877649274
7340,28.301443784960043
7341,26.981042546410123
7342,25.395416165204274
7343,24.417090053473295
7344,22.264423884564614
7345,21.608656131955584
7346,22.260262314807626
7347,23.460049056589916
7348,23.322340310920723
7349,23.22122612424928
5780,67.41382436819453
5781,69.13427470410139
5782,74.84103680030793
5783,81.26364088691966
5784,87.88074268242896
5785,93.52229760648889
5786,95.5829005150639
5787,95.77466763287751
5788,94.25075779139296
5789,92.59382685385661
8180,24.611205148192532
8181,22.764424697964195
8182,19.99434886879172
8183,17.72995661082848
8184,16.26610616580785
8185,15.203379664813266
8186,14.337682960091001
8187,14.309009089869036
8188,14.154466471682591
8189,15.245228892431967
2530,15.993175102245047
2531,15.882798966180879
2532,16.068603964893462
2533,16.61417994903122
2534,16.962394029138025
2535,17.004798556511545
2536,16.95566825424378
2537,16.56661198190519
2538,16.43714148557564
2539,16.114653295581892
300,30.493405817019337
301,28.009222031247752
302,28.11283930249831
303,29.7296635749235
304,29.089657185845546
305,28.129318989188903
306,31.777866713723142
307,34.83658528309822
308,40.490893034384115
309,44.82619348539849
9280,44.79309789298491
9281,41.22791795837689
9282,45.637458649246
9283,40.04194255651337
9284,35.41309837052986
9285,31.692929867289855
9286,27.890404867738013
9287,28.126985320160806
9288,27.36646422256365
9289,27.379467970388536
1350,66.31604412276181
1351,68.41192046144603
1352,71.28216308855443
1353,74.53560796996248
1354,77.40782744279274
1355,78.94646225607218
1356,78.42508518785652
1357,77.99812008882924
1358,78.92661231093768
1359,77.91255183956098
2870,92.12934226205027
2871,112.82191543433807
2872,129.98403366412518
2873,148.07100582357134
2874,148.73073380058773
2875,137.4429293760761
2876,122.3928328424872
2877,112.18113471665175
2878,111.87704590425314
2879,113.75908040847074
8340,216.29799177427822
8341,232.4842325614526
8342,245.48267290847718
8343,253.98441130029403
8344,259.7911666959564
8345,261.58006879410533
8346,261.77199148298587
8347,261.81269026854625
8348,258.2306228460657
8349,259.84868097748773
5370,111.63617388511085
5371,111.19153631899562
5372,104.63176273399299
5373,95.03585327487136
5374,90.64876090900296
5375,86.1246145830082
5376,84.75681499867522
5377,85.29017755337574
5378,84.84476103217636
5379,85.57335630579844
3180,146.62880778884187
3181,142.11994910112332
3182,122.98662757300883
3183,100.87499988702402
3184,88.84496347184619
3185,76.04662990108052
3186,70.92622820970173
3187,67.36056439884989
3188,69.16390324186648
3189,71.6898285498194
5150,44.227081086459286
5151,35.46072099930154
5152,32.26912141039433
5153,28.871662533145518
5154,29.96644235859234
5155,31.203548242753484
5156,31.84229351731102
5157,34.17449621752571
5158,36.067675067468144
5159,37.46227175265134
5000,91.44096511017511
5001,102.18665314041405
5002,109.31295562156627
5003,114.06767416441434
5004,115.74478002124735
5005,117.58305386259667
5006,119.08799077290135
5007,120.75256276324515
5008,124.34641988977019
5009,124.5317555741849
9470,58.7826499274731
9471,64.43033011409423
9472,66.20289921237013
9473,69.45715942319848
9474,72.79839788534431
9475,74.89977531683299
9476,77.27480013544891
9477,77.75035522465194
9478,79.32285508551138
9479,79.07984164120654
6410,7.686434391245744
6411,7.70935476389632
6412,7.739744008420802
6413,7.759383088291482
6414,7.875740005406547
6415,7.438211014533914
6416,6.75471609810875
6417,7.351731547562133
6418,7.09892297830258
6419,7.503289817337942
1800,163.8843052946424
1801,174.44848057716683
1802,177.46023843742017
1803,175.04892267859577
1804,175.61355971090097
1805,172.7954947163719
1806,172.93303058982735
1807,173.3201211991352
1808,177.01872677447085
1809,179.25284779221533
9840,68.83458636827605
9841,81.28752926934894
9842,89.8698464477715
9843,97.65752465980728
9844,100.85946717310077
9845,103.74993574316949
9846,106.19551386846061
9847,107.88888781104153
9848,109.78790925195104
9849,110.96228856136266
1890,10.845783794938104
1891,11.460891494284482
1892,11.031762565231013
1893,11.026011473692812
1894,11.77480414628427
1895,11.666802946842635
1896,11.872854238219144
1897,12.764967904881253
1898,13.004442896220073
1899,13.685091748313535
4520,173.62031195597189
4521,177.21658279864403
4522,174.1142163540841
4523,169.5110834536223
4524,163.64864195297713
4525,155.3444503451053
4526,152.29619363307495
4527,150.51407943717632
4528,148.26424028172505
4529,146.8213531494049
2030,135.99598986903592
2031,122.39417590292194
2032,111.37157043086185
2033,74.38019010351633
2034,51.98873313394107
2035,42.419460731567355
2036,35.78403276790374
2037,35.20586395813583
2038,32.60725294823355
2039,33.66263917999898
4600,23.615959587010153
4601,22.043820244441093
4602,19.68053072510294
4603,16.198456189016234
4604,13.816387786876334
4605,12.800498022241904
4606,11.494034295570732
4607,12.181834219461207
4608,12.172078903943994
4609,12.069350247731549
8750,14.097533195109577
8751,17.088441349370342
8752,17.96922343563825
8753,19.363628974767156
8754,17.802316288121325
8755,17.08392125631274
8756,15.57225245389996
8757,15.24013821543511
8758,14.764911968193664
8759,15.679063126843438
2650,7.961328519154884
2651,7.741503819721254
2652,7.950958386953065
2653,8.119500679261893
2654,8.156528232088817
2655,9.477051721952922
2656,9.139372709987814
2657,9.420713648187554
2658,9.341038192377894
2659,9.145287861938204
8430,67.41413131079435
8431,69.82614852128756
8432,72.9631985407717
8433,76.6983741686096
8434,79.3556459827226
8435,79.25936348118204
8436,81.21726922171283
8437,83.43540939400742
8438,84.78704989804493
8439,86.72045081200392
840,45.746020574686725
841,45.5637601999247
842,45.78990369825567
843,44.74361855785738
844,42.933092767404865
845,41.988177099374944
846,39.837937400633095
847,38.62874903732091
848,37.45508532566742
849,36.56269092830405
400,130.31083851364127
401,144.93140911166637
402,159.89077180513465
403,171.18423618935145
404,177.7604259689563
405,181.13849360097188
406,182.88666952121864
407,183.27532659535882
408,179.59220665463414
409,174.66436391440067
5590,203.8714597505687
5591,202.3789741781291
5592,209.88739012096187
5593,186.71977159349447
5594,172.2941375299878
5595,161.45602223675735
5596,149.9068436746676
5597,147.03628821211962
5598,140.73386771797834
5599,137.3439845438605
2670,147.82724754195573
2671,114.5139262564247
2672,97.15218636752215
2673,94.47787102898931
2674,85.92207992554228
2675,82.33477494861894
2676,79.21019576734977
2677,80.71542921912597
2678,81.68134182314398
2679,88.77175759378999
4930,165.49760286136666
4931,174.43256838343711
4932,176.71326979274366
4933,176.7168754518671
4934,175.61376064671794
4935,175.11425676958459
4936,173.21456666370378
4937,173.0353376720272
4938,172.7441287050591
4939,173.8014743672862
9360,69.5928470585354
9361,48.45278517778452
9362,37.94224069905161
9363,28.778642231698544
9364,27.25773149747574
9365,25.255590991096675
9366,23.760047843345628
9367,29.95939321902064
9368,36.45125953769097
9369,41.284712311239055
6570,50.160464357684916
6571,41.483793536398736
6572,35.12702430606831
6573,31.33863980685007
6574,39.710493482825896
6575,54.41158634585361
6576,69.22865282674452
6577,86.30320102074761
6578,87.74996493556827
6579,82.0145206454389
7100,32.3343529556322
7101,27.905428821778223
7102,23.026798632801476
7103,20.623913420416283
7104,21.888714196121377
7105,25.40434286091446
7106,27.534954610868496
7107,33.715808703311254
7108,38.730469562686444
7109,42.1011689860001
4140,109.88996468811624
4141,113.88936123617509
4142,113.90360651599462
4143,110.7919461846239
4144,109.79761646338466
4145,105.72270428026931
4146,103.4634601196826
4147,101.79882655272678
4148,99.65094645214083
4149,100.41380390740886
850,20.292680460751786
851,22.22685505218357
852,24.50697244632865
853,26.584828494294875
854,28.70366392553511
855,28.936381819386803
856,28.58948403628985
857,28.106915958527885
858,26.44420461939906
859,25.079433452907693
5160,24.118098957586504
5161,23.81736491077112
5162,22.973986648943352
5163,21.10274629367691
5164,19.41809163632474
5165,18.619369839887078
5166,18.882403159894
5167,18.929735906875962
5168,18.335496510977144
5169,17.337900577614725
5930,6.617950758887972
5931,7.6483571991126595
5932,7.9711254815327415
5933,9.80874311879006
5934,11.652093509172024
5935,13.616073762141369
5936,15.473041895281575
5937,15.779139701030601
5938,15.319584707319866
5939,14.375721500274507
2880,37.70320210805148
2881,35.595621616502044
2882,32.718050964512074
2883,31.839448851949548
2884,31.381159194190573
2885,30.484007191587562
2886,29.934805640988113
2887,29.33490820151208
2888,28.9190101563158
2889,28.803805161171454
1220,44.055978019475475
1221,48.41765844884939
1222,51.708129541725626
1223,53.557620843163676
1224,56.711262087812784
1225,59.87852088769469
1226,60.377452144675416
1227,61.126107844599645
1228,60.211525282317936
1229,60.67565903455986
220,66.92658229712589
221,70.38893121424672
222,69.12348668978156
223,71.37175548423215
224,75.95408094348528
225,78.41779405208607
226,81.54503465376806
227,84.46919380115095
228,83.30145305821918
229,83.62029007826077
5120,33.81891906612185
5121,38.54440388077315
5122,40.17670744963347
5123,40.76430454476069
5124,39.5203036795687
5125,38.51100848042206
5126,38.35728633638463
5127,38.89130546110883
5128,37.858331272259576
5129,38.531215002619234
6560,138.86058794817035
6561,144.41207423993478
6562,142.65410406509193
6563,144.64141715029734
6564,148.67894661803732
6565,149.93065064583186
6566,153.16143168693947
6567,154.6612360284979
6568,155.97591906812593
6569,156.8720248963223
3720,50.41402790010963
3721,52.72294441766835
3722,54.59353093886761
3723,55.79066022466711
3724,54.00933781182252
3725,52.58763529594182
3726,51.63525573725579
3727,50.56520692397052
3728,49.06404977858801
3729,48.30498625859785
1330,23.4726184676036
1331,24.59866825707497
1332,26.725374403177653
1333,28.791040864615898
1334,28.77483663974248
1335,28.49821716595082
1336,27.23616096005834
1337,25.818379757964586
1338,24.44429878299558
1339,21.835279338220076
9480,46.54089952463403
9481,53.104978724946776
9482,60.69072705117025
9483,69.45864364099461
9484,72.5884119093256
9485,77.88578419706641
9486,79.64675860292745
9487,74.54964090512703
9488,74.41768346689392
9489,79.15418136229195
2750,229.88141576961164
2751,225.69535725685188
2752,220.86945904142473
2753,217.62454183358446
2754,216.33741968871314
2755,212.81287972592926
2756,212.7337493981779
2757,211.85866361306026
2758,210.02539327276682
2759,208.18706387071478
8760,134.4340700424276
8761,106.54734060042495
8762,86.8234109704862
8763,80.36913550240789
8764,75.0366462296847
8765,75.62470787164683
8766,75.89597976479436
8767,71.6438970974325
8768,75.36182670823902
8769,84.16580095873765
1640,55.123115784630784
1641,59.62229248084432
1642,62.013917945573056
1643,60.57218867416848
1644,59.612692066191286
1645,57.92473253013067
1646,56.378798363749844
1647,55.730788692606
1648,56.15332523799854
1649,56.29183446039855
6390,16.59603608771834
6391,14.648222921569856
6392,13.545654894302832
6393,13.44991715488505
6394,13.202772030129887
6395,13.145449499232496
6396,13.376382368265318
6397,13.576236119890195
6398,14.592936829882511
6399,15.075769759273342
2080,18.479566888443152
2081,17.461086363817103
2082,16.5309038555352
2083,14.69965458373106
2084,14.080617972446213
2085,14.17646835580656
2086,13.573863499244545
2087,15.211758476417383
2088,15.712466329657275
2089,15.222746086835457
8960,22.913725360884786
8961,26.09702913491363
8962,28.610300106194035
8963,30.08371739684027
8964,31.32025880419151
8965,30.59054873101489
8966,30.085786672164172
8967,29.575014409150498
8968,29.108671598408293
8969,29.317888705452084
8110,70.48139960929257
8111,74.40680781380675
8112,81.62737481360699
8113,81.36624223298394
8114,89.22438450345341
8115,91.3953822401979
8116,90.05720917938373
8117,93.14862760226009
8118,87.55974099284172
8119,84.75339123017822
6820,24.91357338241521
6821,26.323913235638166
6822,28.638601996057695
6823,32.07136220862648
6824,34.16995779730792
6825,38.61228458138066
6826,43.19805746036211
6827,47.49519964117517
6828,52.550050733837345
6829,53.7514661365566
6850,17.54406773818343
6851,19.881414450773455
6852,21.0460618191341
6853,21.7517566998351
6854,23.161814321709315
6855,23.28519625121995
6856,22.376850592404455
6857,22.919742200850934
6858,22.457251161760247
6859,22.768802547435676
2950,154.15593598772276
2951,144.42802368946025
2952,138.43377062160857
2953,133.32721321509356
2954,130.23035392481063
2955,132.32871483127215
2956,130.70952219751382
2957,133.0005398129993
2958,134.28897156844369
2959,134.13280595804997
4410,12.907622434893657
4411,11.882399281753973
4412,11.252894747940719
4413,11.28541076420087
4414,11.076477293072589
4415,11.031253510410055
4416,10.93942633031485
4417,11.17851933509303
4418,11.761807972140794
4419,11.304791613906378
1850,23.260986761453832
1851,18.225624281615808
1852,20.115786620800773
1853,20.99090558372214
1854,21.460633904573264
1855,25.009747304442698
1856,27.589637317628718
1857,29.61207426355101
1858,28.939142904864475
1859,26.959518582329444
8190,232.0759981820297
8191,187.9865132665313
8192,160.4968771850231
8193,143.31111159049354
8194,125.54056727439938
8195,117.19152316064141
8196,108.75447038879467
8197,104.59226599000088
8198,101.4372297869109
8199,106.48763285212829
5280,12.319616102850052
5281,12.788821948001265
5282,13.04051868851261
5283,12.54918339635418
5284,12.514048680431218
5285,13.859107698373698
5286,14.081062226668045
5287,16.449086463311353
5288,17.460270735422846
5289,16.74000381688768
3850,138.931584342596
3851,139.91190278934235
3852,133.78091005167266
3853,135.21986700563207
3854,133.97189244967393
3855,133.86600675620542
3856,136.4328342797593
3857,129.70013069519763
3858,133.3347880544695
3859,140.71385856996193
3960,9.87174164233039
3961,8.615127372590472
3962,7.731194507112978
3963,7.40640333421851
3964,7.192203544137424
3965,6.972725393023714
3966,6.520106781613535
3967,6.580028255220331
3968,6.965151990375556
3969,7.6403381724828385
7630,23.35584867569147
7631,21.865480570652487
7632,21.48333581794113
7633,20.359318629939217
7634,19.43726241297529
7635,18.220923723551778
7636,17.797666344575873
7637,18.189461849825694
7638,17.55498087826872
7639,18.19987362533556
800,3.596228865182665
801,3.5588721346808523
802,3.738147185986362
803,3.715288326043922
804,3.86873265466373
805,4.542640185218427
806,5.913229782765179
807,6.505408001281388
808,7.186545655219863
809,6.132300000764925
8850,74.36562143501035
8851,62.25437370268376
8852,64.76196389224208
8853,69.8884551504387
8854,81.50887141926651
8855,93.36895070228036
8856,102.72624904633336
8857,109.37271136240251
8858,115.30365358315869
8859,115.37378479346718
1090,72.72235582355113
1091,81.98299819386821
1092,85.43330722003347
1093,75.43526179744063
1094,64.42127227172205
1095,55.36504840593584
1096,53.854640951315325
1097,55.19162034318262
1098,55.68269054751472
1099,56.720345065088466
1060,136.85449105513857
1061,127.5826642840947
1062,121.30167915535165
1063,120.046688486177
1064,120.889316479472
1065,126.3304456714746
1066,133.50180240546612
1067,138.9713278709391
1068,142.06842489197862
1069,143.87447878187538
8070,18.152607956905864
8071,29.565409591310075
8072,41.935759013315874
8073,54.69683394913899
8074,63.3745943700777
8075,63.51751837247137
8076,59.295279959918005
8077,55.480383903015905
8078,52.79767255244387
8079,51.65236758967313
9400,150.19770815200957
9401,149.51015835188053
9402,151.09305482557065
9403,155.3976910107919
9404,158.8672759243102
9405,162.47213174580912
9406,165.34380072977592
9407,166.0006398904931
9408,166.375884799671
9409,165.4212162279757
8000,84.74556724402211
8001,89.0239966813975
8002,75.04566080175832
8003,53.035799252717744
8004,41.727867928694394
8005,34.823814221671924
8006,33.09968253683419
8007,33.62202968376559
8008,33.9699141685539
8009,31.978268241885417
9680,64.27103842798712
9681,66.4086416873553
9682,67.34414988463767
9683,67.1380186603404
9684,67.30014641488879
9685,66.62592967798624
9686,68.58229832786473
9687,73.3453859037368
9688,76.39893879756555
9689,80.17119361853987
9590,43.18186669612865
9591,50.056244359524506
9592,56.74172697238768
9593,64.19760265553592
9594,69.80230658608168
9595,71.87654030728243
9596,74.36615619720689
9597,74.81223230128677
9598,74.8623201721483
9599,71.89879766742298
5210,253.1685893447718
5211,230.1010161308169
5212,240.4452283138665
5213,204.82401443319273
5214,183.04483409215584
5215,163.75368967949356
5216,135.6218432919556
5217,130.99116186584047
5218,129.42911764855756
5219,129.48641653224192
6580,18.80854142618817
6581,20.835846991608328
6582,22.235703790085907
6583,23.967552190750087
6584,23.967654658144884
6585,23.671591790095295
6586,23.926660606036716
6587,23.729163761127694
6588,23.955463477342022
6589,23.934280638505292
1270,22.26672761231282
1271,26.93205531382185
1272,30.16019346385655
1273,36.446379818591936
1274,39.49629232149282
1275,43.99556811968718
1276,48.36109564193674
1277,51.43932913663039
1278,51.05031039272289
1279,47.57813344745495
8350,162.66516418208766
8351,162.14823370380276
8352,160.1946796619884
8353,158.56847905115237
8354,158.86599130128621
8355,160.4452774246307
8356,162.5317618868279
8357,166.16418059351452
8358,169.45328765692
8359,172.40660417103496
7710,62.952212161104
7711,65.19092322282509
7712,66.0893290778458
7713,67.81506417021644
7714,69.48560780923388
7715,69.90233524265622
7716,68.8838503461979
7717,69.29581529834235
7718,70.11179485071244
7719,70.8418833121674
5540,92.54667122342684
5541,102.4543805114545
5542,109.35591046356572
5543,114.51422164234309
5544,119.66067258128348
5545,121.18191897438021
5546,120.69052358774138
5547,120.79626387031712
5548,121.17996972836922
5549,123.2501038207382
4090,88.32247577808234
4091,88.28724735870446
4092,96.31920856771552
4093,104.25638959010202
4094,110.66889268094255
4095,118.1245113449107
4096,117.62092824695014
4097,116.78829512652885
4098,119.15492430509238
4099,122.00362881695689
6500,54.16787777626638
6501,54.15940173130414
6502,54.78457843332813
6503,57.19981388712446
6504,59.56044946780597
6505,61.612504978732915
6506,60.739220208423426
6507,58.06380280336562
6508,56.009494365551326
6509,51.72375211197749
1170,56.522965465677814
1171,78.170745424537
1172,92.65611767934804
1173,113.37394532725222
1174,120.64481444186869
1175,130.06437845779794
1176,141.02317330135412
1177,151.5315196402192
1178,160.77986816919523
1179,162.06702640523076
3490,113.6070033287971
3491,123.8370774250085
3492,129.504366324275
3493,132.7777089031807
3494,135.4306697666292
3495,133.16564489389623
3496,132.90191985589155
3497,133.60225353011538
3498,134.63653251803356
3499,137.93573014796166
3510,77.53205743579056
3511,76.42018680795243
3512,73.10644662218859
3513,72.50038761989462
3514,74.25256716284862
3515,76.47973013560278
3516,77.52992445214225
3517,78.54051459476564
3518,81.2744517939865
3519,83.20407812293332
1690,138.8706961235094
1691,134.87762788922745
1692,132.0705151430011
1693,130.51745145536444
1694,132.51679927927154
1695,135.34257420051233
1696,138.9415905841472
1697,142.54750522500464
1698,146.7728449822688
1699,149.8935132633436
1720,37.230793799006065
1721,33.301404836072074
1722,29.265795779093963
1723,27.05042447395141
1724,26.880722937396268
1725,25.437137527036278
1726,23.410936329644663
1727,20.770178451622094
1728,19.421736486445177
1729,19.072981485202217
5340,31.60650369032699
5341,23.516352839211535
5342,26.227748777042144
5343,30.748317850877022
5344,33.62611804442781
5345,39.41138265818152
5346,43.50640547299431
5347,47.23661641017223
5348,47.03438602985505
5349,45.58289009758032
6940,110.1309472669235
6941,115.07552617451876
6942,120.74331241935113
6943,129.32167772255025
6944,137.0063289684803
6945,143.9264088852812
6946,149.2735589940621
6947,152.11604078021946
6948,153.96524005106266
6949,154.2312896863261
8590,5.132987561469507
8591,4.342381848469765
8592,3.833971067246811
8593,3.766073389853897
8594,3.983953602888719
8595,4.031907948480638
8596,4.115148937254699
8597,3.943246360430508
8598,3.738604822549818
8599,3.8168798170298057
2820,38.99557797320428
2821,51.24022155213928
2822,56.6599861757969
2823,60.909198112911156
2824,61.70216475890781
2825,58.873364700352994
2826,57.11038090449644
2827,57.04329862683262
2828,56.20745405103848
2829,55.46238288206381
7810,200.435195389536
7811,160.07241651769414
7812,118.68396586713521
7813,100.16318428861253
7814,103.90525767131516
7815,103.75653511056822
7816,102.72254496932933
7817,104.38538067386442
7818,108.6039793451239
7819,115.1289220876706
6320,27.230688153616015
6321,28.08651971235018
6322,30.197660648440642
6323,32.52353800529068
6324,37.88689766381943
6325,40.81912698669048
6326,42.12590904214003
6327,42.95337806364766
6328,42.99807554513883
6329,43.08950393807385
4490,68.58742462550953
4491,74.72965611757098
4492,77.1247623401297
4493,79.67479336131893
4494,80.45954140472014
4495,78.30961593789092
4496,75.12091469362515
4497,72.79084359861861
4498,71.75595075216035
4499,72.21065306217565
5420,33.25869401950237
5421,38.14865491876284
5422,42.14659104801924
5423,46.05510580970082
5424,48.458384078274605
5425,52.016233563307345
5426,54.59190219086998
5427,59.96434452676138
5428,66.99018249968998
5429,69.51229188373046
3010,49.87408454591289
3011,53.496693050594445
3012,50.139910101623606
3013,46.63501206982621
3014,44.280744829860595
3015,41.368719546180834
3016,38.504744153020965
3017,38.08103459025448
3018,36.974478740504736
3019,36.719150574171856
2040,110.96069979784627
2041,119.58267647120542
2042,115.04919272573919
2043,98.6741940574526
2044,85.72878422190809
2045,87.02857819125347
2046,91.36659809561597
2047,94.58135600854662
2048,102.48870309324525
2049,96.92798765500108
5790,23.574500890321843
5791,18.876399406397567
5792,20.717941807113085
5793,21.656521026991456
5794,23.172284246210676
5795,26.891708885761624
5796,29.293334185706904
5797,30.351833760371623
5798,28.978894585609503
5799,26.916824186276287
8680,57.36841900535661
8681,66.55960442930797
8682,69.25642042638384
8683,71.16075264163138
8684,71.433150324503
8685,70.9942058262198
8686,71.64242184767879
8687,73.08723712388675
8688,76.70696962337817
8689,77.75777305517894
3440,35.89504002908545
3441,37.14448675837636
3442,36.72230845831423
3443,36.31537248943302
3444,35.55453722684794
3445,35.82352569460475
3446,36.99400632524254
3447,37.3120786417209
3448,37.146706716925436
3449,36.56480145817417
920,41.07930287347197
921,39.275086895060035
922,37.40613670387017
923,33.8458752033778
924,32.5208866556382
925,30.74720418996614
926,29.023545479479544
927,28.007686247639526
928,27.765757726937963
929,27.89647726602831
8490,34.42141976961814
8491,24.934463679038256
8492,28.003884433973163
8493,33.1255467784794
8494,36.14660536120918
8495,41.548160462596016
8496,46.70891783866017
8497,49.382308937396935
8498,49.416252831317465
8499,49.47870590829013
4560,151.21926246220315
4561,166.69846253100445
4562,172.53491943805827
4563,179.35244766326906
4564,184.932802246368
4565,184.89855441766034
4566,187.97793444158322
4567,188.71154974027303
4568,190.42694255448015
4569,192.38235710671046
9460,206.8734905981404
9461,201.30060138890371
9462,199.54345695414202
9463,200.72197180571885
9464,198.2848310973003
9465,198.978671365614
9466,191.41986958669713
9467,180.56643986887093
9468,177.7219390973295
9469,172.74122066689156
2830,182.26574668366777
2831,187.66060766390035
2832,188.58749457772439
2833,185.97659842543104
2834,184.41979756603928
2835,180.17771885362683
2836,179.56429539639632
2837,180.1639797708044
2838,180.99985183002082
2839,183.62477090621655
1180,150.42818349520326
1181,144.58602050795795
1182,149.90729137851758
1183,150.3258762016174
1184,147.90381623386116
1185,136.59310374685546
1186,126.00096203581556
1187,116.04076725090869
1188,114.15415708811885
1189,112.49760103231787
2630,78.87215771342014
2631,78.32859968391165
2632,76.59549677894499
2633,81.09520229668516
2634,83.94351046564351
2635,87.78178677572781
2636,90.20625819524012
2637,85.94017314224524
2638,82.93250334035471
2639,85.69413247518459
7670,80.48941266150081
7671,86.58286637892226
7672,89.24912655084027
7673,86.21890199208575
7674,83.9677312672889
7675,81.46976528872526
7676,81.79133212071054
7677,81.6476016646271
7678,81.78844476070756
7679,81.27613495977424
6860,77.95830652323875
6861,81.32616611454829
6862,84.03245896093138
6863,68.79375911885403
6864,57.47367999029143
6865,48.01334367636414
6866,41.314511917057075
6867,33.3406687025968
6868,29.405481164576866
6869,32.43503046870483
3630,37.87704312134982
3631,35.88522305519052
3632,34.178416113133714
3633,37.202893411094195
3634,39.88609722864556
3635,43.76347538940699
3636,48.21136010536875
3637,47.89060842732709
3638,46.87521354214307
3639,43.965072438462
5750,181.29327537882466
5751,171.21077782024926
5752,159.9386848007517
5753,155.64958285929316
5754,152.97991586306273
5755,156.8995404648278
5756,164.34199061284716
5757,168.71163860453294
5758,174.97174343011352
5759,178.2966738037149
4880,98.45866831850418
4881,107.76099495772338
4882,113.56966371742578
4883,120.10833583815143
4884,126.25034242105613
4885,129.36313057558334
4886,133.81286933685456
4887,133.8224054849847
4888,133.08126055199915
4889,132.36941166305616
7060,84.32951505822199
7061,86.73246712385684
7062,88.74077191238797
7063,54.61697116735422
7064,35.67421154661008
7065,32.15441946417157
7066,30.633340586525893
7067,31.17278917205212
7068,37.20420059967978
7069,35.65818533854414
1680,-0.26664516443901265
1681,-0.26664516443901265
1682,-0.26664516443901265
1683,-0.26664516443901265
1684,-0.26664516443901265
1685,-0.26664516443901265
1686,-0.26664516443901265
1687,-0.26664516443901265
1688,-0.26664516443901265
1689,-0.26664516443901265
1750,36.89248194663326
1751,37.81314550170331
1752,39.615497104034844
1753,41.148578374684554
1754,41.590636752945365
1755,41.4293197187515
1756,41.05652563956879
1757,41.088215213551564
1758,40.851955907815096
1759,40.44842303628255
3520,37.60160785470606
3521,30.366755965828794
3522,28.043611056208007
3523,26.756729370483768
3524,28.488138268131568
3525,29.333502924776926
3526,29.307700111897685
3527,30.192301045281425
3528,31.73927216492863
3529,33.23024136823134
3320,-0.26664516443901265
3321,-0.26664516443901265
3322,-0.26664516443901265
3323,-0.26664516443901265
3324,-0.26664516443901265
3325,-0.26664516443901265
3326,-0.26664516443901265
3327,-0.26664516443901265
3328,-0.26664516443901265
3329,-0.26664516443901265
5080,25.55245144232059
5081,27.925213091994912
5082,29.646032310059322
5083,29.6813076220487
5084,30.477208390197212
5085,29.412601996297624
5086,29.70189357886424
5087,30.293225421038194
5088,30.228531370548595
5089,30.059057141374424
1230,16.97497462063692
1231,16.436189234967728
1232,16.003365333263936
1233,16.4959215635042
1234,15.845331827802525
1235,15.632362133047977
1236,15.844468975268622
1237,15.538926758275124
1238,15.359164857286135
1239,14.922004555521543
7170,17.45206236544925
7171,18.39432701260855
7172,20.1502504367323
7173,21.697432884506895
7174,23.903726211630588
7175,23.439294677606615
7176,22.52199451146313
7177,21.679988488155985
7178,25.093156659835785
7179,27.047167653854427
8730,152.7517878771618
8731,153.14283737895062
8732,148.66558514985778
8733,148.5042436423089
8734,149.8266153640189
8735,147.5023194155838
8736,149.16803064196426
8737,148.03760859548134
8738,148.0252682517533
8739,148.6510759627379
570,27.00220076236627
571,27.41850120278254
572,26.03441447207549
573,27.203498279279426
574,24.604483483462815
575,22.943521138801536
576,21.07129247595629
577,18.287954792092307
578,16.67052240149519
579,15.738618315802569
4320,40.94871878538753
4321,45.64685023018873
4322,49.00569634481974
4323,48.45830630985384
4324,45.18635022805296
4325,43.22563978573801
4326,40.50123405045926
4327,37.37125516172034
4328,35.4418744678399
4329,34.01410107476709
70,26.702643077681742
71,29.93546707556033
72,31.32176873377977
73,31.463668715091053
74,30.300243797636284
75,32.03889325589967
76,32.90482364921217
77,40.610646708868735
78,46.48152831527061
79,47.877661943328675
350,14.344391366164855
351,15.022355421315538
352,16.28207232240385
353,17.652718077836436
354,19.623784139764652
355,20.99796948101111
356,20.136798739674887
357,19.250871012006534
358,17.029139424732918
359,18.50491205101163
2570,99.92980814207581
2571,86.68782572770074
2572,72.14565693978268
2573,57.27093714948944
2574,47.02785506288299
2575,42.02752488326309
2576,37.237451404240666
2577,35.08621435543738
2578,38.19884505052906
2579,41.306401130209615
2710,41.04100431541818
2711,48.2245384866998
2712,54.875968172032955
2713,63.18454356527309
2714,68.38743017050794
2715,71.90566055453168
2716,73.40621862600794
2717,73.69772813752809
2718,72.8436081653247
2719,72.58258472545535
2890,62.29876346732453
2891,62.48937165607197
2892,62.878094782220955
2893,63.69885181810993
2894,64.97258460226132
2895,64.23800792874377
2896,64.13316909106686
2897,64.9809791841392
2898,65.13495332918538
2899,65.82232646352809
2910,12.573419517969333
2911,12.400730292463535
2912,12.726840265351655
2913,13.04036012639028
2914,14.35860340167202
2915,13.822110814871555
2916,15.008201098239084
2917,16.75974434628275
2918,17.279771741988625
2919,17.74074530855625
1810,15.424298516102606
1811,13.591431522397313
1812,12.388460766729049
1813,10.324138743262864
1814,8.799864691082833
1815,7.984196941688017
1816,8.025689324482698
1817,9.061420162188458
1818,9.00223789427825
1819,8.357603292081976
1900,19.571912152323687
1901,19.139044705240686
1902,17.691610103309284
1903,16.117334146817353
1904,15.232985896810039
1905,15.345492976203822
1906,16.012930000419786
1907,16.61050554020271
1908,16.38543181163726
1909,15.706959059397938
6190,98.8805936974079
6191,114.51800099216543
6192,131.60127102165703
6193,147.4070955799393
6194,158.86912082599167
6195,167.88889848526628
6196,171.0328432755991
6197,161.89407428858277
6198,147.64669701432456
6199,130.68700352193372
7200,59.81958091917814
7201,57.285100887831966
7202,55.87097367714641
7203,59.13743623313424
7204,62.221047953738484
7205,64.18772428637565
7206,69.26135577963576
7207,70.08597706466163
7208,66.17374610277486
7209,62.17322310979098
5690,34.52173267664954
5691,34.97127006310163
5692,34.57873932434959
5693,34.26260124065189
5694,34.23096649793038
5695,33.04846168570796
5696,32.48243676327093
5697,31.50772618088893
5698,30.21038122797738
5699,29.540774292636968
4670,92.06640116319531
4671,96.24940954846434
4672,102.25016428344023
4673,81.37527614338023
4674,61.28283089331403
4675,50.18599650440852
4676,42.470940699734925
4677,41.42675680880251
4678,38.044497473066755
4679,34.31248148740668
6970,110.75716142722658
6971,112.78689271985537
6972,113.43231885191607
6973,115.35333226962838
6974,119.39113700322264
6975,121.78059940049546
6976,124.17693237087983
6977,124.15800489231401
6978,123.07763760354442
6979,123.39836918181119
7230,136.60933777703326
7231,154.36744055188058
7232,166.35482196752181
7233,178.2884179784587
7234,187.3359369204805
7235,188.10350578643622
7236,188.86640926943565
7237,191.2598844428555
7238,192.05363245189454
7239,193.7274464738258
2860,45.58349927509875
2861,49.0599659907581
2862,51.18565712592938
2863,52.10842673704921
2864,55.067769562723505
2865,57.66281913409576
2866,59.74598454550355
2867,59.642865017444265
2868,59.20040355316039
2869,59.13154748222627
2200,136.3799849130193
2201,140.1219590421595
2202,142.71065975825144
2203,145.39854668782937
2204,150.19281600136128
2205,150.94952927883392
2206,153.38429144394613
2207,154.755205927356
2208,156.56042166801768
2209,158.83570246181878
3280,119.42644089175958
3281,116.42352558952254
3282,107.52163836024158
3283,99.50843737546174
3284,94.66391911131869
3285,89.37127827054059
3286,87.33153912649897
3287,88.83447290647803
3288,87.29090919272835
3289,88.47719756466535
3660,43.95198834130489
3661,44.35212533414206
3662,48.88207197660617
3663,52.34494403908794
3664,54.185362231562436
3665,55.777981572364084
3666,55.16271362286394
3667,56.82053616967019
3668,59.13480374707406
3669,58.480655389088525
4640,231.81964148954552
4641,239.93563486235672
4642,245.63924924809913
4643,248.63122134153193
4644,246.23708454937844
4645,242.5986899381055
4646,240.02659035103545
4647,232.3662802597221
4648,228.34781498692394
4649,228.927751319432
2720,60.969215642927125
2721,65.7122349293296
2722,71.2971696552177
2723,74.76090219376613
2724,78.79025005821991
2725,82.3339506340431
2726,84.41791074638412
2727,86.00922058085594
2728,87.50587215261292
2729,87.35611265260988
5480,60.802193814283
5481,65.67271652833173
5482,66.44885641867317
5483,65.55328601135918
5484,65.14559165351199
5485,62.66276463316811
5486,62.16971626184168
5487,62.38529344062093
5488,59.907256000388614
5489,59.1481594838305
6030,52.755466549109485
6031,60.1983034171991
6032,65.5981446463488
6033,69.076887537909
6034,68.10062178244817
6035,68.30366246432726
6036,68.4256310079969
6037,67.7749335202893
6038,68.79651988953538
6039,69.27712855188636
3910,314.84194526487676
3911,305.69367344099044
3912,294.4090399544612
3913,281.21572607027616
3914,274.2170548174267
3915,270.99702826936937
3916,268.4218287959333
3917,269.20743186631773
3918,269.4562900221144
3919,269.7454036407197
5290,24.11683789261413
5291,35.4505265855543
5292,42.71173062687878
5293,52.72715304892768
5294,61.01679662314449
5295,61.61019816344208
5296,61.219342939095725
5297,55.565072568472345
5298,49.507904469098946
5299,47.0082310925544
5630,15.087414948000045
5631,14.321695790147809
5632,13.125996044459331
5633,11.432105509302264
5634,10.366198558003754
5635,9.12612019323042
5636,8.161337618706083
5637,8.133539365712704
5638,8.644839984935745
5639,8.980374483933446
580,20.416336647866192
581,18.46631085091541
582,16.509869204050514
583,13.656263262881176
584,12.564049472696055
585,10.970866180931596
586,10.26430308270896
587,9.422562097517078
588,8.240732266746532
589,7.708612953934619
4810,31.07419698084076
4811,33.85701828299564
4812,36.686241380383336
4813,39.435983099233496
4814,41.271800270837005
4815,41.12125372387125
4816,40.47172420037657
4817,40.379442230599054
4818,39.2033082811423
4819,38.840219961120056
4890,119.31586966046262
4891,138.4719218648758
4892,159.67050779346022
4893,176.15996404045953
4894,188.3317299126025
4895,193.14571895289848
4896,191.74767446857595
4897,191.23363776739305
4898,191.4152885622338
4899,194.57961491706737
770,21.863647790810504
771,22.574873976197267
772,23.85499962690008
773,27.913009927858745
774,32.50929916686901
775,42.03672949907168
776,54.724513142844515
777,68.16353326464676
778,84.8015947304509
779,91.90135405098435
3290,133.4946397637302
3291,147.04633957843555
3292,158.84603277074967
3293,168.99149074793323
3294,176.6432227797141
3295,181.75259850391765
3296,184.90123641743924
3297,183.65675046361267
3298,180.59814921003493
3299,179.86682783038975
5970,-0.26664516443901265
5971,-0.26664516443901265
5972,-0.26664516443901265
5973,-0.26664516443901265
5974,-0.26664516443901265
5975,-0.26664516443901265
5976,-0.26664516443901265
5977,-0.26664516443901265
5978,-0.26664516443901265
5979,-0.26664516443901265
9600,67.85321677258253
9601,65.90933924845928
9602,73.4228737514196
9603,73.03602830981768
9604,74.5400047888587
9605,73.58940164474325
9606,72.73787043019655
9607,72.40495644151247
9608,72.5909881536156
9609,71.22962860795607
660,39.290171828499
661,39.32428766732257
662,38.609783509787164
663,37.90132931918061
664,40.4582240982099
665,38.963091818595316
666,35.85225358562761
667,34.893915197298824
668,32.44848875038286
669,31.305903667074404
3390,43.58262060171741
3391,48.0833502107276
3392,50.58610244225049
3393,52.968072467487566
3394,56.06361499974244
3395,60.84217050549407
3396,63.015163017705575
3397,65.57541649093898
3398,65.66446917503086
3399,65.17914750833388
9930,25.84718864753978
9931,29.87691035317173
9932,32.379219690059855
9933,34.97866326889822
9934,38.78114510337967
9935,39.17905207852816
9936,41.83602859713055
9937,41.96946555845021
9938,40.44184869738428
9939,39.539465259785516
8570,45.79970726047652
8571,50.90207094465201
8572,54.56621113676408
8573,59.890031429246946
8574,65.1688993642505
8575,67.53936256721066
8576,68.32956523962795
8577,61.3227590467526
8578,54.54290295248587
8579,51.66144080351708
5510,18.3619087312516
5511,20.82903783655215
5512,24.147185056160335
5513,26.434264389967595
5514,26.54952429835838
5515,26.94061482653761
5516,27.049130673303043
5517,27.875644924023213
5518,28.39581232342975
5519,29.523229660533204
1990,34.205128220034204
1991,39.40718515753923
1992,43.68508902981195
1993,49.26774561071076
1994,50.86427036681356
1995,51.378402911381244
1996,50.97483842657694
1997,49.52409063840789
1998,49.67167673894366
1999,48.50065438048648
4330,22.459851273370766
4331,23.03346394817848
4332,22.495387213952107
4333,22.69234915514975
4334,22.42476988143042
4335,23.595070166829153
4336,24.408552757912926
4337,24.808453743543794
4338,28.317236474671937
4339,33.13090917779707
1470,-0.26664516443901265
1471,-0.26664516443901265
1472,-0.26664516443901265
1473,-0.26664516443901265
1474,-0.26664516443901265
1475,-0.26664516443901265
1476,-0.26664516443901265
1477,-0.26664516443901265
1478,-0.26664516443901265
1479,-0.26664516443901265
1820,15.085316211628115
1821,12.720402462861696
1822,10.84826583833851
1823,9.290334253368037
1824,7.882182964380549
1825,7.716243649770302
1826,8.169810773059323
1827,8.304299846664492
1828,10.593571243380506
1829,12.70825223574094
2760,119.5357852974104
2761,140.22667078813265
2762,159.0411141946663
2763,170.7272288785552
2764,178.94836678245662
2765,182.74431645198382
2766,179.36237122788333
2767,176.48484540131128
2768,175.70470511267115
2769,167.13578282505043
9090,83.89439690626739
9091,90.40561305641972
9092,86.96956072073277
9093,87.12539123781352
9094,88.22008718571435
9095,86.19347533531216
9096,86.05292345163024
9097,86.80347721337432
9098,86.74827949845005
9099,86.88414153224569
7300,168.70270117078582
7301,139.2657030581522
7302,117.85961217595322
7303,97.8129266738402
7304,89.88848787097479
7305,88.0710717952353
7306,84.8957832817176
7307,77.8452378234345
7308,78.5231638826562
7309,83.80368552281087
7480,75.94110119750795
7481,74.32786580586404
7482,73.85578988411086
7483,73.14130249756094
7484,71.97044789026523
7485,70.89395766745412
7486,68.18549695075026
7487,63.45937798703649
7488,61.16230308219924
7489,60.66651488217526
3710,37.52296283791834
3711,38.72792862986804
3712,40.61818852033352
3713,40.72341116292814
3714,39.12565544095682
3715,39.16165847998416
3716,38.875686559905944
3717,38.86045361579116
3718,39.00504586209435
3719,39.55260112455342
8540,7.256239687554947
8541,7.199028070821207
8542,7.996097221440982
8543,9.239920701532512
8544,9.666597938975793
8545,11.426694106602055
8546,11.007350877241644
8547,11.03071700047962
8548,10.900581403988344
8549,10.400732577488109
3920,81.46867759763708
3921,70.33459284258652
3922,59.153670874415454
3923,52.5689153780215
3924,44.126645124767236
3925,40.844260379112455
3926,35.16643562494983
3927,31.609016282996556
3928,32.2300201906979
3929,33.375741062893674
8220,32.897420248107984
8221,34.30067190946189
8222,32.8714428660509
8223,32.56221477746958
8224,31.560510240115853
8225,30.703018875117863
8226,31.09560511020996
8227,31.900185698194733
8228,31.10847562969203
8229,31.106083119823083
9320,12.99582077668159
9321,13.039501395469168
9322,13.867027319414493
9323,15.614596820771002
9324,16.202031831250757
9325,17.18728256674155
9326,17.898013385038638
9327,18.52254560271948
9328,19.929547198855197
9329,20.008477761514136
7360,72.13225170486692
7361,85.64464544982602
7362,99.86632903400972
7363,115.11796587887112
7364,121.94777442470757
7365,125.41292719393532
7366,125.80750499428092
7367,127.13619202353354
7368,126.72478814138476
7369,130.2498165919154
6260,94.12612452029666
6261,94.0964649730163
6262,80.3688421893283
6263,55.76541213487624
6264,43.5280299245627
6265,36.02675924948883
6266,31.806277907347194
6267,31.899295146439314
6268,31.783158783192555
6269,32.195209994966994
5620,163.1163137522409
5621,178.04177346675883
5622,184.1380971762392
5623,186.83968858434122
5624,185.44997887805243
5625,181.73252911168407
5626,179.28695431600914
5627,175.58001564665037
5628,175.32527995914603
5629,175.29526227903943
3450,7.131476006070303
3451,8.109147646057497
3452,8.589919753601876
3453,8.936733121655173
3454,8.751298166128482
3455,10.055017584107642
3456,11.074685314031996
3457,11.75932601927893
3458,12.582302977930045
3459,12.692918738380481
2280,40.99401558276437
2281,38.97144306026144
2282,37.06524149009782
2283,33.76910683241149
2284,32.22861046360179
2285,31.382720765562624
2286,31.099802952531235
2287,32.162837885102036
2288,32.894345952564336
2289,35.31728060738289
7130,23.859611449210014
7131,25.365962467375482
7132,26.47970787511832
7133,27.187188487321244
7134,27.61178420891822
7135,28.04461778320186
7136,27.998839686985196
7137,28.090239175182383
7138,28.743220208223192
7139,27.824225521959796
2460,20.27600481677278
2461,19.633206840393616
2462,19.86816434934626
2463,18.313701435692778
2464,17.405981057765562
2465,16.153978059759567
2466,15.468005294020987
2467,15.15779953788212
2468,15.227005972153325
2469,15.231467903399178
2580,169.37622005930598
2581,191.84591465025375
2582,207.07706328004485
2583,220.37194764943376
2584,233.35687247337606
2585,240.56545588609572
2586,248.30137901534115
2587,251.78491515082038
2588,256.5131808147655
2589,260.25582195156187
2960,17.39312467256454
2961,16.931476078415656
2962,16.904167834668034
2963,16.267062081182026
2964,15.52069254785538
2965,15.709322191132582
2966,14.981705142851055
2967,14.660533847346464
2968,15.173122787489259
2969,14.800397656908999
1100,9.871486029794104
1101,9.129926389227494
1102,7.938464667308676
1103,7.802452781185922
1104,7.87045765517912
1105,7.907919704718541
1106,7.789078736476
1107,8.039914427849922
1108,7.840400358296073
1109,7.6925120466464385
450,79.28300659123201
451,85.75970031852208
452,93.45029480120482
453,98.9506712520199
454,103.31023778621343
455,106.81685934217899
456,108.76649643178791
457,110.56360250446555
458,111.82397622361401
459,112.42045644254375
3790,17.90204245578777
3791,20.322450638408323
3792,21.895340734055722
3793,22.850669162895414
3794,22.88126818167129
3795,21.641125675584263
3796,21.510644354727027
3797,22.13960201876631
3798,21.80964444348576
3799,22.68144615387547
